product_sku,store_code,gross_price,currency,price_type,valid_from,valid_to,source_system,load_timestamp,batch_id
SKU-639988,CHK,21.86,ZAR,Regular,2024-05-25 16:26:00,2024-06-25 16:26:00,PricingEngine,2026-02-24 03:55:58,BATCH-20260224-01
SKU-639988,USV,23.17,ZAR,Promo,2025-05-13 18:22:19,2025-05-20 18:22:19,PricingEngine,2026-02-24 03:55:58,BATCH-20260224-01
SKU-637110,CHK,19.36,ZAR,Promo,2024-03-26 08:29:51,2024-04-02 08:29:51,PricingEngine,2026-02-24 03:55:58,BATCH-20260224-01
SKU-637110,SHOP,20.52,ZAR,Promo,2025-08-16 09:37:36,2025-08-23 09:37:36,PricingEngine,2026-02-24 03:55:58,BATCH-20260224-01
SKU-600602,USV,28.02,ZAR,Regular,2024-06-16 03:43:15,2024-07-16 03:43:15,PricingEngine,2026-02-24 03:55:58,BATCH-20260224-01
SKU-600602,SHOP,29.7,ZAR,Regular,2025-06-15 14:20:59,2025-07-15 14:20:59,PricingEngine,2026-02-24 03:55:58,BATCH-20260224-01
SKU-991579,USV,18.2,ZAR,Promo,2024-04-12 06:45:39,2024-04-19 06:45:39,PricingEngine,2026-02-24 03:55:58,BATCH-20260224-01
SKU-991579,C60,19.29,ZAR,Regular,2025-09-28 07:37:31,2025-10-28 07:37:31,PricingEngine,2026-02-24 03:55:58,BATCH-20260224-01
SKU-810651,SHOP,102.13,ZAR,Regular,2024-02-05 00:27:08,2024-03-05 00:27:08,PricingEngine,2026-02-24 03:55:58,BATCH-20260224-01
SKU-810651,CHK,108.26,ZAR,Regular,2025-09-11 06:17:15,2025-10-11 06:17:15,PricingEngine,2026-02-24 03:55:58,BATCH-20260224-01
SKU-251421,USV,19.28,ZAR,Promo,2024-06-19 21:35:29,2024-06-26 21:35:29,PricingEngine,2026-02-24 03:55:58,BATCH-20260224-01
SKU-251421,CHK,20.44,ZAR,Regular,2025-12-15 12:00:22,2026-01-15 12:00:22,PricingEngine,2026-02-24 03:55:58,BATCH-20260224-01
SKU-280980,SHOP,17.08,ZAR,Promo,2024-10-11 01:09:48,2024-10-18 01:09:48,PricingEngine,2026-02-24 03:55:58,BATCH-20260224-01
SKU-280980,CHK,18.11,ZAR,Promo,2025-02-02 03:15:14,2025-02-09 03:15:14,PricingEngine,2026-02-24 03:55:58,BATCH-20260224-01
SKU-899694,SHOP,22.52,ZAR,Promo,2024-01-12 03:52:32,2024-01-19 03:52:32,PricingEngine,2026-02-24 03:55:58,BATCH-20260224-01
SKU-899694,C60,23.87,ZAR,Regular,2025-04-19 23:55:26,2025-05-19 23:55:26,PricingEngine,2026-02-24 03:55:58,BATCH-20260224-01
SKU-406902,SHOP,24.06,ZAR,Regular,2024-06-24 21:39:11,2024-07-24 21:39:11,PricingEngine,2026-02-24 03:55:58,BATCH-20260224-01
SKU-406902,SHOP,25.5,ZAR,Regular,2025-03-20 01:31:26,2025-04-20 01:31:26,PricingEngine,2026-02-24 03:55:58,BATCH-20260224-01
SKU-509801,C60,81.28,ZAR,Regular,2024-10-26 12:16:49,2024-11-26 12:16:49,PricingEngine,2026-02-24 03:55:58,BATCH-20260224-01
SKU-509801,USV,86.16,ZAR,Promo,2025-06-09 08:03:34,2025-06-16 08:03:34,PricingEngine,2026-02-24 03:55:58,BATCH-20260224-01
SKU-396906,CHK,36.4,ZAR,Regular,2024-08-04 15:19:58,2024-09-04 15:19:58,PricingEngine,2026-02-24 03:55:58,BATCH-20260224-01
SKU-396906,C60,38.58,ZAR,Promo,2025-09-28 07:54:18,2025-10-05 07:54:18,PricingEngine,2026-02-24 03:55:58,BATCH-20260224-01
SKU-301343,C60,90.37,ZAR,Promo,2024-12-18 06:25:45,2024-12-25 06:25:45,PricingEngine,2026-02-24 03:55:58,BATCH-20260224-01
SKU-301343,SHOP,95.79,ZAR,Regular,2025-02-02 03:44:26,2025-03-02 03:44:26,PricingEngine,2026-02-24 03:55:58,BATCH-20260224-01
SKU-838796,SHOP,53.93,ZAR,Regular,2024-07-17 10:21:22,2024-08-17 10:21:22,PricingEngine,2026-02-24 03:55:58,BATCH-20260224-01
SKU-838796,SHOP,57.17,ZAR,Promo,2025-12-14 10:08:10,2025-12-21 10:08:10,PricingEngine,2026-02-24 03:55:58,BATCH-20260224-01
SKU-579369,C60,138.37,ZAR,Regular,2024-10-11 22:13:27,2024-11-11 22:13:27,PricingEngine,2026-02-24 03:55:58,BATCH-20260224-01
SKU-579369,C60,146.67,ZAR,Promo,2025-01-16 07:44:55,2025-01-23 07:44:55,PricingEngine,2026-02-24 03:55:58,BATCH-20260224-01
SKU-698670,C60,15.19,ZAR,Promo,2024-09-26 13:01:23,2024-10-03 13:01:23,PricingEngine,2026-02-24 03:55:58,BATCH-20260224-01
SKU-698670,C60,16.1,ZAR,Promo,2025-01-27 14:05:09,2025-02-03 14:05:09,PricingEngine,2026-02-24 03:55:58,BATCH-20260224-01
SKU-317440,USV,94.66,ZAR,Promo,2024-02-15 05:00:39,2024-02-22 05:00:39,PricingEngine,2026-02-24 03:55:58,BATCH-20260224-01
SKU-317440,USV,100.34,ZAR,Regular,2025-03-11 22:13:51,2025-04-11 22:13:51,PricingEngine,2026-02-24 03:55:58,BATCH-20260224-01
SKU-355493,USV,13.85,ZAR,Regular,2024-04-09 18:28:28,2024-05-09 18:28:28,PricingEngine,2026-02-24 03:55:58,BATCH-20260224-01
SKU-355493,CHK,14.68,ZAR,Regular,2025-02-08 22:34:55,2025-03-08 22:34:55,PricingEngine,2026-02-24 03:55:58,BATCH-20260224-01
SKU-307013,C60,18.09,ZAR,Regular,2024-03-14 23:17:20,2024-04-14 23:17:20,PricingEngine,2026-02-24 03:55:58,BATCH-20260224-01
SKU-307013,SHOP,19.18,ZAR,Regular,2025-08-08 18:48:33,2025-09-08 18:48:33,PricingEngine,2026-02-24 03:55:58,BATCH-20260224-01
SKU-650976,USV,22.01,ZAR,Regular,2024-12-26 08:27:42,2025-01-26 08:27:42,PricingEngine,2026-02-24 03:55:58,BATCH-20260224-01
SKU-650976,USV,23.33,ZAR,Promo,2025-07-13 10:36:21,2025-07-20 10:36:21,PricingEngine,2026-02-24 03:55:58,BATCH-20260224-01
SKU-388899,C60,36.56,ZAR,Regular,2024-12-05 07:52:14,2025-01-05 07:52:14,PricingEngine,2026-02-24 03:55:58,BATCH-20260224-01
SKU-388899,C60,38.75,ZAR,Promo,2025-02-24 18:22:38,2025-03-03 18:22:38,PricingEngine,2026-02-24 03:55:58,BATCH-20260224-01
SKU-670003,CHK,40.26,ZAR,Regular,2024-07-15 23:56:04,2024-08-15 23:56:04,PricingEngine,2026-02-24 03:55:58,BATCH-20260224-01
SKU-670003,USV,42.68,ZAR,Regular,2025-04-07 16:29:09,2025-05-07 16:29:09,PricingEngine,2026-02-24 03:55:58,BATCH-20260224-01
SKU-871431,USV,27.22,ZAR,Promo,2024-02-18 03:22:38,2024-02-25 03:22:38,PricingEngine,2026-02-24 03:55:58,BATCH-20260224-01
SKU-871431,C60,28.85,ZAR,Promo,2025-09-17 10:19:18,2025-09-24 10:19:18,PricingEngine,2026-02-24 03:55:58,BATCH-20260224-01
SKU-793341,SHOP,49.19,ZAR,Regular,2024-09-25 18:03:20,2024-10-25 18:03:20,PricingEngine,2026-02-24 03:55:58,BATCH-20260224-01
SKU-793341,USV,52.14,ZAR,Regular,2025-08-18 09:43:27,2025-09-18 09:43:27,PricingEngine,2026-02-24 03:55:58,BATCH-20260224-01
SKU-591308,C60,95.73,ZAR,Regular,2024-10-13 06:57:35,2024-11-13 06:57:35,PricingEngine,2026-02-24 03:55:58,BATCH-20260224-01
SKU-591308,CHK,101.47,ZAR,Promo,2025-08-15 02:08:33,2025-08-22 02:08:33,PricingEngine,2026-02-24 03:55:58,BATCH-20260224-01
SKU-883758,USV,25.03,ZAR,Regular,2024-06-27 09:27:33,2024-07-27 09:27:33,PricingEngine,2026-02-24 03:55:58,BATCH-20260224-01
SKU-883758,SHOP,26.53,ZAR,Regular,2025-12-10 15:21:31,2026-01-10 15:21:31,PricingEngine,2026-02-24 03:55:58,BATCH-20260224-01
SKU-294010,USV,91.81,ZAR,Promo,2024-09-09 03:49:22,2024-09-16 03:49:22,PricingEngine,2026-02-24 03:55:58,BATCH-20260224-01
SKU-294010,CHK,97.32,ZAR,Regular,2025-02-06 03:29:57,2025-03-06 03:29:57,PricingEngine,2026-02-24 03:55:58,BATCH-20260224-01
SKU-415048,CHK,27.87,ZAR,Promo,2024-07-15 23:14:09,2024-07-22 23:14:09,PricingEngine,2026-02-24 03:55:58,BATCH-20260224-01
SKU-415048,USV,29.54,ZAR,Regular,2025-10-23 17:31:18,2025-11-23 17:31:18,PricingEngine,2026-02-24 03:55:58,BATCH-20260224-01
SKU-519146,C60,17.53,ZAR,Regular,2024-09-13 06:04:01,2024-10-13 06:04:01,PricingEngine,2026-02-24 03:55:58,BATCH-20260224-01
SKU-519146,SHOP,18.58,ZAR,Regular,2025-09-17 08:13:23,2025-10-17 08:13:23,PricingEngine,2026-02-24 03:55:58,BATCH-20260224-01
SKU-800948,C60,55.78,ZAR,Regular,2024-02-10 20:21:30,2024-03-10 20:21:30,PricingEngine,2026-02-24 03:55:58,BATCH-20260224-01
SKU-800948,CHK,59.13,ZAR,Regular,2025-10-28 23:10:47,2025-11-28 23:10:47,PricingEngine,2026-02-24 03:55:58,BATCH-20260224-01
SKU-495626,CHK,103.06,ZAR,Regular,2024-01-10 02:02:58,2024-02-10 02:02:58,PricingEngine,2026-02-24 03:55:58,BATCH-20260224-01
SKU-495626,C60,109.24,ZAR,Regular,2025-10-16 16:43:06,2025-11-16 16:43:06,PricingEngine,2026-02-24 03:55:58,BATCH-20260224-01
SKU-143306,CHK,15.76,ZAR,Promo,2024-08-22 21:06:25,2024-08-29 21:06:25,PricingEngine,2026-02-24 03:55:58,BATCH-20260224-01
SKU-143306,USV,16.71,ZAR,Promo,2025-07-01 21:55:09,2025-07-08 21:55:09,PricingEngine,2026-02-24 03:55:58,BATCH-20260224-01
SKU-697419,C60,18.0,ZAR,Promo,2024-07-23 00:38:36,2024-07-30 00:38:36,PricingEngine,2026-02-24 03:55:58,BATCH-20260224-01
SKU-697419,USV,19.08,ZAR,Regular,2025-10-09 16:57:28,2025-11-09 16:57:28,PricingEngine,2026-02-24 03:55:58,BATCH-20260224-01
SKU-497265,CHK,37.09,ZAR,Regular,2024-06-16 22:56:28,2024-07-16 22:56:28,PricingEngine,2026-02-24 03:55:58,BATCH-20260224-01
SKU-497265,CHK,39.32,ZAR,Promo,2025-07-22 23:08:10,2025-07-29 23:08:10,PricingEngine,2026-02-24 03:55:58,BATCH-20260224-01
SKU-957566,CHK,16.86,ZAR,Regular,2024-06-02 15:16:58,2024-07-02 15:16:58,PricingEngine,2026-02-24 03:55:58,BATCH-20260224-01
SKU-957566,USV,17.87,ZAR,Promo,2025-04-05 06:38:12,2025-04-12 06:38:12,PricingEngine,2026-02-24 03:55:58,BATCH-20260224-01
SKU-408976,SHOP,21.02,ZAR,Regular,2024-09-09 14:34:58,2024-10-09 14:34:58,PricingEngine,2026-02-24 03:55:58,BATCH-20260224-01
SKU-408976,USV,22.28,ZAR,Promo,2025-08-13 22:21:47,2025-08-20 22:21:47,PricingEngine,2026-02-24 03:55:58,BATCH-20260224-01
SKU-600158,C60,82.31,ZAR,Promo,2024-11-23 16:05:38,2024-11-30 16:05:38,PricingEngine,2026-02-24 03:55:58,BATCH-20260224-01
SKU-600158,C60,87.25,ZAR,Regular,2025-01-17 01:50:32,2025-02-17 01:50:32,PricingEngine,2026-02-24 03:55:58,BATCH-20260224-01
SKU-927296,CHK,32.04,ZAR,Regular,2024-04-05 14:34:48,2024-05-05 14:34:48,PricingEngine,2026-02-24 03:55:58,BATCH-20260224-01
SKU-927296,C60,33.96,ZAR,Regular,2025-06-21 13:04:01,2025-07-21 13:04:01,PricingEngine,2026-02-24 03:55:58,BATCH-20260224-01
SKU-196641,USV,28.56,ZAR,Promo,2024-01-05 12:34:40,2024-01-12 12:34:40,PricingEngine,2026-02-24 03:55:58,BATCH-20260224-01
SKU-196641,C60,30.27,ZAR,Promo,2025-12-05 15:43:24,2025-12-12 15:43:24,PricingEngine,2026-02-24 03:55:58,BATCH-20260224-01
SKU-689213,SHOP,16.1,ZAR,Promo,2024-10-13 17:13:33,2024-10-20 17:13:33,PricingEngine,2026-02-24 03:55:58,BATCH-20260224-01
SKU-689213,USV,17.07,ZAR,Promo,2025-03-23 07:44:43,2025-03-30 07:44:43,PricingEngine,2026-02-24 03:55:58,BATCH-20260224-01
SKU-777394,USV,87.13,ZAR,Regular,2024-09-28 19:34:33,2024-10-28 19:34:33,PricingEngine,2026-02-24 03:55:58,BATCH-20260224-01
SKU-777394,CHK,92.36,ZAR,Regular,2025-10-06 21:25:34,2025-11-06 21:25:34,PricingEngine,2026-02-24 03:55:58,BATCH-20260224-01
SKU-434324,USV,101.99,ZAR,Promo,2024-01-08 16:47:41,2024-01-15 16:47:41,PricingEngine,2026-02-24 03:55:58,BATCH-20260224-01
SKU-434324,USV,108.11,ZAR,Regular,2025-02-07 09:18:54,2025-03-07 09:18:54,PricingEngine,2026-02-24 03:55:58,BATCH-20260224-01
SKU-561612,CHK,20.81,ZAR,Regular,2024-11-28 03:06:52,2024-12-28 03:06:52,PricingEngine,2026-02-24 03:55:58,BATCH-20260224-01
SKU-561612,C60,22.06,ZAR,Regular,2025-11-19 16:29:13,2025-12-19 16:29:13,PricingEngine,2026-02-24 03:55:58,BATCH-20260224-01
SKU-723119,C60,90.89,ZAR,Regular,2024-05-06 09:53:20,2024-06-06 09:53:20,PricingEngine,2026-02-24 03:55:58,BATCH-20260224-01
SKU-723119,USV,96.34,ZAR,Promo,2025-03-09 04:07:50,2025-03-16 04:07:50,PricingEngine,2026-02-24 03:55:58,BATCH-20260224-01
SKU-923394,SHOP,88.49,ZAR,Regular,2024-09-04 16:45:28,2024-10-04 16:45:28,PricingEngine,2026-02-24 03:55:58,BATCH-20260224-01
SKU-923394,C60,93.8,ZAR,Regular,2025-02-23 21:12:14,2025-03-23 21:12:14,PricingEngine,2026-02-24 03:55:58,BATCH-20260224-01
SKU-674774,CHK,19.9,ZAR,Promo,2024-05-10 18:27:51,2024-05-17 18:27:51,PricingEngine,2026-02-24 03:55:58,BATCH-20260224-01
SKU-674774,USV,21.09,ZAR,Promo,2025-06-26 12:48:09,2025-07-03 12:48:09,PricingEngine,2026-02-24 03:55:58,BATCH-20260224-01
SKU-889001,USV,29.55,ZAR,Regular,2024-07-07 11:31:36,2024-08-07 11:31:36,PricingEngine,2026-02-24 03:55:58,BATCH-20260224-01
SKU-889001,C60,31.32,ZAR,Promo,2025-02-03 10:26:04,2025-02-10 10:26:04,PricingEngine,2026-02-24 03:55:58,BATCH-20260224-01
SKU-656695,C60,13.01,ZAR,Regular,2024-06-28 04:44:37,2024-07-28 04:44:37,PricingEngine,2026-02-24 03:55:58,BATCH-20260224-01
SKU-656695,C60,13.79,ZAR,Promo,2025-05-26 19:30:13,2025-06-02 19:30:13,PricingEngine,2026-02-24 03:55:58,BATCH-20260224-01
SKU-407406,SHOP,15.76,ZAR,Promo,2024-01-11 12:24:54,2024-01-18 12:24:54,PricingEngine,2026-02-24 03:55:58,BATCH-20260224-01
SKU-407406,SHOP,16.71,ZAR,Promo,2025-11-09 05:14:28,2025-11-16 05:14:28,PricingEngine,2026-02-24 03:55:58,BATCH-20260224-01
SKU-280581,C60,97.73,ZAR,Regular,2024-10-01 08:38:24,2024-11-01 08:38:24,PricingEngine,2026-02-24 03:55:58,BATCH-20260224-01
SKU-280581,CHK,103.59,ZAR,Promo,2025-07-03 04:17:01,2025-07-10 04:17:01,PricingEngine,2026-02-24 03:55:58,BATCH-20260224-01
SKU-651172,USV,104.93,ZAR,Regular,2024-08-17 14:26:35,2024-09-17 14:26:35,PricingEngine,2026-02-24 03:55:58,BATCH-20260224-01
SKU-651172,C60,111.23,ZAR,Regular,2025-09-28 20:17:30,2025-10-28 20:17:30,PricingEngine,2026-02-24 03:55:58,BATCH-20260224-01
SKU-697655,C60,50.3,ZAR,Promo,2024-02-16 08:16:55,2024-02-23 08:16:55,PricingEngine,2026-02-24 03:55:58,BATCH-20260224-01
SKU-697655,CHK,53.32,ZAR,Promo,2025-03-13 23:45:30,2025-03-20 23:45:30,PricingEngine,2026-02-24 03:55:58,BATCH-20260224-01
SKU-671256,SHOP,22.45,ZAR,Promo,2024-08-22 19:00:31,2024-08-29 19:00:31,PricingEngine,2026-02-24 03:55:58,BATCH-20260224-01
SKU-671256,USV,23.8,ZAR,Promo,2025-07-05 17:13:41,2025-07-12 17:13:41,PricingEngine,2026-02-24 03:55:58,BATCH-20260224-01
SKU-785335,USV,51.49,ZAR,Regular,2024-05-26 06:53:11,2024-06-26 06:53:11,PricingEngine,2026-02-24 03:55:58,BATCH-20260224-01
SKU-785335,SHOP,54.58,ZAR,Promo,2025-07-12 11:55:18,2025-07-19 11:55:18,PricingEngine,2026-02-24 03:55:58,BATCH-20260224-01
SKU-399123,CHK,118.77,ZAR,Regular,2024-07-25 17:46:43,2024-08-25 17:46:43,PricingEngine,2026-02-24 03:55:58,BATCH-20260224-01
SKU-399123,USV,125.9,ZAR,Promo,2025-04-18 21:33:13,2025-04-25 21:33:13,PricingEngine,2026-02-24 03:55:58,BATCH-20260224-01
SKU-301515,CHK,16.7,ZAR,Promo,2024-01-13 04:26:32,2024-01-20 04:26:32,PricingEngine,2026-02-24 03:55:58,BATCH-20260224-01
SKU-301515,SHOP,17.7,ZAR,Promo,2025-11-22 14:37:52,2025-11-29 14:37:52,PricingEngine,2026-02-24 03:55:58,BATCH-20260224-01
SKU-324883,C60,102.34,ZAR,Promo,2024-02-23 07:24:28,2024-03-01 07:24:28,PricingEngine,2026-02-24 03:55:58,BATCH-20260224-01
SKU-324883,USV,108.48,ZAR,Promo,2025-02-25 23:25:03,2025-03-04 23:25:03,PricingEngine,2026-02-24 03:55:58,BATCH-20260224-01
SKU-407293,USV,22.99,ZAR,Promo,2024-09-27 12:29:30,2024-10-04 12:29:30,PricingEngine,2026-02-24 03:55:58,BATCH-20260224-01
SKU-407293,CHK,24.37,ZAR,Promo,2025-07-17 07:48:26,2025-07-24 07:48:26,PricingEngine,2026-02-24 03:55:58,BATCH-20260224-01
SKU-597148,SHOP,87.32,ZAR,Promo,2024-11-27 10:29:12,2024-12-04 10:29:12,PricingEngine,2026-02-24 03:55:58,BATCH-20260224-01
SKU-597148,SHOP,92.56,ZAR,Regular,2025-09-19 09:53:10,2025-10-19 09:53:10,PricingEngine,2026-02-24 03:55:58,BATCH-20260224-01
SKU-936003,SHOP,32.95,ZAR,Regular,2024-03-22 22:23:25,2024-04-22 22:23:25,PricingEngine,2026-02-24 03:55:58,BATCH-20260224-01
SKU-936003,USV,34.93,ZAR,Regular,2025-09-24 10:03:36,2025-10-24 10:03:36,PricingEngine,2026-02-24 03:55:58,BATCH-20260224-01
SKU-464061,CHK,39.44,ZAR,Regular,2024-04-17 07:35:10,2024-05-17 07:35:10,PricingEngine,2026-02-24 03:55:58,BATCH-20260224-01
SKU-464061,CHK,41.81,ZAR,Regular,2025-01-25 23:07:03,2025-02-25 23:07:03,PricingEngine,2026-02-24 03:55:58,BATCH-20260224-01
SKU-568114,USV,37.41,ZAR,Promo,2024-12-19 00:17:10,2024-12-26 00:17:10,PricingEngine,2026-02-24 03:55:58,BATCH-20260224-01
SKU-568114,CHK,39.66,ZAR,Promo,2025-05-28 20:11:19,2025-06-04 20:11:19,PricingEngine,2026-02-24 03:55:58,BATCH-20260224-01
SKU-615593,C60,50.9,ZAR,Promo,2024-09-03 11:32:04,2024-09-10 11:32:04,PricingEngine,2026-02-24 03:55:58,BATCH-20260224-01
SKU-615593,SHOP,53.95,ZAR,Promo,2025-02-16 14:03:35,2025-02-23 14:03:35,PricingEngine,2026-02-24 03:55:58,BATCH-20260224-01
SKU-482015,SHOP,34.83,ZAR,Promo,2024-10-14 23:24:54,2024-10-21 23:24:54,PricingEngine,2026-02-24 03:55:58,BATCH-20260224-01
SKU-482015,SHOP,36.92,ZAR,Regular,2025-03-15 11:31:19,2025-04-15 11:31:19,PricingEngine,2026-02-24 03:55:58,BATCH-20260224-01
SKU-354137,USV,30.05,ZAR,Regular,2024-05-14 01:01:03,2024-06-14 01:01:03,PricingEngine,2026-02-24 03:55:58,BATCH-20260224-01
SKU-354137,CHK,31.85,ZAR,Regular,2025-10-20 21:37:09,2025-11-20 21:37:09,PricingEngine,2026-02-24 03:55:58,BATCH-20260224-01
SKU-368675,C60,16.89,ZAR,Regular,2024-09-16 09:41:16,2024-10-16 09:41:16,PricingEngine,2026-02-24 03:55:58,BATCH-20260224-01
SKU-368675,USV,17.9,ZAR,Promo,2025-09-14 20:34:35,2025-09-21 20:34:35,PricingEngine,2026-02-24 03:55:58,BATCH-20260224-01
SKU-666314,CHK,19.5,ZAR,Promo,2024-12-19 10:43:09,2024-12-26 10:43:09,PricingEngine,2026-02-24 03:55:58,BATCH-20260224-01
SKU-666314,C60,20.67,ZAR,Promo,2025-12-05 20:35:55,2025-12-12 20:35:55,PricingEngine,2026-02-24 03:55:58,BATCH-20260224-01
SKU-254962,CHK,38.73,ZAR,Regular,2024-10-13 20:17:19,2024-11-13 20:17:19,PricingEngine,2026-02-24 03:55:58,BATCH-20260224-01
SKU-254962,C60,41.05,ZAR,Regular,2025-06-14 05:01:06,2025-07-14 05:01:06,PricingEngine,2026-02-24 03:55:58,BATCH-20260224-01
SKU-642727,SHOP,92.12,ZAR,Regular,2024-04-21 10:07:21,2024-05-21 10:07:21,PricingEngine,2026-02-24 03:55:58,BATCH-20260224-01
SKU-642727,CHK,97.65,ZAR,Promo,2025-01-26 09:02:25,2025-02-02 09:02:25,PricingEngine,2026-02-24 03:55:58,BATCH-20260224-01
SKU-725612,CHK,16.74,ZAR,Regular,2024-11-07 02:59:05,2024-12-07 02:59:05,PricingEngine,2026-02-24 03:55:58,BATCH-20260224-01
SKU-725612,C60,17.75,ZAR,Promo,2025-01-04 08:08:14,2025-01-11 08:08:14,PricingEngine,2026-02-24 03:55:58,BATCH-20260224-01
SKU-962482,CHK,31.15,ZAR,Regular,2024-08-16 03:37:38,2024-09-16 03:37:38,PricingEngine,2026-02-24 03:55:58,BATCH-20260224-01
SKU-962482,CHK,33.02,ZAR,Regular,2025-01-23 21:49:59,2025-02-23 21:49:59,PricingEngine,2026-02-24 03:55:58,BATCH-20260224-01
SKU-532438,C60,39.83,ZAR,Regular,2024-03-08 10:08:55,2024-04-08 10:08:55,PricingEngine,2026-02-24 03:55:58,BATCH-20260224-01
SKU-532438,SHOP,42.22,ZAR,Regular,2025-11-06 20:22:29,2025-12-06 20:22:29,PricingEngine,2026-02-24 03:55:58,BATCH-20260224-01
SKU-783912,SHOP,28.92,ZAR,Promo,2024-07-07 05:45:27,2024-07-14 05:45:27,PricingEngine,2026-02-24 03:55:58,BATCH-20260224-01
SKU-783912,SHOP,30.66,ZAR,Regular,2025-10-11 16:25:44,2025-11-11 16:25:44,PricingEngine,2026-02-24 03:55:58,BATCH-20260224-01
SKU-621798,USV,33.93,ZAR,Regular,2024-01-24 11:18:19,2024-02-24 11:18:19,PricingEngine,2026-02-24 03:55:58,BATCH-20260224-01
SKU-621798,USV,35.97,ZAR,Regular,2025-02-03 14:08:55,2025-03-03 14:08:55,PricingEngine,2026-02-24 03:55:58,BATCH-20260224-01
SKU-583238,C60,88.12,ZAR,Regular,2024-10-02 03:36:49,2024-11-02 03:36:49,PricingEngine,2026-02-24 03:55:58,BATCH-20260224-01
SKU-583238,C60,93.41,ZAR,Regular,2025-02-25 00:35:28,2025-03-25 00:35:28,PricingEngine,2026-02-24 03:55:58,BATCH-20260224-01
SKU-660494,USV,97.53,ZAR,Promo,2024-08-11 12:50:31,2024-08-18 12:50:31,PricingEngine,2026-02-24 03:55:58,BATCH-20260224-01
SKU-660494,CHK,103.38,ZAR,Promo,2025-10-24 17:29:56,2025-10-31 17:29:56,PricingEngine,2026-02-24 03:55:58,BATCH-20260224-01
SKU-172467,C60,24.38,ZAR,Regular,2024-07-15 09:13:33,2024-08-15 09:13:33,PricingEngine,2026-02-24 03:55:58,BATCH-20260224-01
SKU-172467,SHOP,25.84,ZAR,Promo,2025-10-23 07:59:13,2025-10-30 07:59:13,PricingEngine,2026-02-24 03:55:58,BATCH-20260224-01
SKU-330340,CHK,19.82,ZAR,Regular,2024-09-20 12:06:23,2024-10-20 12:06:23,PricingEngine,2026-02-24 03:55:58,BATCH-20260224-01
SKU-330340,SHOP,21.01,ZAR,Promo,2025-05-24 12:07:33,2025-05-31 12:07:33,PricingEngine,2026-02-24 03:55:58,BATCH-20260224-01
SKU-217945,SHOP,20.34,ZAR,Regular,2024-06-09 19:41:14,2024-07-09 19:41:14,PricingEngine,2026-02-24 03:55:58,BATCH-20260224-01
SKU-217945,C60,21.56,ZAR,Promo,2025-01-20 04:21:51,2025-01-27 04:21:51,PricingEngine,2026-02-24 03:55:58,BATCH-20260224-01
SKU-412091,SHOP,30.28,ZAR,Regular,2024-04-11 07:11:46,2024-05-11 07:11:46,PricingEngine,2026-02-24 03:55:58,BATCH-20260224-01
SKU-412091,USV,32.1,ZAR,Promo,2025-09-17 08:52:01,2025-09-24 08:52:01,PricingEngine,2026-02-24 03:55:58,BATCH-20260224-01
SKU-286668,USV,18.19,ZAR,Regular,2024-04-09 11:32:48,2024-05-09 11:32:48,PricingEngine,2026-02-24 03:55:58,BATCH-20260224-01
SKU-286668,C60,19.28,ZAR,Promo,2025-08-12 12:21:28,2025-08-19 12:21:28,PricingEngine,2026-02-24 03:55:58,BATCH-20260224-01
SKU-578889,SHOP,90.21,ZAR,Regular,2024-03-16 09:05:52,2024-04-16 09:05:52,PricingEngine,2026-02-24 03:55:58,BATCH-20260224-01
SKU-578889,CHK,95.62,ZAR,Promo,2025-03-07 13:54:56,2025-03-14 13:54:56,PricingEngine,2026-02-24 03:55:58,BATCH-20260224-01
SKU-628327,USV,29.2,ZAR,Regular,2024-12-23 21:25:38,2025-01-23 21:25:38,PricingEngine,2026-02-24 03:55:58,BATCH-20260224-01
SKU-628327,USV,30.95,ZAR,Promo,2025-08-04 00:25:23,2025-08-11 00:25:23,PricingEngine,2026-02-24 03:55:58,BATCH-20260224-01
SKU-283422,USV,29.5,ZAR,Promo,2024-03-04 04:53:07,2024-03-11 04:53:07,PricingEngine,2026-02-24 03:55:58,BATCH-20260224-01
SKU-283422,USV,31.27,ZAR,Regular,2025-03-03 23:19:13,2025-04-03 23:19:13,PricingEngine,2026-02-24 03:55:58,BATCH-20260224-01
SKU-809893,SHOP,30.25,ZAR,Promo,2024-08-06 08:55:16,2024-08-13 08:55:16,PricingEngine,2026-02-24 03:55:58,BATCH-20260224-01
SKU-809893,SHOP,32.07,ZAR,Promo,2025-04-17 03:44:48,2025-04-24 03:44:48,PricingEngine,2026-02-24 03:55:58,BATCH-20260224-01
SKU-573160,C60,35.33,ZAR,Promo,2024-02-27 22:44:51,2024-03-05 22:44:51,PricingEngine,2026-02-24 03:55:58,BATCH-20260224-01
SKU-573160,SHOP,37.45,ZAR,Promo,2025-10-24 18:36:46,2025-10-31 18:36:46,PricingEngine,2026-02-24 03:55:58,BATCH-20260224-01
SKU-289466,CHK,37.12,ZAR,Promo,2024-07-03 11:32:40,2024-07-10 11:32:40,PricingEngine,2026-02-24 03:55:58,BATCH-20260224-01
SKU-289466,C60,39.35,ZAR,Regular,2025-07-01 18:44:47,2025-08-01 18:44:47,PricingEngine,2026-02-24 03:55:58,BATCH-20260224-01
SKU-917961,USV,19.11,ZAR,Promo,2024-09-07 12:35:58,2024-09-14 12:35:58,PricingEngine,2026-02-24 03:55:58,BATCH-20260224-01
SKU-917961,USV,20.26,ZAR,Regular,2025-07-13 13:20:58,2025-08-13 13:20:58,PricingEngine,2026-02-24 03:55:58,BATCH-20260224-01
SKU-346125,CHK,14.06,ZAR,Promo,2024-06-23 20:56:12,2024-06-30 20:56:12,PricingEngine,2026-02-24 03:55:58,BATCH-20260224-01
SKU-346125,SHOP,14.9,ZAR,Regular,2025-08-09 12:54:50,2025-09-09 12:54:50,PricingEngine,2026-02-24 03:55:58,BATCH-20260224-01
SKU-183011,CHK,22.24,ZAR,Regular,2024-07-01 00:24:53,2024-08-01 00:24:53,PricingEngine,2026-02-24 03:55:58,BATCH-20260224-01
SKU-183011,USV,23.57,ZAR,Regular,2025-08-13 06:21:57,2025-09-13 06:21:57,PricingEngine,2026-02-24 03:55:58,BATCH-20260224-01
SKU-595054,C60,16.98,ZAR,Regular,2024-07-17 03:24:12,2024-08-17 03:24:12,PricingEngine,2026-02-24 03:55:58,BATCH-20260224-01
SKU-595054,SHOP,18.0,ZAR,Regular,2025-03-23 04:24:23,2025-04-23 04:24:23,PricingEngine,2026-02-24 03:55:58,BATCH-20260224-01
SKU-365992,C60,14.59,ZAR,Promo,2024-05-13 19:47:52,2024-05-20 19:47:52,PricingEngine,2026-02-24 03:55:58,BATCH-20260224-01
SKU-365992,USV,15.47,ZAR,Promo,2025-11-08 06:26:57,2025-11-15 06:26:57,PricingEngine,2026-02-24 03:55:58,BATCH-20260224-01
SKU-677422,C60,17.38,ZAR,Regular,2024-02-25 18:09:10,2024-03-25 18:09:10,PricingEngine,2026-02-24 03:55:58,BATCH-20260224-01
SKU-677422,SHOP,18.42,ZAR,Regular,2025-09-11 16:06:00,2025-10-11 16:06:00,PricingEngine,2026-02-24 03:55:58,BATCH-20260224-01
SKU-845138,USV,51.41,ZAR,Promo,2024-07-02 02:43:49,2024-07-09 02:43:49,PricingEngine,2026-02-24 03:55:58,BATCH-20260224-01
SKU-845138,C60,54.5,ZAR,Regular,2025-06-04 15:49:56,2025-07-04 15:49:56,PricingEngine,2026-02-24 03:55:58,BATCH-20260224-01
SKU-672085,CHK,21.43,ZAR,Regular,2024-11-09 07:22:59,2024-12-09 07:22:59,PricingEngine,2026-02-24 03:55:58,BATCH-20260224-01
SKU-672085,USV,22.72,ZAR,Promo,2025-07-28 17:13:34,2025-08-04 17:13:34,PricingEngine,2026-02-24 03:55:58,BATCH-20260224-01
SKU-300310,USV,104.18,ZAR,Regular,2024-06-09 18:25:55,2024-07-09 18:25:55,PricingEngine,2026-02-24 03:55:58,BATCH-20260224-01
SKU-300310,SHOP,110.43,ZAR,Promo,2025-06-25 12:39:24,2025-07-02 12:39:24,PricingEngine,2026-02-24 03:55:58,BATCH-20260224-01
SKU-908106,USV,23.3,ZAR,Promo,2024-09-27 04:32:38,2024-10-04 04:32:38,PricingEngine,2026-02-24 03:55:58,BATCH-20260224-01
SKU-908106,CHK,24.7,ZAR,Regular,2025-06-02 01:39:28,2025-07-02 01:39:28,PricingEngine,2026-02-24 03:55:58,BATCH-20260224-01
SKU-306321,CHK,24.24,ZAR,Promo,2024-04-25 14:19:52,2024-05-02 14:19:52,PricingEngine,2026-02-24 03:55:58,BATCH-20260224-01
SKU-306321,CHK,25.7,ZAR,Promo,2025-10-25 17:33:00,2025-11-01 17:33:00,PricingEngine,2026-02-24 03:55:58,BATCH-20260224-01
SKU-823303,USV,58.13,ZAR,Regular,2024-11-05 07:11:43,2024-12-05 07:11:43,PricingEngine,2026-02-24 03:55:58,BATCH-20260224-01
SKU-823303,CHK,61.62,ZAR,Promo,2025-01-11 19:51:19,2025-01-18 19:51:19,PricingEngine,2026-02-24 03:55:58,BATCH-20260224-01
SKU-470578,USV,15.52,ZAR,Regular,2024-09-19 05:53:47,2024-10-19 05:53:47,PricingEngine,2026-02-24 03:55:58,BATCH-20260224-01
SKU-470578,SHOP,16.45,ZAR,Regular,2025-12-08 14:56:06,2026-01-08 14:56:06,PricingEngine,2026-02-24 03:55:58,BATCH-20260224-01
SKU-154440,CHK,18.03,ZAR,Promo,2024-04-19 09:34:59,2024-04-26 09:34:59,PricingEngine,2026-02-24 03:55:58,BATCH-20260224-01
SKU-154440,CHK,19.11,ZAR,Regular,2025-10-19 13:40:29,2025-11-19 13:40:29,PricingEngine,2026-02-24 03:55:58,BATCH-20260224-01
SKU-953885,C60,99.74,ZAR,Promo,2024-05-28 04:37:28,2024-06-04 04:37:28,PricingEngine,2026-02-24 03:55:58,BATCH-20260224-01
SKU-953885,CHK,105.72,ZAR,Promo,2025-05-12 03:15:09,2025-05-19 03:15:09,PricingEngine,2026-02-24 03:55:58,BATCH-20260224-01
SKU-539802,C60,35.79,ZAR,Promo,2024-02-20 04:41:38,2024-02-27 04:41:38,PricingEngine,2026-02-24 03:55:58,BATCH-20260224-01
SKU-539802,USV,37.94,ZAR,Promo,2025-07-25 01:27:22,2025-08-01 01:27:22,PricingEngine,2026-02-24 03:55:58,BATCH-20260224-01
SKU-224282,USV,33.91,ZAR,Promo,2024-08-22 03:22:34,2024-08-29 03:22:34,PricingEngine,2026-02-24 03:55:58,BATCH-20260224-01
SKU-224282,C60,35.95,ZAR,Regular,2025-11-19 22:29:10,2025-12-19 22:29:10,PricingEngine,2026-02-24 03:55:58,BATCH-20260224-01
SKU-114190,CHK,30.78,ZAR,Regular,2024-07-03 18:33:07,2024-08-03 18:33:07,PricingEngine,2026-02-24 03:55:58,BATCH-20260224-01
SKU-114190,SHOP,32.63,ZAR,Regular,2025-08-11 17:07:10,2025-09-11 17:07:10,PricingEngine,2026-02-24 03:55:58,BATCH-20260224-01
SKU-810646,SHOP,34.77,ZAR,Regular,2024-02-06 00:55:56,2024-03-06 00:55:56,PricingEngine,2026-02-24 03:55:58,BATCH-20260224-01
SKU-810646,C60,36.86,ZAR,Promo,2025-03-10 13:19:31,2025-03-17 13:19:31,PricingEngine,2026-02-24 03:55:58,BATCH-20260224-01
SKU-796603,CHK,32.35,ZAR,Promo,2024-07-21 12:29:12,2024-07-28 12:29:12,PricingEngine,2026-02-24 03:55:58,BATCH-20260224-01
SKU-796603,SHOP,34.29,ZAR,Promo,2025-08-13 18:22:55,2025-08-20 18:22:55,PricingEngine,2026-02-24 03:55:58,BATCH-20260224-01
SKU-476597,USV,104.56,ZAR,Promo,2024-07-20 05:34:50,2024-07-27 05:34:50,PricingEngine,2026-02-24 03:55:58,BATCH-20260224-01
SKU-476597,C60,110.83,ZAR,Promo,2025-03-05 03:07:04,2025-03-12 03:07:04,PricingEngine,2026-02-24 03:55:58,BATCH-20260224-01
SKU-124596,USV,96.63,ZAR,Regular,2024-05-26 00:22:18,2024-06-26 00:22:18,PricingEngine,2026-02-24 03:55:58,BATCH-20260224-01
SKU-124596,USV,102.43,ZAR,Promo,2025-06-11 12:18:33,2025-06-18 12:18:33,PricingEngine,2026-02-24 03:55:58,BATCH-20260224-01
SKU-661789,SHOP,85.71,ZAR,Promo,2024-04-16 03:00:52,2024-04-23 03:00:52,PricingEngine,2026-02-24 03:55:58,BATCH-20260224-01
SKU-661789,C60,90.85,ZAR,Promo,2025-06-21 01:14:52,2025-06-28 01:14:52,PricingEngine,2026-02-24 03:55:58,BATCH-20260224-01
SKU-343986,SHOP,95.0,ZAR,Promo,2024-06-13 07:59:16,2024-06-20 07:59:16,PricingEngine,2026-02-24 03:55:58,BATCH-20260224-01
SKU-343986,SHOP,100.7,ZAR,Promo,2025-05-19 10:50:37,2025-05-26 10:50:37,PricingEngine,2026-02-24 03:55:58,BATCH-20260224-01
SKU-693523,SHOP,21.73,ZAR,Regular,2024-06-03 20:56:37,2024-07-03 20:56:37,PricingEngine,2026-02-24 03:55:58,BATCH-20260224-01
SKU-693523,SHOP,23.03,ZAR,Promo,2025-08-13 12:32:47,2025-08-20 12:32:47,PricingEngine,2026-02-24 03:55:58,BATCH-20260224-01
SKU-331302,CHK,20.06,ZAR,Promo,2024-04-18 18:20:47,2024-04-25 18:20:47,PricingEngine,2026-02-24 03:55:58,BATCH-20260224-01
SKU-331302,USV,21.26,ZAR,Regular,2025-07-06 09:29:24,2025-08-06 09:29:24,PricingEngine,2026-02-24 03:55:58,BATCH-20260224-01
SKU-628239,USV,52.3,ZAR,Regular,2024-08-10 04:45:03,2024-09-10 04:45:03,PricingEngine,2026-02-24 03:55:58,BATCH-20260224-01
SKU-628239,CHK,55.44,ZAR,Promo,2025-03-22 11:18:52,2025-03-29 11:18:52,PricingEngine,2026-02-24 03:55:58,BATCH-20260224-01
SKU-726779,USV,19.53,ZAR,Promo,2024-01-09 04:56:59,2024-01-16 04:56:59,PricingEngine,2026-02-24 03:55:58,BATCH-20260224-01
SKU-726779,USV,20.7,ZAR,Regular,2025-12-02 03:56:31,2026-01-02 03:56:31,PricingEngine,2026-02-24 03:55:58,BATCH-20260224-01
SKU-275845,SHOP,17.42,ZAR,Promo,2024-10-12 14:18:05,2024-10-19 14:18:05,PricingEngine,2026-02-24 03:55:58,BATCH-20260224-01
SKU-275845,SHOP,18.47,ZAR,Regular,2025-02-25 10:41:01,2025-03-25 10:41:01,PricingEngine,2026-02-24 03:55:58,BATCH-20260224-01
SKU-853489,C60,17.27,ZAR,Regular,2024-04-11 03:17:11,2024-05-11 03:17:11,PricingEngine,2026-02-24 03:55:58,BATCH-20260224-01
SKU-853489,USV,18.31,ZAR,Promo,2025-05-14 09:20:24,2025-05-21 09:20:24,PricingEngine,2026-02-24 03:55:58,BATCH-20260224-01
SKU-202319,SHOP,51.64,ZAR,Regular,2024-12-06 04:19:48,2025-01-06 04:19:48,PricingEngine,2026-02-24 03:55:58,BATCH-20260224-01
SKU-202319,USV,54.74,ZAR,Regular,2025-10-16 19:52:04,2025-11-16 19:52:04,PricingEngine,2026-02-24 03:55:58,BATCH-20260224-01
SKU-751918,CHK,48.92,ZAR,Regular,2024-09-13 17:22:54,2024-10-13 17:22:54,PricingEngine,2026-02-24 03:55:58,BATCH-20260224-01
SKU-751918,CHK,51.86,ZAR,Regular,2025-11-02 09:06:29,2025-12-02 09:06:29,PricingEngine,2026-02-24 03:55:58,BATCH-20260224-01
SKU-908499,CHK,17.21,ZAR,Regular,2024-08-26 03:54:11,2024-09-26 03:54:11,PricingEngine,2026-02-24 03:55:58,BATCH-20260224-01
SKU-908499,USV,18.24,ZAR,Promo,2025-01-20 02:51:53,2025-01-27 02:51:53,PricingEngine,2026-02-24 03:55:58,BATCH-20260224-01
SKU-657524,USV,34.34,ZAR,Promo,2024-05-03 03:39:30,2024-05-10 03:39:30,PricingEngine,2026-02-24 03:55:58,BATCH-20260224-01
SKU-657524,CHK,36.4,ZAR,Regular,2025-07-26 22:43:49,2025-08-26 22:43:49,PricingEngine,2026-02-24 03:55:58,BATCH-20260224-01
SKU-551943,CHK,18.5,ZAR,Regular,2024-10-26 10:52:01,2024-11-26 10:52:01,PricingEngine,2026-02-24 03:55:58,BATCH-20260224-01
SKU-551943,USV,19.61,ZAR,Regular,2025-05-25 21:25:54,2025-06-25 21:25:54,PricingEngine,2026-02-24 03:55:58,BATCH-20260224-01
SKU-720428,SHOP,22.94,ZAR,Regular,2024-06-13 20:42:04,2024-07-13 20:42:04,PricingEngine,2026-02-24 03:55:58,BATCH-20260224-01
SKU-720428,CHK,24.32,ZAR,Promo,2025-03-02 17:04:18,2025-03-09 17:04:18,PricingEngine,2026-02-24 03:55:58,BATCH-20260224-01
SKU-411978,CHK,21.04,ZAR,Regular,2024-06-23 14:38:19,2024-07-23 14:38:19,PricingEngine,2026-02-24 03:55:58,BATCH-20260224-01
SKU-411978,C60,22.3,ZAR,Regular,2025-07-09 20:04:11,2025-08-09 20:04:11,PricingEngine,2026-02-24 03:55:58,BATCH-20260224-01
SKU-423267,CHK,37.74,ZAR,Regular,2024-12-06 13:15:00,2025-01-06 13:15:00,PricingEngine,2026-02-24 03:55:58,BATCH-20260224-01
SKU-423267,SHOP,40.01,ZAR,Regular,2025-12-07 23:29:53,2026-01-07 23:29:53,PricingEngine,2026-02-24 03:55:58,BATCH-20260224-01
SKU-883080,USV,24.11,ZAR,Regular,2024-12-26 17:52:05,2025-01-26 17:52:05,PricingEngine,2026-02-24 03:55:58,BATCH-20260224-01
SKU-883080,USV,25.56,ZAR,Regular,2025-01-17 09:02:49,2025-02-17 09:02:49,PricingEngine,2026-02-24 03:55:58,BATCH-20260224-01
SKU-458048,SHOP,31.77,ZAR,Regular,2024-02-12 09:15:50,2024-03-12 09:15:50,PricingEngine,2026-02-24 03:55:58,BATCH-20260224-01
SKU-458048,C60,33.68,ZAR,Promo,2025-11-08 13:58:29,2025-11-15 13:58:29,PricingEngine,2026-02-24 03:55:58,BATCH-20260224-01
SKU-228172,USV,35.94,ZAR,Regular,2024-04-17 00:36:49,2024-05-17 00:36:49,PricingEngine,2026-02-24 03:55:58,BATCH-20260224-01
SKU-228172,CHK,38.1,ZAR,Promo,2025-11-23 07:09:47,2025-11-30 07:09:47,PricingEngine,2026-02-24 03:55:58,BATCH-20260224-01
SKU-429176,USV,21.25,ZAR,Regular,2024-02-27 21:00:54,2024-03-27 21:00:54,PricingEngine,2026-02-24 03:55:58,BATCH-20260224-01
SKU-429176,CHK,22.53,ZAR,Promo,2025-03-28 11:02:00,2025-04-04 11:02:00,PricingEngine,2026-02-24 03:55:58,BATCH-20260224-01
SKU-976068,USV,17.41,ZAR,Promo,2024-03-08 03:47:45,2024-03-15 03:47:45,PricingEngine,2026-02-24 03:55:58,BATCH-20260224-01
SKU-976068,C60,18.46,ZAR,Regular,2025-10-23 08:46:49,2025-11-23 08:46:49,PricingEngine,2026-02-24 03:55:58,BATCH-20260224-01
SKU-266687,SHOP,16.94,ZAR,Regular,2024-06-09 21:36:00,2024-07-09 21:36:00,PricingEngine,2026-02-24 03:55:58,BATCH-20260224-01
SKU-266687,C60,17.96,ZAR,Promo,2025-08-26 07:43:44,2025-09-02 07:43:44,PricingEngine,2026-02-24 03:55:58,BATCH-20260224-01
SKU-295021,C60,35.01,ZAR,Regular,2024-06-19 09:46:07,2024-07-19 09:46:07,PricingEngine,2026-02-24 03:55:58,BATCH-20260224-01
SKU-295021,C60,37.11,ZAR,Promo,2025-12-24 06:27:01,2025-12-31 06:27:01,PricingEngine,2026-02-24 03:55:58,BATCH-20260224-01
SKU-132638,SHOP,16.95,ZAR,Promo,2024-08-28 22:57:48,2024-09-04 22:57:48,PricingEngine,2026-02-24 03:55:58,BATCH-20260224-01
SKU-132638,USV,17.97,ZAR,Promo,2025-07-22 21:40:27,2025-07-29 21:40:27,PricingEngine,2026-02-24 03:55:58,BATCH-20260224-01
SKU-459073,CHK,17.67,ZAR,Regular,2024-10-05 15:49:36,2024-11-05 15:49:36,PricingEngine,2026-02-24 03:55:58,BATCH-20260224-01
SKU-459073,SHOP,18.73,ZAR,Regular,2025-10-03 03:46:23,2025-11-03 03:46:23,PricingEngine,2026-02-24 03:55:58,BATCH-20260224-01
SKU-663917,CHK,77.14,ZAR,Regular,2024-02-23 02:55:54,2024-03-23 02:55:54,PricingEngine,2026-02-24 03:55:58,BATCH-20260224-01
SKU-663917,CHK,81.77,ZAR,Regular,2025-05-11 15:01:48,2025-06-11 15:01:48,PricingEngine,2026-02-24 03:55:58,BATCH-20260224-01
SKU-807441,SHOP,23.59,ZAR,Promo,2024-11-18 08:04:08,2024-11-25 08:04:08,PricingEngine,2026-02-24 03:55:58,BATCH-20260224-01
SKU-807441,SHOP,25.01,ZAR,Promo,2025-03-11 22:49:14,2025-03-18 22:49:14,PricingEngine,2026-02-24 03:55:58,BATCH-20260224-01
SKU-148461,C60,18.25,ZAR,Promo,2024-09-15 01:31:53,2024-09-22 01:31:53,PricingEngine,2026-02-24 03:55:58,BATCH-20260224-01
SKU-148461,C60,19.35,ZAR,Regular,2025-09-21 23:13:22,2025-10-21 23:13:22,PricingEngine,2026-02-24 03:55:58,BATCH-20260224-01
SKU-480742,SHOP,56.21,ZAR,Promo,2024-09-27 19:23:57,2024-10-04 19:23:57,PricingEngine,2026-02-24 03:55:58,BATCH-20260224-01
SKU-480742,SHOP,59.58,ZAR,Promo,2025-07-17 03:18:46,2025-07-24 03:18:46,PricingEngine,2026-02-24 03:55:58,BATCH-20260224-01
SKU-674000,CHK,30.32,ZAR,Regular,2024-12-07 15:38:16,2025-01-07 15:38:16,PricingEngine,2026-02-24 03:55:58,BATCH-20260224-01
SKU-674000,CHK,32.14,ZAR,Regular,2025-07-14 13:30:28,2025-08-14 13:30:28,PricingEngine,2026-02-24 03:55:58,BATCH-20260224-01
SKU-498781,SHOP,21.91,ZAR,Regular,2024-11-08 01:28:55,2024-12-08 01:28:55,PricingEngine,2026-02-24 03:55:58,BATCH-20260224-01
SKU-498781,USV,23.23,ZAR,Promo,2025-01-27 23:04:55,2025-02-03 23:04:55,PricingEngine,2026-02-24 03:55:58,BATCH-20260224-01
SKU-630803,SHOP,18.21,ZAR,Regular,2024-08-15 12:10:35,2024-09-15 12:10:35,PricingEngine,2026-02-24 03:55:58,BATCH-20260224-01
SKU-630803,SHOP,19.3,ZAR,Regular,2025-02-21 20:06:34,2025-03-21 20:06:34,PricingEngine,2026-02-24 03:55:58,BATCH-20260224-01
SKU-144689,CHK,50.77,ZAR,Promo,2024-07-14 04:50:26,2024-07-21 04:50:26,PricingEngine,2026-02-24 03:55:58,BATCH-20260224-01
SKU-144689,SHOP,53.82,ZAR,Promo,2025-01-08 18:49:12,2025-01-15 18:49:12,PricingEngine,2026-02-24 03:55:58,BATCH-20260224-01
SKU-405670,C60,53.93,ZAR,Promo,2024-05-02 18:18:35,2024-05-09 18:18:35,PricingEngine,2026-02-24 03:55:58,BATCH-20260224-01
SKU-405670,USV,57.17,ZAR,Regular,2025-04-20 16:23:10,2025-05-20 16:23:10,PricingEngine,2026-02-24 03:55:58,BATCH-20260224-01
SKU-406499,USV,21.64,ZAR,Promo,2024-05-22 18:02:12,2024-05-29 18:02:12,PricingEngine,2026-02-24 03:55:58,BATCH-20260224-01
SKU-406499,C60,22.94,ZAR,Promo,2025-05-28 00:37:02,2025-06-04 00:37:02,PricingEngine,2026-02-24 03:55:58,BATCH-20260224-01
SKU-967516,USV,28.03,ZAR,Regular,2024-07-09 16:44:01,2024-08-09 16:44:01,PricingEngine,2026-02-24 03:55:58,BATCH-20260224-01
SKU-967516,USV,29.71,ZAR,Regular,2025-06-18 11:36:29,2025-07-18 11:36:29,PricingEngine,2026-02-24 03:55:58,BATCH-20260224-01
SKU-223473,SHOP,21.13,ZAR,Regular,2024-06-03 03:55:43,2024-07-03 03:55:43,PricingEngine,2026-02-24 03:55:58,BATCH-20260224-01
SKU-223473,C60,22.4,ZAR,Promo,2025-05-24 08:11:04,2025-05-31 08:11:04,PricingEngine,2026-02-24 03:55:58,BATCH-20260224-01
SKU-103536,SHOP,72.2,ZAR,Regular,2024-05-19 10:26:11,2024-06-19 10:26:11,PricingEngine,2026-02-24 03:55:58,BATCH-20260224-01
SKU-103536,C60,76.53,ZAR,Regular,2025-12-09 23:52:29,2026-01-09 23:52:29,PricingEngine,2026-02-24 03:55:58,BATCH-20260224-01
SKU-429874,USV,29.75,ZAR,Promo,2024-07-26 14:00:21,2024-08-02 14:00:21,PricingEngine,2026-02-24 03:55:58,BATCH-20260224-01
SKU-429874,SHOP,31.54,ZAR,Promo,2025-03-12 16:19:06,2025-03-19 16:19:06,PricingEngine,2026-02-24 03:55:58,BATCH-20260224-01
SKU-774225,SHOP,18.25,ZAR,Regular,2024-01-28 18:27:21,2024-02-28 18:27:21,PricingEngine,2026-02-24 03:55:58,BATCH-20260224-01
SKU-774225,USV,19.35,ZAR,Promo,2025-05-21 09:13:13,2025-05-28 09:13:13,PricingEngine,2026-02-24 03:55:58,BATCH-20260224-01
SKU-290362,SHOP,19.08,ZAR,Regular,2024-11-15 04:57:09,2024-12-15 04:57:09,PricingEngine,2026-02-24 03:55:58,BATCH-20260224-01
SKU-290362,CHK,20.23,ZAR,Promo,2025-06-27 01:55:20,2025-07-04 01:55:20,PricingEngine,2026-02-24 03:55:58,BATCH-20260224-01
SKU-403210,SHOP,30.93,ZAR,Regular,2024-04-21 22:16:04,2024-05-21 22:16:04,PricingEngine,2026-02-24 03:55:58,BATCH-20260224-01
SKU-403210,C60,32.79,ZAR,Promo,2025-08-11 03:43:15,2025-08-18 03:43:15,PricingEngine,2026-02-24 03:55:58,BATCH-20260224-01
SKU-176525,C60,17.38,ZAR,Regular,2024-01-17 00:06:10,2024-02-17 00:06:10,PricingEngine,2026-02-24 03:55:58,BATCH-20260224-01
SKU-176525,CHK,18.42,ZAR,Promo,2025-11-05 09:45:51,2025-11-12 09:45:51,PricingEngine,2026-02-24 03:55:58,BATCH-20260224-01
SKU-988900,CHK,22.61,ZAR,Promo,2024-12-16 23:21:23,2024-12-23 23:21:23,PricingEngine,2026-02-24 03:55:58,BATCH-20260224-01
SKU-988900,CHK,23.97,ZAR,Promo,2025-08-20 02:32:44,2025-08-27 02:32:44,PricingEngine,2026-02-24 03:55:58,BATCH-20260224-01
SKU-901777,USV,98.36,ZAR,Promo,2024-03-20 01:11:30,2024-03-27 01:11:30,PricingEngine,2026-02-24 03:55:58,BATCH-20260224-01
SKU-901777,USV,104.26,ZAR,Promo,2025-11-23 02:57:08,2025-11-30 02:57:08,PricingEngine,2026-02-24 03:55:58,BATCH-20260224-01
SKU-551342,USV,34.44,ZAR,Promo,2024-08-10 03:10:49,2024-08-17 03:10:49,PricingEngine,2026-02-24 03:55:58,BATCH-20260224-01
SKU-551342,USV,36.51,ZAR,Regular,2025-12-14 08:49:42,2026-01-14 08:49:42,PricingEngine,2026-02-24 03:55:58,BATCH-20260224-01
SKU-638335,C60,14.03,ZAR,Regular,2024-07-10 02:20:34,2024-08-10 02:20:34,PricingEngine,2026-02-24 03:55:58,BATCH-20260224-01
SKU-638335,CHK,14.87,ZAR,Promo,2025-08-09 12:40:30,2025-08-16 12:40:30,PricingEngine,2026-02-24 03:55:58,BATCH-20260224-01
SKU-940621,C60,26.02,ZAR,Promo,2024-05-28 04:27:58,2024-06-04 04:27:58,PricingEngine,2026-02-24 03:55:58,BATCH-20260224-01
SKU-940621,CHK,27.58,ZAR,Promo,2025-03-25 09:57:10,2025-04-01 09:57:10,PricingEngine,2026-02-24 03:55:58,BATCH-20260224-01
SKU-541970,USV,45.24,ZAR,Regular,2024-09-12 21:30:14,2024-10-12 21:30:14,PricingEngine,2026-02-24 03:55:58,BATCH-20260224-01
SKU-541970,CHK,47.96,ZAR,Promo,2025-01-18 03:14:04,2025-01-25 03:14:04,PricingEngine,2026-02-24 03:55:58,BATCH-20260224-01
SKU-936764,SHOP,16.94,ZAR,Regular,2024-02-16 15:49:03,2024-03-16 15:49:03,PricingEngine,2026-02-24 03:55:58,BATCH-20260224-01
SKU-936764,C60,17.96,ZAR,Promo,2025-05-27 18:14:04,2025-06-03 18:14:04,PricingEngine,2026-02-24 03:55:58,BATCH-20260224-01
SKU-430614,SHOP,16.57,ZAR,Regular,2024-07-11 17:55:45,2024-08-11 17:55:45,PricingEngine,2026-02-24 03:55:58,BATCH-20260224-01
SKU-430614,SHOP,17.56,ZAR,Regular,2025-09-12 11:16:53,2025-10-12 11:16:53,PricingEngine,2026-02-24 03:55:58,BATCH-20260224-01
SKU-561218,C60,16.14,ZAR,Regular,2024-10-13 11:31:50,2024-11-13 11:31:50,PricingEngine,2026-02-24 03:55:58,BATCH-20260224-01
SKU-561218,C60,17.11,ZAR,Promo,2025-08-06 15:21:06,2025-08-13 15:21:06,PricingEngine,2026-02-24 03:55:58,BATCH-20260224-01
SKU-131353,CHK,33.73,ZAR,Regular,2024-05-15 02:59:02,2024-06-15 02:59:02,PricingEngine,2026-02-24 03:55:58,BATCH-20260224-01
SKU-131353,SHOP,35.75,ZAR,Promo,2025-12-08 04:18:29,2025-12-15 04:18:29,PricingEngine,2026-02-24 03:55:58,BATCH-20260224-01
SKU-737498,C60,19.36,ZAR,Regular,2024-04-14 18:11:41,2024-05-14 18:11:41,PricingEngine,2026-02-24 03:55:58,BATCH-20260224-01
SKU-737498,C60,20.52,ZAR,Regular,2025-10-03 03:35:45,2025-11-03 03:35:45,PricingEngine,2026-02-24 03:55:58,BATCH-20260224-01
SKU-722788,CHK,28.74,ZAR,Promo,2024-01-21 23:11:40,2024-01-28 23:11:40,PricingEngine,2026-02-24 03:55:58,BATCH-20260224-01
SKU-722788,C60,30.46,ZAR,Regular,2025-01-08 11:05:23,2025-02-08 11:05:23,PricingEngine,2026-02-24 03:55:58,BATCH-20260224-01
SKU-664258,SHOP,27.96,ZAR,Promo,2024-08-04 13:12:01,2024-08-11 13:12:01,PricingEngine,2026-02-24 03:55:58,BATCH-20260224-01
SKU-664258,CHK,29.64,ZAR,Promo,2025-05-17 04:20:14,2025-05-24 04:20:14,PricingEngine,2026-02-24 03:55:58,BATCH-20260224-01
SKU-900607,C60,21.73,ZAR,Regular,2024-06-19 07:16:35,2024-07-19 07:16:35,PricingEngine,2026-02-24 03:55:58,BATCH-20260224-01
SKU-900607,C60,23.03,ZAR,Promo,2025-06-15 09:11:20,2025-06-22 09:11:20,PricingEngine,2026-02-24 03:55:58,BATCH-20260224-01
SKU-481778,C60,35.98,ZAR,Regular,2024-09-16 09:45:16,2024-10-16 09:45:16,PricingEngine,2026-02-24 03:55:58,BATCH-20260224-01
SKU-481778,SHOP,38.14,ZAR,Promo,2025-10-28 13:12:04,2025-11-04 13:12:04,PricingEngine,2026-02-24 03:55:58,BATCH-20260224-01
SKU-764991,USV,27.76,ZAR,Regular,2024-11-06 18:03:09,2024-12-06 18:03:09,PricingEngine,2026-02-24 03:55:58,BATCH-20260224-01
SKU-764991,C60,29.43,ZAR,Regular,2025-10-19 11:02:04,2025-11-19 11:02:04,PricingEngine,2026-02-24 03:55:58,BATCH-20260224-01
SKU-107631,SHOP,20.21,ZAR,Regular,2024-12-27 08:41:18,2025-01-27 08:41:18,PricingEngine,2026-02-24 03:55:58,BATCH-20260224-01
SKU-107631,C60,21.42,ZAR,Regular,2025-01-25 03:11:03,2025-02-25 03:11:03,PricingEngine,2026-02-24 03:55:58,BATCH-20260224-01
SKU-444127,SHOP,18.25,ZAR,Regular,2024-03-13 21:55:59,2024-04-13 21:55:59,PricingEngine,2026-02-24 03:55:58,BATCH-20260224-01
SKU-444127,CHK,19.35,ZAR,Promo,2025-02-23 14:51:42,2025-03-02 14:51:42,PricingEngine,2026-02-24 03:55:58,BATCH-20260224-01
SKU-257839,USV,33.26,ZAR,Regular,2024-09-04 18:35:25,2024-10-04 18:35:25,PricingEngine,2026-02-24 03:55:58,BATCH-20260224-01
SKU-257839,C60,35.26,ZAR,Regular,2025-01-05 18:26:42,2025-02-05 18:26:42,PricingEngine,2026-02-24 03:55:58,BATCH-20260224-01
SKU-441260,SHOP,19.41,ZAR,Regular,2024-09-25 12:37:27,2024-10-25 12:37:27,PricingEngine,2026-02-24 03:55:58,BATCH-20260224-01
SKU-441260,C60,20.58,ZAR,Regular,2025-02-06 15:31:29,2025-03-06 15:31:29,PricingEngine,2026-02-24 03:55:58,BATCH-20260224-01
SKU-193058,CHK,28.24,ZAR,Promo,2024-10-01 12:20:57,2024-10-08 12:20:57,PricingEngine,2026-02-24 03:55:58,BATCH-20260224-01
SKU-193058,C60,29.93,ZAR,Regular,2025-07-15 20:23:42,2025-08-15 20:23:42,PricingEngine,2026-02-24 03:55:58,BATCH-20260224-01
SKU-284092,CHK,15.34,ZAR,Promo,2024-09-26 06:04:00,2024-10-03 06:04:00,PricingEngine,2026-02-24 03:55:58,BATCH-20260224-01
SKU-284092,SHOP,16.26,ZAR,Regular,2025-01-27 21:22:09,2025-02-27 21:22:09,PricingEngine,2026-02-24 03:55:58,BATCH-20260224-01
SKU-984967,C60,113.2,ZAR,Promo,2024-01-17 19:55:01,2024-01-24 19:55:01,PricingEngine,2026-02-24 03:55:58,BATCH-20260224-01
SKU-984967,CHK,119.99,ZAR,Regular,2025-07-21 19:21:22,2025-08-21 19:21:22,PricingEngine,2026-02-24 03:55:58,BATCH-20260224-01
SKU-987161,CHK,51.89,ZAR,Promo,2024-07-05 00:10:48,2024-07-12 00:10:48,PricingEngine,2026-02-24 03:55:58,BATCH-20260224-01
SKU-987161,C60,55.0,ZAR,Promo,2025-11-22 04:15:37,2025-11-29 04:15:37,PricingEngine,2026-02-24 03:55:58,BATCH-20260224-01
SKU-912568,C60,88.46,ZAR,Promo,2024-05-22 06:52:47,2024-05-29 06:52:47,PricingEngine,2026-02-24 03:55:58,BATCH-20260224-01
SKU-912568,CHK,93.77,ZAR,Promo,2025-07-16 06:57:31,2025-07-23 06:57:31,PricingEngine,2026-02-24 03:55:58,BATCH-20260224-01
SKU-124983,C60,20.91,ZAR,Promo,2024-02-22 15:08:01,2024-02-29 15:08:01,PricingEngine,2026-02-24 03:55:58,BATCH-20260224-01
SKU-124983,C60,22.17,ZAR,Regular,2025-06-14 03:38:33,2025-07-14 03:38:33,PricingEngine,2026-02-24 03:55:58,BATCH-20260224-01
SKU-455807,USV,36.07,ZAR,Regular,2024-09-15 22:04:44,2024-10-15 22:04:44,PricingEngine,2026-02-24 03:55:58,BATCH-20260224-01
SKU-455807,CHK,38.23,ZAR,Regular,2025-09-07 08:01:33,2025-10-07 08:01:33,PricingEngine,2026-02-24 03:55:58,BATCH-20260224-01
SKU-434783,USV,128.75,ZAR,Promo,2024-12-08 19:04:43,2024-12-15 19:04:43,PricingEngine,2026-02-24 03:55:58,BATCH-20260224-01
SKU-434783,SHOP,136.48,ZAR,Promo,2025-02-03 05:12:47,2025-02-10 05:12:47,PricingEngine,2026-02-24 03:55:58,BATCH-20260224-01
SKU-808545,SHOP,13.48,ZAR,Promo,2024-02-18 01:26:38,2024-02-25 01:26:38,PricingEngine,2026-02-24 03:55:58,BATCH-20260224-01
SKU-808545,C60,14.29,ZAR,Promo,2025-04-06 12:08:58,2025-04-13 12:08:58,PricingEngine,2026-02-24 03:55:58,BATCH-20260224-01
SKU-407565,C60,21.15,ZAR,Promo,2024-10-26 01:57:05,2024-11-02 01:57:05,PricingEngine,2026-02-24 03:55:58,BATCH-20260224-01
SKU-407565,USV,22.42,ZAR,Promo,2025-05-08 12:50:53,2025-05-15 12:50:53,PricingEngine,2026-02-24 03:55:58,BATCH-20260224-01
SKU-854601,CHK,22.13,ZAR,Regular,2024-06-18 11:31:44,2024-07-18 11:31:44,PricingEngine,2026-02-24 03:55:58,BATCH-20260224-01
SKU-854601,C60,23.46,ZAR,Regular,2025-10-20 07:00:14,2025-11-20 07:00:14,PricingEngine,2026-02-24 03:55:58,BATCH-20260224-01
SKU-742310,C60,22.52,ZAR,Regular,2024-08-22 08:53:01,2024-09-22 08:53:01,PricingEngine,2026-02-24 03:55:58,BATCH-20260224-01
SKU-742310,SHOP,23.87,ZAR,Promo,2025-01-16 07:02:15,2025-01-23 07:02:15,PricingEngine,2026-02-24 03:55:58,BATCH-20260224-01
SKU-904587,SHOP,37.64,ZAR,Promo,2024-11-08 05:12:07,2024-11-15 05:12:07,PricingEngine,2026-02-24 03:55:58,BATCH-20260224-01
SKU-904587,SHOP,39.9,ZAR,Regular,2025-01-20 00:14:26,2025-02-20 00:14:26,PricingEngine,2026-02-24 03:55:58,BATCH-20260224-01
SKU-653055,C60,16.93,ZAR,Regular,2024-11-07 20:55:40,2024-12-07 20:55:40,PricingEngine,2026-02-24 03:55:58,BATCH-20260224-01
SKU-653055,USV,17.95,ZAR,Promo,2025-08-13 17:00:15,2025-08-20 17:00:15,PricingEngine,2026-02-24 03:55:58,BATCH-20260224-01
SKU-287078,CHK,35.65,ZAR,Regular,2024-05-14 14:38:46,2024-06-14 14:38:46,PricingEngine,2026-02-24 03:55:58,BATCH-20260224-01
SKU-287078,CHK,37.79,ZAR,Promo,2025-05-07 06:37:21,2025-05-14 06:37:21,PricingEngine,2026-02-24 03:55:58,BATCH-20260224-01
SKU-455511,C60,26.59,ZAR,Promo,2024-11-10 00:43:55,2024-11-17 00:43:55,PricingEngine,2026-02-24 03:55:58,BATCH-20260224-01
SKU-455511,CHK,28.19,ZAR,Promo,2025-05-28 00:17:43,2025-06-04 00:17:43,PricingEngine,2026-02-24 03:55:58,BATCH-20260224-01
SKU-694679,SHOP,15.23,ZAR,Promo,2024-03-18 02:03:20,2024-03-25 02:03:20,PricingEngine,2026-02-24 03:55:58,BATCH-20260224-01
SKU-694679,C60,16.14,ZAR,Regular,2025-01-13 22:09:51,2025-02-13 22:09:51,PricingEngine,2026-02-24 03:55:58,BATCH-20260224-01
SKU-956836,SHOP,24.31,ZAR,Regular,2024-09-07 15:13:17,2024-10-07 15:13:17,PricingEngine,2026-02-24 03:55:58,BATCH-20260224-01
SKU-956836,SHOP,25.77,ZAR,Regular,2025-10-07 19:59:31,2025-11-07 19:59:31,PricingEngine,2026-02-24 03:55:58,BATCH-20260224-01
SKU-632944,SHOP,23.08,ZAR,Regular,2024-12-12 20:34:10,2025-01-12 20:34:10,PricingEngine,2026-02-24 03:55:58,BATCH-20260224-01
SKU-632944,C60,24.47,ZAR,Promo,2025-10-14 13:07:37,2025-10-21 13:07:37,PricingEngine,2026-02-24 03:55:58,BATCH-20260224-01
SKU-402132,SHOP,31.46,ZAR,Promo,2024-06-04 07:22:16,2024-06-11 07:22:16,PricingEngine,2026-02-24 03:55:58,BATCH-20260224-01
SKU-402132,SHOP,33.35,ZAR,Regular,2025-04-25 11:23:07,2025-05-25 11:23:07,PricingEngine,2026-02-24 03:55:58,BATCH-20260224-01
SKU-568550,SHOP,18.22,ZAR,Promo,2024-10-20 02:18:26,2024-10-27 02:18:26,PricingEngine,2026-02-24 03:55:58,BATCH-20260224-01
SKU-568550,SHOP,19.31,ZAR,Regular,2025-01-03 16:58:39,2025-02-03 16:58:39,PricingEngine,2026-02-24 03:55:58,BATCH-20260224-01
SKU-142139,CHK,18.32,ZAR,Promo,2024-04-20 15:32:04,2024-04-27 15:32:04,PricingEngine,2026-02-24 03:55:58,BATCH-20260224-01
SKU-142139,USV,19.42,ZAR,Promo,2025-09-25 03:01:47,2025-10-02 03:01:47,PricingEngine,2026-02-24 03:55:58,BATCH-20260224-01
SKU-617899,CHK,75.33,ZAR,Regular,2024-05-17 18:22:19,2024-06-17 18:22:19,PricingEngine,2026-02-24 03:55:58,BATCH-20260224-01
SKU-617899,CHK,79.85,ZAR,Promo,2025-09-21 06:20:12,2025-09-28 06:20:12,PricingEngine,2026-02-24 03:55:58,BATCH-20260224-01
SKU-178065,USV,32.36,ZAR,Regular,2024-01-03 18:55:08,2024-02-03 18:55:08,PricingEngine,2026-02-24 03:55:58,BATCH-20260224-01
SKU-178065,USV,34.3,ZAR,Regular,2025-08-19 00:31:39,2025-09-19 00:31:39,PricingEngine,2026-02-24 03:55:58,BATCH-20260224-01
SKU-758155,CHK,18.7,ZAR,Promo,2024-07-24 15:30:14,2024-07-31 15:30:14,PricingEngine,2026-02-24 03:55:58,BATCH-20260224-01
SKU-758155,SHOP,19.82,ZAR,Regular,2025-11-01 02:28:46,2025-12-01 02:28:46,PricingEngine,2026-02-24 03:55:58,BATCH-20260224-01
SKU-458154,USV,27.23,ZAR,Regular,2024-05-23 14:27:05,2024-06-23 14:27:05,PricingEngine,2026-02-24 03:55:58,BATCH-20260224-01
SKU-458154,USV,28.86,ZAR,Regular,2025-04-10 21:55:22,2025-05-10 21:55:22,PricingEngine,2026-02-24 03:55:58,BATCH-20260224-01
SKU-900047,USV,22.77,ZAR,Promo,2024-04-21 17:52:19,2024-04-28 17:52:19,PricingEngine,2026-02-24 03:55:58,BATCH-20260224-01
SKU-900047,USV,24.14,ZAR,Regular,2025-08-24 16:40:40,2025-09-24 16:40:40,PricingEngine,2026-02-24 03:55:58,BATCH-20260224-01
SKU-373200,SHOP,25.15,ZAR,Regular,2024-06-16 06:55:39,2024-07-16 06:55:39,PricingEngine,2026-02-24 03:55:58,BATCH-20260224-01
SKU-373200,C60,26.66,ZAR,Regular,2025-09-20 07:08:18,2025-10-20 07:08:18,PricingEngine,2026-02-24 03:55:58,BATCH-20260224-01
SKU-528390,USV,28.16,ZAR,Promo,2024-05-02 21:36:08,2024-05-09 21:36:08,PricingEngine,2026-02-24 03:55:58,BATCH-20260224-01
SKU-528390,CHK,29.85,ZAR,Regular,2025-03-27 03:08:14,2025-04-27 03:08:14,PricingEngine,2026-02-24 03:55:58,BATCH-20260224-01
SKU-695498,C60,46.29,ZAR,Promo,2024-03-07 08:36:24,2024-03-14 08:36:24,PricingEngine,2026-02-24 03:55:58,BATCH-20260224-01
SKU-695498,SHOP,49.07,ZAR,Regular,2025-11-13 19:56:32,2025-12-13 19:56:32,PricingEngine,2026-02-24 03:55:58,BATCH-20260224-01
SKU-671749,SHOP,92.73,ZAR,Regular,2024-03-20 19:14:10,2024-04-20 19:14:10,PricingEngine,2026-02-24 03:55:58,BATCH-20260224-01
SKU-671749,CHK,98.29,ZAR,Promo,2025-12-21 14:45:05,2025-12-28 14:45:05,PricingEngine,2026-02-24 03:55:58,BATCH-20260224-01
SKU-244229,C60,86.41,ZAR,Regular,2024-04-11 16:41:48,2024-05-11 16:41:48,PricingEngine,2026-02-24 03:55:58,BATCH-20260224-01
SKU-244229,CHK,91.6,ZAR,Regular,2025-10-14 23:20:24,2025-11-14 23:20:24,PricingEngine,2026-02-24 03:55:58,BATCH-20260224-01
SKU-392970,SHOP,22.1,ZAR,Promo,2024-06-08 14:11:10,2024-06-15 14:11:10,PricingEngine,2026-02-24 03:55:58,BATCH-20260224-01
SKU-392970,CHK,23.43,ZAR,Regular,2025-06-26 17:01:05,2025-07-26 17:01:05,PricingEngine,2026-02-24 03:55:58,BATCH-20260224-01
SKU-329584,SHOP,18.36,ZAR,Promo,2024-11-08 08:52:54,2024-11-15 08:52:54,PricingEngine,2026-02-24 03:55:58,BATCH-20260224-01
SKU-329584,CHK,19.46,ZAR,Regular,2025-04-17 18:35:01,2025-05-17 18:35:01,PricingEngine,2026-02-24 03:55:58,BATCH-20260224-01
SKU-194499,C60,17.9,ZAR,Promo,2024-11-12 17:02:53,2024-11-19 17:02:53,PricingEngine,2026-02-24 03:55:58,BATCH-20260224-01
SKU-194499,CHK,18.97,ZAR,Promo,2025-10-19 04:19:24,2025-10-26 04:19:24,PricingEngine,2026-02-24 03:55:58,BATCH-20260224-01
SKU-772072,C60,56.75,ZAR,Promo,2024-08-04 03:24:59,2024-08-11 03:24:59,PricingEngine,2026-02-24 03:55:58,BATCH-20260224-01
SKU-772072,C60,60.16,ZAR,Promo,2025-08-01 21:58:17,2025-08-08 21:58:17,PricingEngine,2026-02-24 03:55:58,BATCH-20260224-01
SKU-512089,USV,18.15,ZAR,Promo,2024-07-27 11:57:24,2024-08-03 11:57:24,PricingEngine,2026-02-24 03:55:58,BATCH-20260224-01
SKU-512089,USV,19.24,ZAR,Promo,2025-12-15 05:10:58,2025-12-22 05:10:58,PricingEngine,2026-02-24 03:55:58,BATCH-20260224-01
SKU-656704,C60,45.0,ZAR,Regular,2024-07-05 01:55:19,2024-08-05 01:55:19,PricingEngine,2026-02-24 03:55:58,BATCH-20260224-01
SKU-656704,C60,47.7,ZAR,Regular,2025-06-09 06:26:32,2025-07-09 06:26:32,PricingEngine,2026-02-24 03:55:58,BATCH-20260224-01
SKU-768279,C60,19.6,ZAR,Regular,2024-07-05 15:41:32,2024-08-05 15:41:32,PricingEngine,2026-02-24 03:55:58,BATCH-20260224-01
SKU-768279,USV,20.78,ZAR,Regular,2025-06-13 03:32:09,2025-07-13 03:32:09,PricingEngine,2026-02-24 03:55:58,BATCH-20260224-01
SKU-192278,C60,31.48,ZAR,Promo,2024-05-16 02:41:16,2024-05-23 02:41:16,PricingEngine,2026-02-24 03:55:58,BATCH-20260224-01
SKU-192278,SHOP,33.37,ZAR,Regular,2025-09-08 11:14:36,2025-10-08 11:14:36,PricingEngine,2026-02-24 03:55:58,BATCH-20260224-01
SKU-771344,USV,17.64,ZAR,Promo,2024-08-06 02:50:02,2024-08-13 02:50:02,PricingEngine,2026-02-24 03:55:58,BATCH-20260224-01
SKU-771344,SHOP,18.7,ZAR,Regular,2025-03-04 02:18:04,2025-04-04 02:18:04,PricingEngine,2026-02-24 03:55:58,BATCH-20260224-01
SKU-512443,C60,90.94,ZAR,Promo,2024-12-24 07:11:55,2024-12-31 07:11:55,PricingEngine,2026-02-24 03:55:58,BATCH-20260224-01
SKU-512443,C60,96.4,ZAR,Promo,2025-06-17 02:05:44,2025-06-24 02:05:44,PricingEngine,2026-02-24 03:55:58,BATCH-20260224-01
SKU-954476,CHK,25.44,ZAR,Promo,2024-08-06 20:58:19,2024-08-13 20:58:19,PricingEngine,2026-02-24 03:55:58,BATCH-20260224-01
SKU-954476,USV,26.97,ZAR,Promo,2025-12-03 16:32:44,2025-12-10 16:32:44,PricingEngine,2026-02-24 03:55:58,BATCH-20260224-01
SKU-777563,C60,16.39,ZAR,Promo,2024-06-16 21:26:52,2024-06-23 21:26:52,PricingEngine,2026-02-24 03:55:58,BATCH-20260224-01
SKU-777563,SHOP,17.37,ZAR,Regular,2025-02-26 12:01:05,2025-03-26 12:01:05,PricingEngine,2026-02-24 03:55:58,BATCH-20260224-01
SKU-480953,CHK,21.21,ZAR,Regular,2024-08-27 16:37:01,2024-09-27 16:37:01,PricingEngine,2026-02-24 03:55:58,BATCH-20260224-01
SKU-480953,C60,22.48,ZAR,Promo,2025-10-09 02:33:53,2025-10-16 02:33:53,PricingEngine,2026-02-24 03:55:58,BATCH-20260224-01
SKU-542877,USV,13.14,ZAR,Promo,2024-12-28 00:54:34,2025-01-04 00:54:34,PricingEngine,2026-02-24 03:55:58,BATCH-20260224-01
SKU-542877,USV,13.93,ZAR,Regular,2025-01-04 02:06:24,2025-02-04 02:06:24,PricingEngine,2026-02-24 03:55:58,BATCH-20260224-01
SKU-260383,SHOP,16.74,ZAR,Regular,2024-12-15 07:11:14,2025-01-15 07:11:14,PricingEngine,2026-02-24 03:55:58,BATCH-20260224-01
SKU-260383,CHK,17.75,ZAR,Promo,2025-09-13 02:41:10,2025-09-20 02:41:10,PricingEngine,2026-02-24 03:55:58,BATCH-20260224-01
SKU-564116,SHOP,32.87,ZAR,Promo,2024-10-05 00:28:08,2024-10-12 00:28:08,PricingEngine,2026-02-24 03:55:58,BATCH-20260224-01
SKU-564116,SHOP,34.84,ZAR,Regular,2025-11-04 06:51:03,2025-12-04 06:51:03,PricingEngine,2026-02-24 03:55:58,BATCH-20260224-01
SKU-300025,C60,21.54,ZAR,Promo,2024-02-17 17:01:07,2024-02-24 17:01:07,PricingEngine,2026-02-24 03:55:58,BATCH-20260224-01
SKU-300025,C60,22.83,ZAR,Regular,2025-01-16 02:35:02,2025-02-16 02:35:02,PricingEngine,2026-02-24 03:55:58,BATCH-20260224-01
SKU-264522,CHK,50.04,ZAR,Regular,2024-08-01 22:54:41,2024-09-01 22:54:41,PricingEngine,2026-02-24 03:55:58,BATCH-20260224-01
SKU-264522,USV,53.04,ZAR,Regular,2025-04-04 03:53:52,2025-05-04 03:53:52,PricingEngine,2026-02-24 03:55:58,BATCH-20260224-01
SKU-209132,SHOP,21.66,ZAR,Regular,2024-06-26 14:33:32,2024-07-26 14:33:32,PricingEngine,2026-02-24 03:55:58,BATCH-20260224-01
SKU-209132,CHK,22.96,ZAR,Regular,2025-07-01 20:26:45,2025-08-01 20:26:45,PricingEngine,2026-02-24 03:55:58,BATCH-20260224-01
SKU-260413,USV,31.81,ZAR,Regular,2024-09-19 21:43:19,2024-10-19 21:43:19,PricingEngine,2026-02-24 03:55:58,BATCH-20260224-01
SKU-260413,C60,33.72,ZAR,Promo,2025-06-24 12:14:33,2025-07-01 12:14:33,PricingEngine,2026-02-24 03:55:58,BATCH-20260224-01
SKU-692502,C60,15.87,ZAR,Promo,2024-10-04 03:35:29,2024-10-11 03:35:29,PricingEngine,2026-02-24 03:55:58,BATCH-20260224-01
SKU-692502,USV,16.82,ZAR,Promo,2025-05-15 18:36:19,2025-05-22 18:36:19,PricingEngine,2026-02-24 03:55:58,BATCH-20260224-01
SKU-727438,SHOP,19.74,ZAR,Regular,2024-12-19 15:13:53,2025-01-19 15:13:53,PricingEngine,2026-02-24 03:55:58,BATCH-20260224-01
SKU-727438,C60,20.93,ZAR,Regular,2025-06-01 19:56:31,2025-07-01 19:56:31,PricingEngine,2026-02-24 03:55:58,BATCH-20260224-01
SKU-800436,SHOP,88.58,ZAR,Regular,2024-04-23 20:42:29,2024-05-23 20:42:29,PricingEngine,2026-02-24 03:55:58,BATCH-20260224-01
SKU-800436,C60,93.9,ZAR,Promo,2025-06-04 22:00:59,2025-06-11 22:00:59,PricingEngine,2026-02-24 03:55:58,BATCH-20260224-01
SKU-505261,C60,29.55,ZAR,Promo,2024-09-22 01:55:34,2024-09-29 01:55:34,PricingEngine,2026-02-24 03:55:58,BATCH-20260224-01
SKU-505261,USV,31.32,ZAR,Regular,2025-10-20 22:16:36,2025-11-20 22:16:36,PricingEngine,2026-02-24 03:55:58,BATCH-20260224-01
SKU-186337,USV,21.12,ZAR,Regular,2024-07-01 07:09:40,2024-08-01 07:09:40,PricingEngine,2026-02-24 03:55:58,BATCH-20260224-01
SKU-186337,SHOP,22.39,ZAR,Promo,2025-11-25 07:48:35,2025-12-02 07:48:35,PricingEngine,2026-02-24 03:55:58,BATCH-20260224-01
SKU-639555,CHK,35.86,ZAR,Promo,2024-06-24 20:25:02,2024-07-01 20:25:02,PricingEngine,2026-02-24 03:55:58,BATCH-20260224-01
SKU-639555,USV,38.01,ZAR,Regular,2025-09-12 14:01:42,2025-10-12 14:01:42,PricingEngine,2026-02-24 03:55:58,BATCH-20260224-01
SKU-354814,SHOP,16.71,ZAR,Regular,2024-04-17 06:47:48,2024-05-17 06:47:48,PricingEngine,2026-02-24 03:55:58,BATCH-20260224-01
SKU-354814,CHK,17.71,ZAR,Regular,2025-10-07 21:36:35,2025-11-07 21:36:35,PricingEngine,2026-02-24 03:55:58,BATCH-20260224-01
SKU-512932,C60,17.04,ZAR,Promo,2024-06-07 19:39:48,2024-06-14 19:39:48,PricingEngine,2026-02-24 03:55:58,BATCH-20260224-01
SKU-512932,CHK,18.06,ZAR,Regular,2025-11-15 22:31:55,2025-12-15 22:31:55,PricingEngine,2026-02-24 03:55:58,BATCH-20260224-01
SKU-572960,SHOP,52.24,ZAR,Regular,2024-02-14 01:19:17,2024-03-14 01:19:17,PricingEngine,2026-02-24 03:55:58,BATCH-20260224-01
SKU-572960,C60,55.38,ZAR,Promo,2025-08-06 11:09:37,2025-08-13 11:09:37,PricingEngine,2026-02-24 03:55:58,BATCH-20260224-01
SKU-558792,CHK,81.04,ZAR,Regular,2024-07-08 15:22:26,2024-08-08 15:22:26,PricingEngine,2026-02-24 03:55:58,BATCH-20260224-01
SKU-558792,USV,85.9,ZAR,Promo,2025-02-03 05:43:31,2025-02-10 05:43:31,PricingEngine,2026-02-24 03:55:58,BATCH-20260224-01
SKU-817739,SHOP,21.19,ZAR,Regular,2024-06-18 18:37:47,2024-07-18 18:37:47,PricingEngine,2026-02-24 03:55:58,BATCH-20260224-01
SKU-817739,C60,22.46,ZAR,Promo,2025-06-09 22:59:30,2025-06-16 22:59:30,PricingEngine,2026-02-24 03:55:58,BATCH-20260224-01
SKU-633716,SHOP,22.47,ZAR,Promo,2024-03-13 14:36:15,2024-03-20 14:36:15,PricingEngine,2026-02-24 03:55:58,BATCH-20260224-01
SKU-633716,SHOP,23.82,ZAR,Regular,2025-09-15 04:33:43,2025-10-15 04:33:43,PricingEngine,2026-02-24 03:55:58,BATCH-20260224-01
SKU-489558,USV,22.74,ZAR,Regular,2024-06-06 22:12:54,2024-07-06 22:12:54,PricingEngine,2026-02-24 03:55:58,BATCH-20260224-01
SKU-489558,SHOP,24.11,ZAR,Promo,2025-10-14 16:10:06,2025-10-21 16:10:06,PricingEngine,2026-02-24 03:55:58,BATCH-20260224-01
SKU-349064,SHOP,85.3,ZAR,Promo,2024-08-03 23:41:33,2024-08-10 23:41:33,PricingEngine,2026-02-24 03:55:58,BATCH-20260224-01
SKU-349064,CHK,90.42,ZAR,Promo,2025-04-28 14:23:55,2025-05-05 14:23:55,PricingEngine,2026-02-24 03:55:58,BATCH-20260224-01
SKU-415622,C60,76.14,ZAR,Promo,2024-09-25 22:45:31,2024-10-02 22:45:31,PricingEngine,2026-02-24 03:55:58,BATCH-20260224-01
SKU-415622,SHOP,80.71,ZAR,Regular,2025-12-27 18:54:37,2026-01-27 18:54:37,PricingEngine,2026-02-24 03:55:58,BATCH-20260224-01
SKU-503497,SHOP,45.41,ZAR,Regular,2024-09-20 22:44:27,2024-10-20 22:44:27,PricingEngine,2026-02-24 03:55:58,BATCH-20260224-01
SKU-503497,SHOP,48.14,ZAR,Regular,2025-04-24 19:17:42,2025-05-24 19:17:42,PricingEngine,2026-02-24 03:55:58,BATCH-20260224-01
SKU-525563,CHK,24.04,ZAR,Promo,2024-07-24 20:21:44,2024-07-31 20:21:44,PricingEngine,2026-02-24 03:55:58,BATCH-20260224-01
SKU-525563,CHK,25.48,ZAR,Promo,2025-11-12 11:51:33,2025-11-19 11:51:33,PricingEngine,2026-02-24 03:55:58,BATCH-20260224-01
SKU-991882,USV,42.88,ZAR,Promo,2024-09-10 19:26:07,2024-09-17 19:26:07,PricingEngine,2026-02-24 03:55:58,BATCH-20260224-01
SKU-991882,SHOP,45.45,ZAR,Promo,2025-11-24 01:40:30,2025-12-01 01:40:30,PricingEngine,2026-02-24 03:55:58,BATCH-20260224-01
SKU-801063,SHOP,16.7,ZAR,Promo,2024-01-09 23:19:52,2024-01-16 23:19:52,PricingEngine,2026-02-24 03:55:58,BATCH-20260224-01
SKU-801063,CHK,17.7,ZAR,Promo,2025-12-18 03:41:12,2025-12-25 03:41:12,PricingEngine,2026-02-24 03:55:58,BATCH-20260224-01
SKU-267104,USV,19.57,ZAR,Regular,2024-07-23 04:46:28,2024-08-23 04:46:28,PricingEngine,2026-02-24 03:55:58,BATCH-20260224-01
SKU-267104,SHOP,20.74,ZAR,Regular,2025-02-24 01:48:43,2025-03-24 01:48:43,PricingEngine,2026-02-24 03:55:58,BATCH-20260224-01
SKU-318746,CHK,32.6,ZAR,Regular,2024-05-25 23:04:48,2024-06-25 23:04:48,PricingEngine,2026-02-24 03:55:58,BATCH-20260224-01
SKU-318746,USV,34.56,ZAR,Promo,2025-08-23 02:43:29,2025-08-30 02:43:29,PricingEngine,2026-02-24 03:55:58,BATCH-20260224-01
SKU-778428,C60,91.09,ZAR,Promo,2024-05-08 15:08:47,2024-05-15 15:08:47,PricingEngine,2026-02-24 03:55:58,BATCH-20260224-01
SKU-778428,CHK,96.56,ZAR,Promo,2025-04-25 05:11:17,2025-05-02 05:11:17,PricingEngine,2026-02-24 03:55:58,BATCH-20260224-01
SKU-810378,SHOP,56.14,ZAR,Regular,2024-11-27 22:11:28,2024-12-27 22:11:28,PricingEngine,2026-02-24 03:55:58,BATCH-20260224-01
SKU-810378,SHOP,59.51,ZAR,Regular,2025-12-18 09:22:33,2026-01-18 09:22:33,PricingEngine,2026-02-24 03:55:58,BATCH-20260224-01
SKU-771507,SHOP,18.71,ZAR,Promo,2024-06-26 00:26:20,2024-07-03 00:26:20,PricingEngine,2026-02-24 03:55:58,BATCH-20260224-01
SKU-771507,SHOP,19.83,ZAR,Promo,2025-02-28 18:49:12,2025-03-07 18:49:12,PricingEngine,2026-02-24 03:55:58,BATCH-20260224-01
SKU-490778,C60,85.55,ZAR,Regular,2024-09-08 20:16:12,2024-10-08 20:16:12,PricingEngine,2026-02-24 03:55:58,BATCH-20260224-01
SKU-490778,C60,90.68,ZAR,Promo,2025-11-03 09:06:34,2025-11-10 09:06:34,PricingEngine,2026-02-24 03:55:58,BATCH-20260224-01
SKU-320025,C60,130.46,ZAR,Regular,2024-08-14 14:09:19,2024-09-14 14:09:19,PricingEngine,2026-02-24 03:55:58,BATCH-20260224-01
SKU-320025,USV,138.29,ZAR,Regular,2025-09-07 04:53:50,2025-10-07 04:53:50,PricingEngine,2026-02-24 03:55:58,BATCH-20260224-01
SKU-700262,CHK,44.58,ZAR,Regular,2024-02-28 07:16:24,2024-03-28 07:16:24,PricingEngine,2026-02-24 03:55:58,BATCH-20260224-01
SKU-700262,CHK,47.26,ZAR,Regular,2025-05-17 22:32:11,2025-06-17 22:32:11,PricingEngine,2026-02-24 03:55:58,BATCH-20260224-01
SKU-244905,USV,17.65,ZAR,Promo,2024-05-27 16:13:04,2024-06-03 16:13:04,PricingEngine,2026-02-24 03:55:58,BATCH-20260224-01
SKU-244905,C60,18.71,ZAR,Regular,2025-10-18 22:07:06,2025-11-18 22:07:06,PricingEngine,2026-02-24 03:55:58,BATCH-20260224-01
SKU-184798,C60,39.53,ZAR,Promo,2024-06-24 16:07:13,2024-07-01 16:07:13,PricingEngine,2026-02-24 03:55:58,BATCH-20260224-01
SKU-184798,SHOP,41.9,ZAR,Promo,2025-07-03 14:16:53,2025-07-10 14:16:53,PricingEngine,2026-02-24 03:55:58,BATCH-20260224-01
SKU-200721,USV,19.34,ZAR,Regular,2024-07-27 02:55:40,2024-08-27 02:55:40,PricingEngine,2026-02-24 03:55:58,BATCH-20260224-01
SKU-200721,SHOP,20.5,ZAR,Promo,2025-09-23 10:29:06,2025-09-30 10:29:06,PricingEngine,2026-02-24 03:55:58,BATCH-20260224-01
SKU-212905,SHOP,19.76,ZAR,Regular,2024-10-16 04:33:32,2024-11-16 04:33:32,PricingEngine,2026-02-24 03:55:58,BATCH-20260224-01
SKU-212905,CHK,20.95,ZAR,Promo,2025-03-22 22:32:44,2025-03-29 22:32:44,PricingEngine,2026-02-24 03:55:58,BATCH-20260224-01
SKU-439388,CHK,35.43,ZAR,Regular,2024-07-01 17:21:19,2024-08-01 17:21:19,PricingEngine,2026-02-24 03:55:58,BATCH-20260224-01
SKU-439388,USV,37.56,ZAR,Promo,2025-11-05 22:36:46,2025-11-12 22:36:46,PricingEngine,2026-02-24 03:55:58,BATCH-20260224-01
SKU-776462,USV,13.08,ZAR,Regular,2024-04-04 01:43:24,2024-05-04 01:43:24,PricingEngine,2026-02-24 03:55:58,BATCH-20260224-01
SKU-776462,USV,13.87,ZAR,Promo,2025-03-24 21:59:07,2025-03-31 21:59:07,PricingEngine,2026-02-24 03:55:58,BATCH-20260224-01
SKU-603609,SHOP,37.78,ZAR,Promo,2024-01-08 04:46:44,2024-01-15 04:46:44,PricingEngine,2026-02-24 03:55:58,BATCH-20260224-01
SKU-603609,CHK,40.05,ZAR,Regular,2025-09-06 15:18:17,2025-10-06 15:18:17,PricingEngine,2026-02-24 03:55:58,BATCH-20260224-01
SKU-131883,C60,16.33,ZAR,Regular,2024-05-14 16:17:40,2024-06-14 16:17:40,PricingEngine,2026-02-24 03:55:58,BATCH-20260224-01
SKU-131883,C60,17.31,ZAR,Regular,2025-08-12 15:52:26,2025-09-12 15:52:26,PricingEngine,2026-02-24 03:55:58,BATCH-20260224-01
SKU-592886,CHK,79.36,ZAR,Regular,2024-08-09 00:52:21,2024-09-09 00:52:21,PricingEngine,2026-02-24 03:55:58,BATCH-20260224-01
SKU-592886,CHK,84.12,ZAR,Promo,2025-07-11 18:36:49,2025-07-18 18:36:49,PricingEngine,2026-02-24 03:55:58,BATCH-20260224-01
SKU-314266,SHOP,129.52,ZAR,Promo,2024-09-21 17:41:31,2024-09-28 17:41:31,PricingEngine,2026-02-24 03:55:58,BATCH-20260224-01
SKU-314266,USV,137.29,ZAR,Promo,2025-03-24 02:50:43,2025-03-31 02:50:43,PricingEngine,2026-02-24 03:55:58,BATCH-20260224-01
SKU-826541,SHOP,21.13,ZAR,Regular,2024-11-22 20:17:21,2024-12-22 20:17:21,PricingEngine,2026-02-24 03:55:58,BATCH-20260224-01
SKU-826541,CHK,22.4,ZAR,Promo,2025-08-22 10:20:21,2025-08-29 10:20:21,PricingEngine,2026-02-24 03:55:58,BATCH-20260224-01
SKU-638485,USV,86.68,ZAR,Promo,2024-08-03 03:32:28,2024-08-10 03:32:28,PricingEngine,2026-02-24 03:55:58,BATCH-20260224-01
SKU-638485,USV,91.88,ZAR,Regular,2025-10-15 12:11:54,2025-11-15 12:11:54,PricingEngine,2026-02-24 03:55:58,BATCH-20260224-01
SKU-206075,CHK,17.51,ZAR,Regular,2024-02-03 07:47:49,2024-03-03 07:47:49,PricingEngine,2026-02-24 03:55:58,BATCH-20260224-01
SKU-206075,USV,18.56,ZAR,Promo,2025-12-26 13:34:40,2026-01-02 13:34:40,PricingEngine,2026-02-24 03:55:58,BATCH-20260224-01
SKU-668793,C60,23.43,ZAR,Promo,2024-06-03 15:41:40,2024-06-10 15:41:40,PricingEngine,2026-02-24 03:55:58,BATCH-20260224-01
SKU-668793,USV,24.84,ZAR,Regular,2025-05-04 05:31:44,2025-06-04 05:31:44,PricingEngine,2026-02-24 03:55:58,BATCH-20260224-01
SKU-587094,USV,21.02,ZAR,Promo,2024-08-06 04:59:42,2024-08-13 04:59:42,PricingEngine,2026-02-24 03:55:58,BATCH-20260224-01
SKU-587094,USV,22.28,ZAR,Promo,2025-03-15 18:20:09,2025-03-22 18:20:09,PricingEngine,2026-02-24 03:55:58,BATCH-20260224-01
SKU-564437,USV,13.07,ZAR,Promo,2024-12-07 01:46:25,2024-12-14 01:46:25,PricingEngine,2026-02-24 03:55:58,BATCH-20260224-01
SKU-564437,C60,13.85,ZAR,Promo,2025-07-17 23:45:23,2025-07-24 23:45:23,PricingEngine,2026-02-24 03:55:58,BATCH-20260224-01
SKU-560627,CHK,94.55,ZAR,Regular,2024-08-02 22:58:06,2024-09-02 22:58:06,PricingEngine,2026-02-24 03:55:58,BATCH-20260224-01
SKU-560627,SHOP,100.22,ZAR,Regular,2025-11-03 11:06:05,2025-12-03 11:06:05,PricingEngine,2026-02-24 03:55:58,BATCH-20260224-01
SKU-683878,USV,16.75,ZAR,Regular,2024-01-13 14:36:39,2024-02-13 14:36:39,PricingEngine,2026-02-24 03:55:58,BATCH-20260224-01
SKU-683878,CHK,17.76,ZAR,Promo,2025-07-07 02:27:43,2025-07-14 02:27:43,PricingEngine,2026-02-24 03:55:58,BATCH-20260224-01
SKU-678479,USV,42.22,ZAR,Promo,2024-09-03 14:08:58,2024-09-10 14:08:58,PricingEngine,2026-02-24 03:55:58,BATCH-20260224-01
SKU-678479,C60,44.75,ZAR,Regular,2025-05-17 05:45:58,2025-06-17 05:45:58,PricingEngine,2026-02-24 03:55:58,BATCH-20260224-01
SKU-307997,C60,30.45,ZAR,Promo,2024-11-14 23:10:00,2024-11-21 23:10:00,PricingEngine,2026-02-24 03:55:58,BATCH-20260224-01
SKU-307997,C60,32.28,ZAR,Promo,2025-04-27 19:10:40,2025-05-04 19:10:40,PricingEngine,2026-02-24 03:55:58,BATCH-20260224-01
SKU-316046,CHK,26.27,ZAR,Regular,2024-11-20 23:52:10,2024-12-20 23:52:10,PricingEngine,2026-02-24 03:55:58,BATCH-20260224-01
SKU-316046,C60,27.85,ZAR,Regular,2025-08-21 23:52:23,2025-09-21 23:52:23,PricingEngine,2026-02-24 03:55:58,BATCH-20260224-01
SKU-951833,USV,40.89,ZAR,Regular,2024-12-03 21:28:44,2025-01-03 21:28:44,PricingEngine,2026-02-24 03:55:58,BATCH-20260224-01
SKU-951833,C60,43.34,ZAR,Regular,2025-01-22 20:07:45,2025-02-22 20:07:45,PricingEngine,2026-02-24 03:55:58,BATCH-20260224-01
SKU-710269,SHOP,34.51,ZAR,Promo,2024-01-16 17:47:02,2024-01-23 17:47:02,PricingEngine,2026-02-24 03:55:58,BATCH-20260224-01
SKU-710269,C60,36.58,ZAR,Regular,2025-02-11 13:04:40,2025-03-11 13:04:40,PricingEngine,2026-02-24 03:55:58,BATCH-20260224-01
SKU-746178,SHOP,19.31,ZAR,Promo,2024-06-11 01:25:35,2024-06-18 01:25:35,PricingEngine,2026-02-24 03:55:58,BATCH-20260224-01
SKU-746178,USV,20.47,ZAR,Promo,2025-03-13 21:17:45,2025-03-20 21:17:45,PricingEngine,2026-02-24 03:55:58,BATCH-20260224-01
SKU-342274,USV,27.64,ZAR,Promo,2024-02-19 18:52:43,2024-02-26 18:52:43,PricingEngine,2026-02-24 03:55:58,BATCH-20260224-01
SKU-342274,SHOP,29.3,ZAR,Promo,2025-03-24 12:20:09,2025-03-31 12:20:09,PricingEngine,2026-02-24 03:55:58,BATCH-20260224-01
SKU-351742,USV,35.19,ZAR,Promo,2024-09-21 21:59:10,2024-09-28 21:59:10,PricingEngine,2026-02-24 03:55:58,BATCH-20260224-01
SKU-351742,SHOP,37.3,ZAR,Promo,2025-11-02 08:40:09,2025-11-09 08:40:09,PricingEngine,2026-02-24 03:55:58,BATCH-20260224-01
SKU-803183,C60,23.97,ZAR,Promo,2024-09-28 06:34:41,2024-10-05 06:34:41,PricingEngine,2026-02-24 03:55:58,BATCH-20260224-01
SKU-803183,C60,25.41,ZAR,Promo,2025-09-25 15:46:55,2025-10-02 15:46:55,PricingEngine,2026-02-24 03:55:58,BATCH-20260224-01
SKU-567974,CHK,101.35,ZAR,Promo,2024-05-01 08:42:16,2024-05-08 08:42:16,PricingEngine,2026-02-24 03:55:58,BATCH-20260224-01
SKU-567974,C60,107.43,ZAR,Regular,2025-06-02 02:10:01,2025-07-02 02:10:01,PricingEngine,2026-02-24 03:55:58,BATCH-20260224-01
SKU-392991,CHK,80.89,ZAR,Promo,2024-05-13 10:54:59,2024-05-20 10:54:59,PricingEngine,2026-02-24 03:55:58,BATCH-20260224-01
SKU-392991,CHK,85.74,ZAR,Promo,2025-07-05 02:03:20,2025-07-12 02:03:20,PricingEngine,2026-02-24 03:55:58,BATCH-20260224-01
SKU-141085,SHOP,19.13,ZAR,Promo,2024-09-06 16:41:05,2024-09-13 16:41:05,PricingEngine,2026-02-24 03:55:58,BATCH-20260224-01
SKU-141085,USV,20.28,ZAR,Regular,2025-03-02 21:52:05,2025-04-02 21:52:05,PricingEngine,2026-02-24 03:55:58,BATCH-20260224-01
SKU-300523,SHOP,33.84,ZAR,Regular,2024-10-04 14:37:48,2024-11-04 14:37:48,PricingEngine,2026-02-24 03:55:58,BATCH-20260224-01
SKU-300523,USV,35.87,ZAR,Promo,2025-12-09 18:10:01,2025-12-16 18:10:01,PricingEngine,2026-02-24 03:55:58,BATCH-20260224-01
SKU-235677,USV,27.74,ZAR,Promo,2024-09-05 08:14:07,2024-09-12 08:14:07,PricingEngine,2026-02-24 03:55:58,BATCH-20260224-01
SKU-235677,C60,29.41,ZAR,Regular,2025-07-15 17:25:39,2025-08-15 17:25:39,PricingEngine,2026-02-24 03:55:58,BATCH-20260224-01
SKU-145138,C60,94.62,ZAR,Regular,2024-09-27 06:55:54,2024-10-27 06:55:54,PricingEngine,2026-02-24 03:55:58,BATCH-20260224-01
SKU-145138,USV,100.3,ZAR,Promo,2025-06-14 01:24:24,2025-06-21 01:24:24,PricingEngine,2026-02-24 03:55:58,BATCH-20260224-01
SKU-769737,CHK,17.43,ZAR,Promo,2024-12-02 09:13:14,2024-12-09 09:13:14,PricingEngine,2026-02-24 03:55:58,BATCH-20260224-01
SKU-769737,USV,18.48,ZAR,Promo,2025-02-13 14:45:33,2025-02-20 14:45:33,PricingEngine,2026-02-24 03:55:58,BATCH-20260224-01
SKU-107082,CHK,35.58,ZAR,Promo,2024-09-21 08:37:53,2024-09-28 08:37:53,PricingEngine,2026-02-24 03:55:58,BATCH-20260224-01
SKU-107082,C60,37.72,ZAR,Regular,2025-06-19 22:52:44,2025-07-19 22:52:44,PricingEngine,2026-02-24 03:55:58,BATCH-20260224-01
SKU-710202,USV,17.79,ZAR,Promo,2024-10-25 22:22:31,2024-11-01 22:22:31,PricingEngine,2026-02-24 03:55:58,BATCH-20260224-01
SKU-710202,C60,18.86,ZAR,Promo,2025-12-19 05:28:39,2025-12-26 05:28:39,PricingEngine,2026-02-24 03:55:58,BATCH-20260224-01
SKU-623956,SHOP,34.05,ZAR,Promo,2024-01-22 04:52:24,2024-01-29 04:52:24,PricingEngine,2026-02-24 03:55:58,BATCH-20260224-01
SKU-623956,USV,36.09,ZAR,Promo,2025-07-01 09:16:00,2025-07-08 09:16:00,PricingEngine,2026-02-24 03:55:58,BATCH-20260224-01
SKU-705297,USV,31.19,ZAR,Promo,2024-08-06 02:05:54,2024-08-13 02:05:54,PricingEngine,2026-02-24 03:55:58,BATCH-20260224-01
SKU-705297,CHK,33.06,ZAR,Promo,2025-01-01 05:35:50,2025-01-08 05:35:50,PricingEngine,2026-02-24 03:55:58,BATCH-20260224-01
SKU-262397,SHOP,18.33,ZAR,Promo,2024-08-24 15:47:43,2024-08-31 15:47:43,PricingEngine,2026-02-24 03:55:58,BATCH-20260224-01
SKU-262397,CHK,19.43,ZAR,Promo,2025-11-09 01:12:45,2025-11-16 01:12:45,PricingEngine,2026-02-24 03:55:58,BATCH-20260224-01
SKU-796965,CHK,138.83,ZAR,Regular,2024-05-28 22:31:16,2024-06-28 22:31:16,PricingEngine,2026-02-24 03:55:58,BATCH-20260224-01
SKU-796965,SHOP,147.16,ZAR,Promo,2025-06-20 06:45:59,2025-06-27 06:45:59,PricingEngine,2026-02-24 03:55:58,BATCH-20260224-01
SKU-398282,USV,14.74,ZAR,Promo,2024-07-21 12:03:54,2024-07-28 12:03:54,PricingEngine,2026-02-24 03:55:58,BATCH-20260224-01
SKU-398282,C60,15.63,ZAR,Regular,2025-09-09 19:58:07,2025-10-09 19:58:07,PricingEngine,2026-02-24 03:55:58,BATCH-20260224-01
SKU-862663,SHOP,35.68,ZAR,Regular,2024-11-28 19:16:06,2024-12-28 19:16:06,PricingEngine,2026-02-24 03:55:58,BATCH-20260224-01
SKU-862663,SHOP,37.82,ZAR,Promo,2025-12-15 03:44:14,2025-12-22 03:44:14,PricingEngine,2026-02-24 03:55:58,BATCH-20260224-01
SKU-630368,CHK,15.82,ZAR,Regular,2024-04-04 11:35:18,2024-05-04 11:35:18,PricingEngine,2026-02-24 03:55:58,BATCH-20260224-01
SKU-630368,USV,16.77,ZAR,Promo,2025-06-02 18:04:32,2025-06-09 18:04:32,PricingEngine,2026-02-24 03:55:58,BATCH-20260224-01
SKU-225478,CHK,83.24,ZAR,Regular,2024-04-15 17:36:20,2024-05-15 17:36:20,PricingEngine,2026-02-24 03:55:58,BATCH-20260224-01
SKU-225478,C60,88.23,ZAR,Regular,2025-01-01 16:46:01,2025-02-01 16:46:01,PricingEngine,2026-02-24 03:55:58,BATCH-20260224-01
SKU-583955,CHK,77.07,ZAR,Promo,2024-10-07 07:23:46,2024-10-14 07:23:46,PricingEngine,2026-02-24 03:55:58,BATCH-20260224-01
SKU-583955,CHK,81.69,ZAR,Promo,2025-06-21 10:36:37,2025-06-28 10:36:37,PricingEngine,2026-02-24 03:55:58,BATCH-20260224-01
SKU-258084,USV,18.36,ZAR,Regular,2024-07-20 21:34:41,2024-08-20 21:34:41,PricingEngine,2026-02-24 03:55:58,BATCH-20260224-01
SKU-258084,C60,19.46,ZAR,Promo,2025-10-07 00:51:33,2025-10-14 00:51:33,PricingEngine,2026-02-24 03:55:58,BATCH-20260224-01
SKU-674735,CHK,115.59,ZAR,Regular,2024-10-18 08:22:44,2024-11-18 08:22:44,PricingEngine,2026-02-24 03:55:58,BATCH-20260224-01
SKU-674735,USV,122.53,ZAR,Regular,2025-10-22 11:10:02,2025-11-22 11:10:02,PricingEngine,2026-02-24 03:55:58,BATCH-20260224-01
SKU-904204,CHK,17.94,ZAR,Regular,2024-01-04 03:59:30,2024-02-04 03:59:30,PricingEngine,2026-02-24 03:55:58,BATCH-20260224-01
SKU-904204,C60,19.02,ZAR,Promo,2025-10-08 05:46:35,2025-10-15 05:46:35,PricingEngine,2026-02-24 03:55:58,BATCH-20260224-01
SKU-360847,C60,85.04,ZAR,Regular,2024-08-08 23:00:44,2024-09-08 23:00:44,PricingEngine,2026-02-24 03:55:58,BATCH-20260224-01
SKU-360847,SHOP,90.14,ZAR,Regular,2025-03-19 09:22:50,2025-04-19 09:22:50,PricingEngine,2026-02-24 03:55:58,BATCH-20260224-01
SKU-551853,CHK,51.19,ZAR,Promo,2024-02-18 05:33:13,2024-02-25 05:33:13,PricingEngine,2026-02-24 03:55:58,BATCH-20260224-01
SKU-551853,USV,54.26,ZAR,Regular,2025-07-03 17:24:32,2025-08-03 17:24:32,PricingEngine,2026-02-24 03:55:58,BATCH-20260224-01
SKU-407958,CHK,32.14,ZAR,Regular,2024-07-11 15:02:52,2024-08-11 15:02:52,PricingEngine,2026-02-24 03:55:58,BATCH-20260224-01
SKU-407958,USV,34.07,ZAR,Promo,2025-09-18 15:32:27,2025-09-25 15:32:27,PricingEngine,2026-02-24 03:55:58,BATCH-20260224-01
SKU-689514,SHOP,25.36,ZAR,Regular,2024-07-17 08:44:16,2024-08-17 08:44:16,PricingEngine,2026-02-24 03:55:58,BATCH-20260224-01
SKU-689514,CHK,26.88,ZAR,Regular,2025-06-24 05:33:16,2025-07-24 05:33:16,PricingEngine,2026-02-24 03:55:58,BATCH-20260224-01
SKU-969006,C60,28.52,ZAR,Promo,2024-02-05 11:16:55,2024-02-12 11:16:55,PricingEngine,2026-02-24 03:55:58,BATCH-20260224-01
SKU-969006,C60,30.23,ZAR,Promo,2025-11-08 06:21:36,2025-11-15 06:21:36,PricingEngine,2026-02-24 03:55:58,BATCH-20260224-01
SKU-546792,SHOP,15.37,ZAR,Regular,2024-09-07 06:50:08,2024-10-07 06:50:08,PricingEngine,2026-02-24 03:55:58,BATCH-20260224-01
SKU-546792,CHK,16.29,ZAR,Regular,2025-10-06 16:23:18,2025-11-06 16:23:18,PricingEngine,2026-02-24 03:55:58,BATCH-20260224-01
SKU-474234,SHOP,35.75,ZAR,Regular,2024-02-11 10:26:15,2024-03-11 10:26:15,PricingEngine,2026-02-24 03:55:58,BATCH-20260224-01
SKU-474234,USV,37.9,ZAR,Promo,2025-01-09 13:40:54,2025-01-16 13:40:54,PricingEngine,2026-02-24 03:55:58,BATCH-20260224-01
SKU-556439,SHOP,31.78,ZAR,Regular,2024-10-08 12:50:29,2024-11-08 12:50:29,PricingEngine,2026-02-24 03:55:58,BATCH-20260224-01
SKU-556439,SHOP,33.69,ZAR,Regular,2025-02-20 13:21:28,2025-03-20 13:21:28,PricingEngine,2026-02-24 03:55:58,BATCH-20260224-01
SKU-265090,SHOP,18.59,ZAR,Promo,2024-08-04 22:16:49,2024-08-11 22:16:49,PricingEngine,2026-02-24 03:55:58,BATCH-20260224-01
SKU-265090,USV,19.71,ZAR,Promo,2025-06-06 04:55:27,2025-06-13 04:55:27,PricingEngine,2026-02-24 03:55:58,BATCH-20260224-01
SKU-227413,CHK,33.78,ZAR,Regular,2024-04-13 11:42:25,2024-05-13 11:42:25,PricingEngine,2026-02-24 03:55:58,BATCH-20260224-01
SKU-227413,C60,35.81,ZAR,Regular,2025-08-24 16:44:26,2025-09-24 16:44:26,PricingEngine,2026-02-24 03:55:58,BATCH-20260224-01
SKU-580010,C60,23.94,ZAR,Regular,2024-09-14 20:08:44,2024-10-14 20:08:44,PricingEngine,2026-02-24 03:55:58,BATCH-20260224-01
SKU-580010,USV,25.38,ZAR,Promo,2025-09-18 15:44:52,2025-09-25 15:44:52,PricingEngine,2026-02-24 03:55:58,BATCH-20260224-01
SKU-190453,USV,15.56,ZAR,Promo,2024-04-23 21:22:26,2024-04-30 21:22:26,PricingEngine,2026-02-24 03:55:58,BATCH-20260224-01
SKU-190453,CHK,16.49,ZAR,Regular,2025-07-17 23:26:00,2025-08-17 23:26:00,PricingEngine,2026-02-24 03:55:58,BATCH-20260224-01
SKU-420232,C60,50.35,ZAR,Regular,2024-07-01 23:13:40,2024-08-01 23:13:40,PricingEngine,2026-02-24 03:55:58,BATCH-20260224-01
SKU-420232,USV,53.37,ZAR,Regular,2025-07-01 12:51:56,2025-08-01 12:51:56,PricingEngine,2026-02-24 03:55:58,BATCH-20260224-01
SKU-469230,CHK,32.1,ZAR,Promo,2024-08-13 03:37:26,2024-08-20 03:37:26,PricingEngine,2026-02-24 03:55:58,BATCH-20260224-01
SKU-469230,SHOP,34.03,ZAR,Promo,2025-10-20 21:09:20,2025-10-27 21:09:20,PricingEngine,2026-02-24 03:55:58,BATCH-20260224-01
SKU-678516,SHOP,35.82,ZAR,Promo,2024-10-07 08:35:32,2024-10-14 08:35:32,PricingEngine,2026-02-24 03:55:58,BATCH-20260224-01
SKU-678516,SHOP,37.97,ZAR,Regular,2025-05-19 13:21:06,2025-06-19 13:21:06,PricingEngine,2026-02-24 03:55:58,BATCH-20260224-01
SKU-970390,SHOP,27.69,ZAR,Regular,2024-07-07 00:47:32,2024-08-07 00:47:32,PricingEngine,2026-02-24 03:55:58,BATCH-20260224-01
SKU-970390,SHOP,29.35,ZAR,Promo,2025-10-19 03:40:46,2025-10-26 03:40:46,PricingEngine,2026-02-24 03:55:58,BATCH-20260224-01
SKU-584743,CHK,32.41,ZAR,Promo,2024-07-22 08:16:58,2024-07-29 08:16:58,PricingEngine,2026-02-24 03:55:58,BATCH-20260224-01
SKU-584743,USV,34.36,ZAR,Promo,2025-12-09 19:29:00,2025-12-16 19:29:00,PricingEngine,2026-02-24 03:55:58,BATCH-20260224-01
SKU-890247,CHK,30.64,ZAR,Regular,2024-03-05 23:17:26,2024-04-05 23:17:26,PricingEngine,2026-02-24 03:55:58,BATCH-20260224-01
SKU-890247,USV,32.48,ZAR,Regular,2025-11-18 00:39:09,2025-12-18 00:39:09,PricingEngine,2026-02-24 03:55:58,BATCH-20260224-01
SKU-526369,C60,16.98,ZAR,Promo,2024-06-13 18:25:06,2024-06-20 18:25:06,PricingEngine,2026-02-24 03:55:58,BATCH-20260224-01
SKU-526369,C60,18.0,ZAR,Regular,2025-11-26 10:57:22,2025-12-26 10:57:22,PricingEngine,2026-02-24 03:55:58,BATCH-20260224-01
SKU-948157,SHOP,33.11,ZAR,Regular,2024-01-07 23:47:41,2024-02-07 23:47:41,PricingEngine,2026-02-24 03:55:58,BATCH-20260224-01
SKU-948157,CHK,35.1,ZAR,Regular,2025-04-28 13:25:49,2025-05-28 13:25:49,PricingEngine,2026-02-24 03:55:58,BATCH-20260224-01
SKU-183747,USV,26.26,ZAR,Regular,2024-01-15 15:00:01,2024-02-15 15:00:01,PricingEngine,2026-02-24 03:55:58,BATCH-20260224-01
SKU-183747,C60,27.84,ZAR,Promo,2025-06-20 17:46:46,2025-06-27 17:46:46,PricingEngine,2026-02-24 03:55:58,BATCH-20260224-01
SKU-606874,CHK,28.05,ZAR,Regular,2024-06-04 09:07:34,2024-07-04 09:07:34,PricingEngine,2026-02-24 03:55:58,BATCH-20260224-01
SKU-606874,C60,29.73,ZAR,Regular,2025-12-15 12:03:19,2026-01-15 12:03:19,PricingEngine,2026-02-24 03:55:58,BATCH-20260224-01
SKU-933218,CHK,16.2,ZAR,Regular,2024-04-14 00:04:34,2024-05-14 00:04:34,PricingEngine,2026-02-24 03:55:58,BATCH-20260224-01
SKU-933218,USV,17.17,ZAR,Promo,2025-09-14 02:28:41,2025-09-21 02:28:41,PricingEngine,2026-02-24 03:55:58,BATCH-20260224-01
SKU-984137,SHOP,95.38,ZAR,Regular,2024-04-25 10:42:31,2024-05-25 10:42:31,PricingEngine,2026-02-24 03:55:58,BATCH-20260224-01
SKU-984137,CHK,101.1,ZAR,Promo,2025-06-11 05:46:06,2025-06-18 05:46:06,PricingEngine,2026-02-24 03:55:58,BATCH-20260224-01
SKU-211723,CHK,50.4,ZAR,Regular,2024-02-17 04:56:44,2024-03-17 04:56:44,PricingEngine,2026-02-24 03:55:58,BATCH-20260224-01
SKU-211723,CHK,53.42,ZAR,Regular,2025-05-02 04:29:47,2025-06-02 04:29:47,PricingEngine,2026-02-24 03:55:58,BATCH-20260224-01
SKU-169130,SHOP,32.37,ZAR,Promo,2024-10-26 14:30:11,2024-11-02 14:30:11,PricingEngine,2026-02-24 03:55:58,BATCH-20260224-01
SKU-169130,USV,34.31,ZAR,Regular,2025-10-01 10:34:46,2025-11-01 10:34:46,PricingEngine,2026-02-24 03:55:58,BATCH-20260224-01
SKU-889782,CHK,84.45,ZAR,Promo,2024-12-12 00:26:48,2024-12-19 00:26:48,PricingEngine,2026-02-24 03:55:58,BATCH-20260224-01
SKU-889782,SHOP,89.52,ZAR,Regular,2025-05-05 07:45:19,2025-06-05 07:45:19,PricingEngine,2026-02-24 03:55:58,BATCH-20260224-01
SKU-160889,C60,36.02,ZAR,Regular,2024-03-25 12:37:42,2024-04-25 12:37:42,PricingEngine,2026-02-24 03:55:58,BATCH-20260224-01
SKU-160889,SHOP,38.18,ZAR,Promo,2025-05-12 23:07:16,2025-05-19 23:07:16,PricingEngine,2026-02-24 03:55:58,BATCH-20260224-01
SKU-142230,USV,29.41,ZAR,Promo,2024-02-10 10:11:07,2024-02-17 10:11:07,PricingEngine,2026-02-24 03:55:58,BATCH-20260224-01
SKU-142230,USV,31.18,ZAR,Promo,2025-02-06 01:31:10,2025-02-13 01:31:10,PricingEngine,2026-02-24 03:55:58,BATCH-20260224-01
SKU-631434,SHOP,15.17,ZAR,Promo,2024-06-02 06:44:37,2024-06-09 06:44:37,PricingEngine,2026-02-24 03:55:58,BATCH-20260224-01
SKU-631434,USV,16.08,ZAR,Regular,2025-02-02 16:51:22,2025-03-02 16:51:22,PricingEngine,2026-02-24 03:55:58,BATCH-20260224-01
SKU-124278,C60,17.44,ZAR,Regular,2024-12-23 14:21:20,2025-01-23 14:21:20,PricingEngine,2026-02-24 03:55:58,BATCH-20260224-01
SKU-124278,C60,18.49,ZAR,Regular,2025-08-27 00:38:02,2025-09-27 00:38:02,PricingEngine,2026-02-24 03:55:58,BATCH-20260224-01
SKU-888601,SHOP,17.77,ZAR,Promo,2024-03-01 17:02:18,2024-03-08 17:02:18,PricingEngine,2026-02-24 03:55:58,BATCH-20260224-01
SKU-888601,C60,18.84,ZAR,Regular,2025-09-16 13:59:17,2025-10-16 13:59:17,PricingEngine,2026-02-24 03:55:58,BATCH-20260224-01
SKU-254339,C60,46.94,ZAR,Promo,2024-09-23 09:12:04,2024-09-30 09:12:04,PricingEngine,2026-02-24 03:55:58,BATCH-20260224-01
SKU-254339,SHOP,49.76,ZAR,Promo,2025-05-12 09:28:44,2025-05-19 09:28:44,PricingEngine,2026-02-24 03:55:58,BATCH-20260224-01
SKU-888352,C60,21.73,ZAR,Regular,2024-10-13 13:28:00,2024-11-13 13:28:00,PricingEngine,2026-02-24 03:55:58,BATCH-20260224-01
SKU-888352,CHK,23.03,ZAR,Promo,2025-03-03 09:24:55,2025-03-10 09:24:55,PricingEngine,2026-02-24 03:55:58,BATCH-20260224-01
SKU-213234,CHK,16.22,ZAR,Promo,2024-10-19 12:46:04,2024-10-26 12:46:04,PricingEngine,2026-02-24 03:55:58,BATCH-20260224-01
SKU-213234,USV,17.19,ZAR,Promo,2025-08-16 07:13:01,2025-08-23 07:13:01,PricingEngine,2026-02-24 03:55:58,BATCH-20260224-01
SKU-506250,SHOP,75.74,ZAR,Regular,2024-06-28 13:57:02,2024-07-28 13:57:02,PricingEngine,2026-02-24 03:55:58,BATCH-20260224-01
SKU-506250,CHK,80.28,ZAR,Promo,2025-05-06 11:17:08,2025-05-13 11:17:08,PricingEngine,2026-02-24 03:55:58,BATCH-20260224-01
SKU-692109,CHK,33.71,ZAR,Promo,2024-12-28 17:21:24,2025-01-04 17:21:24,PricingEngine,2026-02-24 03:55:58,BATCH-20260224-01
SKU-692109,USV,35.73,ZAR,Regular,2025-01-03 08:24:54,2025-02-03 08:24:54,PricingEngine,2026-02-24 03:55:58,BATCH-20260224-01
SKU-457753,CHK,51.32,ZAR,Regular,2024-11-02 01:01:05,2024-12-02 01:01:05,PricingEngine,2026-02-24 03:55:58,BATCH-20260224-01
SKU-457753,C60,54.4,ZAR,Regular,2025-09-21 11:31:55,2025-10-21 11:31:55,PricingEngine,2026-02-24 03:55:58,BATCH-20260224-01
SKU-629255,USV,35.77,ZAR,Promo,2024-04-06 03:12:44,2024-04-13 03:12:44,PricingEngine,2026-02-24 03:55:58,BATCH-20260224-01
SKU-629255,SHOP,37.92,ZAR,Promo,2025-02-20 02:13:57,2025-02-27 02:13:57,PricingEngine,2026-02-24 03:55:58,BATCH-20260224-01
SKU-494104,SHOP,26.13,ZAR,Promo,2024-10-23 08:50:47,2024-10-30 08:50:47,PricingEngine,2026-02-24 03:55:58,BATCH-20260224-01
SKU-494104,C60,27.7,ZAR,Regular,2025-07-03 02:22:09,2025-08-03 02:22:09,PricingEngine,2026-02-24 03:55:58,BATCH-20260224-01
SKU-838330,CHK,20.75,ZAR,Regular,2024-05-09 01:37:24,2024-06-09 01:37:24,PricingEngine,2026-02-24 03:55:58,BATCH-20260224-01
SKU-838330,USV,22.0,ZAR,Promo,2025-10-12 04:00:40,2025-10-19 04:00:40,PricingEngine,2026-02-24 03:55:58,BATCH-20260224-01
SKU-929371,SHOP,72.67,ZAR,Regular,2024-06-03 23:05:01,2024-07-03 23:05:01,PricingEngine,2026-02-24 03:55:58,BATCH-20260224-01
SKU-929371,CHK,77.03,ZAR,Promo,2025-04-23 06:47:58,2025-04-30 06:47:58,PricingEngine,2026-02-24 03:55:58,BATCH-20260224-01
SKU-138208,USV,89.28,ZAR,Regular,2024-02-06 14:08:45,2024-03-06 14:08:45,PricingEngine,2026-02-24 03:55:58,BATCH-20260224-01
SKU-138208,CHK,94.64,ZAR,Promo,2025-05-11 15:00:16,2025-05-18 15:00:16,PricingEngine,2026-02-24 03:55:58,BATCH-20260224-01
SKU-118206,USV,39.01,ZAR,Promo,2024-01-08 09:26:12,2024-01-15 09:26:12,PricingEngine,2026-02-24 03:55:58,BATCH-20260224-01
SKU-118206,CHK,41.35,ZAR,Regular,2025-02-22 13:04:41,2025-03-22 13:04:41,PricingEngine,2026-02-24 03:55:58,BATCH-20260224-01
SKU-659453,SHOP,17.52,ZAR,Promo,2024-05-24 18:31:42,2024-05-31 18:31:42,PricingEngine,2026-02-24 03:55:58,BATCH-20260224-01
SKU-659453,USV,18.57,ZAR,Regular,2025-10-14 08:02:26,2025-11-14 08:02:26,PricingEngine,2026-02-24 03:55:58,BATCH-20260224-01
SKU-980089,C60,31.15,ZAR,Regular,2024-04-11 10:12:30,2024-05-11 10:12:30,PricingEngine,2026-02-24 03:55:58,BATCH-20260224-01
SKU-980089,C60,33.02,ZAR,Regular,2025-04-11 06:50:21,2025-05-11 06:50:21,PricingEngine,2026-02-24 03:55:58,BATCH-20260224-01
SKU-917218,USV,21.96,ZAR,Promo,2024-05-24 19:27:44,2024-05-31 19:27:44,PricingEngine,2026-02-24 03:55:58,BATCH-20260224-01
SKU-917218,CHK,23.28,ZAR,Promo,2025-12-23 06:47:32,2025-12-30 06:47:32,PricingEngine,2026-02-24 03:55:58,BATCH-20260224-01
SKU-453798,SHOP,93.39,ZAR,Regular,2024-02-07 11:55:48,2024-03-07 11:55:48,PricingEngine,2026-02-24 03:55:58,BATCH-20260224-01
SKU-453798,C60,98.99,ZAR,Regular,2025-08-10 22:22:29,2025-09-10 22:22:29,PricingEngine,2026-02-24 03:55:58,BATCH-20260224-01
SKU-736662,USV,36.18,ZAR,Regular,2024-04-17 12:06:58,2024-05-17 12:06:58,PricingEngine,2026-02-24 03:55:58,BATCH-20260224-01
SKU-736662,USV,38.35,ZAR,Regular,2025-10-10 04:12:35,2025-11-10 04:12:35,PricingEngine,2026-02-24 03:55:58,BATCH-20260224-01
SKU-663479,SHOP,33.69,ZAR,Promo,2024-09-01 02:29:01,2024-09-08 02:29:01,PricingEngine,2026-02-24 03:55:58,BATCH-20260224-01
SKU-663479,C60,35.71,ZAR,Promo,2025-01-11 06:53:42,2025-01-18 06:53:42,PricingEngine,2026-02-24 03:55:58,BATCH-20260224-01
SKU-929783,SHOP,89.61,ZAR,Promo,2024-05-28 20:14:23,2024-06-04 20:14:23,PricingEngine,2026-02-24 03:55:58,BATCH-20260224-01
SKU-929783,USV,94.99,ZAR,Promo,2025-10-15 03:52:30,2025-10-22 03:52:30,PricingEngine,2026-02-24 03:55:58,BATCH-20260224-01
SKU-421269,USV,20.23,ZAR,Promo,2024-11-09 20:33:42,2024-11-16 20:33:42,PricingEngine,2026-02-24 03:55:58,BATCH-20260224-01
SKU-421269,C60,21.44,ZAR,Regular,2025-10-24 10:12:07,2025-11-24 10:12:07,PricingEngine,2026-02-24 03:55:58,BATCH-20260224-01
SKU-876331,SHOP,33.76,ZAR,Promo,2024-04-20 22:45:30,2024-04-27 22:45:30,PricingEngine,2026-02-24 03:55:58,BATCH-20260224-01
SKU-876331,SHOP,35.79,ZAR,Regular,2025-06-22 16:41:54,2025-07-22 16:41:54,PricingEngine,2026-02-24 03:55:58,BATCH-20260224-01
SKU-629766,CHK,35.15,ZAR,Promo,2024-10-12 01:37:13,2024-10-19 01:37:13,PricingEngine,2026-02-24 03:55:58,BATCH-20260224-01
SKU-629766,SHOP,37.26,ZAR,Regular,2025-06-14 18:15:29,2025-07-14 18:15:29,PricingEngine,2026-02-24 03:55:58,BATCH-20260224-01
SKU-559262,USV,55.35,ZAR,Promo,2024-10-02 19:28:25,2024-10-09 19:28:25,PricingEngine,2026-02-24 03:55:58,BATCH-20260224-01
SKU-559262,CHK,58.67,ZAR,Promo,2025-02-05 10:03:26,2025-02-12 10:03:26,PricingEngine,2026-02-24 03:55:58,BATCH-20260224-01
SKU-520025,C60,111.55,ZAR,Regular,2024-07-20 08:35:16,2024-08-20 08:35:16,PricingEngine,2026-02-24 03:55:58,BATCH-20260224-01
SKU-520025,CHK,118.24,ZAR,Promo,2025-10-21 13:54:50,2025-10-28 13:54:50,PricingEngine,2026-02-24 03:55:58,BATCH-20260224-01
SKU-195558,USV,28.8,ZAR,Promo,2024-01-17 15:38:23,2024-01-24 15:38:23,PricingEngine,2026-02-24 03:55:58,BATCH-20260224-01
SKU-195558,C60,30.53,ZAR,Regular,2025-08-05 18:53:16,2025-09-05 18:53:16,PricingEngine,2026-02-24 03:55:58,BATCH-20260224-01
SKU-369542,SHOP,25.64,ZAR,Regular,2024-07-03 16:25:29,2024-08-03 16:25:29,PricingEngine,2026-02-24 03:55:58,BATCH-20260224-01
SKU-369542,USV,27.18,ZAR,Regular,2025-07-13 21:33:16,2025-08-13 21:33:16,PricingEngine,2026-02-24 03:55:58,BATCH-20260224-01
SKU-151408,CHK,34.43,ZAR,Promo,2024-10-24 03:54:03,2024-10-31 03:54:03,PricingEngine,2026-02-24 03:55:58,BATCH-20260224-01
SKU-151408,USV,36.5,ZAR,Regular,2025-09-12 16:19:04,2025-10-12 16:19:04,PricingEngine,2026-02-24 03:55:58,BATCH-20260224-01
SKU-749370,SHOP,18.96,ZAR,Promo,2024-04-27 07:49:15,2024-05-04 07:49:15,PricingEngine,2026-02-24 03:55:58,BATCH-20260224-01
SKU-749370,USV,20.1,ZAR,Promo,2025-03-05 06:03:16,2025-03-12 06:03:16,PricingEngine,2026-02-24 03:55:58,BATCH-20260224-01
SKU-897126,C60,18.66,ZAR,Regular,2024-01-28 14:28:58,2024-02-28 14:28:58,PricingEngine,2026-02-24 03:55:58,BATCH-20260224-01
SKU-897126,SHOP,19.78,ZAR,Regular,2025-09-09 17:06:23,2025-10-09 17:06:23,PricingEngine,2026-02-24 03:55:58,BATCH-20260224-01
SKU-966600,SHOP,86.46,ZAR,Regular,2024-02-21 19:04:23,2024-03-21 19:04:23,PricingEngine,2026-02-24 03:55:58,BATCH-20260224-01
SKU-966600,C60,91.65,ZAR,Promo,2025-09-03 23:00:13,2025-09-10 23:00:13,PricingEngine,2026-02-24 03:55:58,BATCH-20260224-01
SKU-636262,CHK,34.92,ZAR,Promo,2024-09-04 14:16:16,2024-09-11 14:16:16,PricingEngine,2026-02-24 03:55:58,BATCH-20260224-01
SKU-636262,USV,37.02,ZAR,Promo,2025-09-02 15:32:44,2025-09-09 15:32:44,PricingEngine,2026-02-24 03:55:58,BATCH-20260224-01
SKU-596345,C60,46.98,ZAR,Regular,2024-03-06 18:51:48,2024-04-06 18:51:48,PricingEngine,2026-02-24 03:55:58,BATCH-20260224-01
SKU-596345,SHOP,49.8,ZAR,Promo,2025-07-05 18:22:08,2025-07-12 18:22:08,PricingEngine,2026-02-24 03:55:58,BATCH-20260224-01
SKU-868589,C60,18.16,ZAR,Regular,2024-08-04 09:15:06,2024-09-04 09:15:06,PricingEngine,2026-02-24 03:55:58,BATCH-20260224-01
SKU-868589,CHK,19.25,ZAR,Promo,2025-04-02 05:48:50,2025-04-09 05:48:50,PricingEngine,2026-02-24 03:55:58,BATCH-20260224-01
SKU-101022,SHOP,20.13,ZAR,Promo,2024-06-28 08:31:03,2024-07-05 08:31:03,PricingEngine,2026-02-24 03:55:58,BATCH-20260224-01
SKU-101022,SHOP,21.34,ZAR,Regular,2025-02-05 18:33:13,2025-03-05 18:33:13,PricingEngine,2026-02-24 03:55:58,BATCH-20260224-01
SKU-787534,CHK,15.37,ZAR,Promo,2024-03-19 20:06:00,2024-03-26 20:06:00,PricingEngine,2026-02-24 03:55:58,BATCH-20260224-01
SKU-787534,SHOP,16.29,ZAR,Promo,2025-11-24 07:45:37,2025-12-01 07:45:37,PricingEngine,2026-02-24 03:55:58,BATCH-20260224-01
SKU-732510,C60,80.52,ZAR,Regular,2024-07-19 04:06:33,2024-08-19 04:06:33,PricingEngine,2026-02-24 03:55:58,BATCH-20260224-01
SKU-732510,C60,85.35,ZAR,Regular,2025-10-14 23:13:07,2025-11-14 23:13:07,PricingEngine,2026-02-24 03:55:58,BATCH-20260224-01
SKU-970969,C60,36.3,ZAR,Regular,2024-09-03 10:41:06,2024-10-03 10:41:06,PricingEngine,2026-02-24 03:55:58,BATCH-20260224-01
SKU-970969,USV,38.48,ZAR,Regular,2025-01-11 15:31:41,2025-02-11 15:31:41,PricingEngine,2026-02-24 03:55:58,BATCH-20260224-01
SKU-211335,CHK,30.54,ZAR,Regular,2024-04-02 20:33:08,2024-05-02 20:33:08,PricingEngine,2026-02-24 03:55:58,BATCH-20260224-01
SKU-211335,SHOP,32.37,ZAR,Regular,2025-03-01 00:46:36,2025-04-01 00:46:36,PricingEngine,2026-02-24 03:55:58,BATCH-20260224-01
SKU-293297,USV,110.26,ZAR,Promo,2024-01-26 21:21:05,2024-02-02 21:21:05,PricingEngine,2026-02-24 03:55:58,BATCH-20260224-01
SKU-293297,C60,116.88,ZAR,Regular,2025-11-13 05:09:48,2025-12-13 05:09:48,PricingEngine,2026-02-24 03:55:58,BATCH-20260224-01
SKU-387684,C60,27.5,ZAR,Promo,2024-02-25 05:59:35,2024-03-03 05:59:35,PricingEngine,2026-02-24 03:55:58,BATCH-20260224-01
SKU-387684,C60,29.15,ZAR,Regular,2025-05-25 02:05:11,2025-06-25 02:05:11,PricingEngine,2026-02-24 03:55:58,BATCH-20260224-01
SKU-920822,SHOP,94.61,ZAR,Promo,2024-01-14 23:35:55,2024-01-21 23:35:55,PricingEngine,2026-02-24 03:55:58,BATCH-20260224-01
SKU-920822,USV,100.29,ZAR,Promo,2025-05-13 21:26:26,2025-05-20 21:26:26,PricingEngine,2026-02-24 03:55:58,BATCH-20260224-01
SKU-663686,SHOP,45.95,ZAR,Regular,2024-01-11 06:23:58,2024-02-11 06:23:58,PricingEngine,2026-02-24 03:55:58,BATCH-20260224-01
SKU-663686,C60,48.71,ZAR,Promo,2025-11-23 23:40:20,2025-11-30 23:40:20,PricingEngine,2026-02-24 03:55:58,BATCH-20260224-01
SKU-219411,SHOP,35.57,ZAR,Promo,2024-02-10 19:05:08,2024-02-17 19:05:08,PricingEngine,2026-02-24 03:55:58,BATCH-20260224-01
SKU-219411,SHOP,37.7,ZAR,Regular,2025-08-16 06:21:17,2025-09-16 06:21:17,PricingEngine,2026-02-24 03:55:58,BATCH-20260224-01
SKU-178237,USV,19.5,ZAR,Promo,2024-02-02 14:44:29,2024-02-09 14:44:29,PricingEngine,2026-02-24 03:55:58,BATCH-20260224-01
SKU-178237,SHOP,20.67,ZAR,Promo,2025-06-23 10:02:12,2025-06-30 10:02:12,PricingEngine,2026-02-24 03:55:58,BATCH-20260224-01
SKU-956910,C60,37.44,ZAR,Promo,2024-10-23 10:58:19,2024-10-30 10:58:19,PricingEngine,2026-02-24 03:55:58,BATCH-20260224-01
SKU-956910,SHOP,39.69,ZAR,Regular,2025-10-12 14:02:47,2025-11-12 14:02:47,PricingEngine,2026-02-24 03:55:58,BATCH-20260224-01
SKU-989872,C60,25.92,ZAR,Regular,2024-04-15 05:04:22,2024-05-15 05:04:22,PricingEngine,2026-02-24 03:55:58,BATCH-20260224-01
SKU-989872,CHK,27.48,ZAR,Promo,2025-01-25 11:39:24,2025-02-01 11:39:24,PricingEngine,2026-02-24 03:55:58,BATCH-20260224-01
SKU-672346,C60,16.95,ZAR,Regular,2024-01-28 17:01:57,2024-02-28 17:01:57,PricingEngine,2026-02-24 03:55:58,BATCH-20260224-01
SKU-672346,USV,17.97,ZAR,Regular,2025-07-19 06:36:03,2025-08-19 06:36:03,PricingEngine,2026-02-24 03:55:58,BATCH-20260224-01
SKU-565490,SHOP,38.6,ZAR,Regular,2024-06-18 23:20:27,2024-07-18 23:20:27,PricingEngine,2026-02-24 03:55:58,BATCH-20260224-01
SKU-565490,CHK,40.92,ZAR,Regular,2025-10-08 01:58:53,2025-11-08 01:58:53,PricingEngine,2026-02-24 03:55:58,BATCH-20260224-01
SKU-289808,CHK,23.62,ZAR,Regular,2024-12-28 16:37:48,2025-01-28 16:37:48,PricingEngine,2026-02-24 03:55:58,BATCH-20260224-01
SKU-289808,CHK,25.04,ZAR,Promo,2025-12-23 00:44:25,2025-12-30 00:44:25,PricingEngine,2026-02-24 03:55:58,BATCH-20260224-01
SKU-150349,C60,91.7,ZAR,Regular,2024-01-24 01:24:32,2024-02-24 01:24:32,PricingEngine,2026-02-24 03:55:58,BATCH-20260224-01
SKU-150349,CHK,97.2,ZAR,Promo,2025-05-01 06:55:54,2025-05-08 06:55:54,PricingEngine,2026-02-24 03:55:58,BATCH-20260224-01
SKU-505777,SHOP,36.76,ZAR,Promo,2024-04-08 19:28:49,2024-04-15 19:28:49,PricingEngine,2026-02-24 03:55:58,BATCH-20260224-01
SKU-505777,USV,38.97,ZAR,Regular,2025-10-09 03:37:57,2025-11-09 03:37:57,PricingEngine,2026-02-24 03:55:58,BATCH-20260224-01
SKU-411673,SHOP,39.21,ZAR,Promo,2024-05-21 03:33:35,2024-05-28 03:33:35,PricingEngine,2026-02-24 03:55:58,BATCH-20260224-01
SKU-411673,C60,41.56,ZAR,Promo,2025-11-14 08:58:42,2025-11-21 08:58:42,PricingEngine,2026-02-24 03:55:58,BATCH-20260224-01
SKU-739323,CHK,31.78,ZAR,Regular,2024-03-16 20:43:45,2024-04-16 20:43:45,PricingEngine,2026-02-24 03:55:58,BATCH-20260224-01
SKU-739323,USV,33.69,ZAR,Promo,2025-09-17 23:36:03,2025-09-24 23:36:03,PricingEngine,2026-02-24 03:55:58,BATCH-20260224-01
SKU-734364,C60,31.94,ZAR,Promo,2024-12-02 06:59:16,2024-12-09 06:59:16,PricingEngine,2026-02-24 03:55:58,BATCH-20260224-01
SKU-734364,C60,33.86,ZAR,Regular,2025-10-21 02:30:44,2025-11-21 02:30:44,PricingEngine,2026-02-24 03:55:58,BATCH-20260224-01
SKU-404505,C60,77.51,ZAR,Regular,2024-08-20 15:49:13,2024-09-20 15:49:13,PricingEngine,2026-02-24 03:55:58,BATCH-20260224-01
SKU-404505,C60,82.16,ZAR,Promo,2025-02-18 07:40:54,2025-02-25 07:40:54,PricingEngine,2026-02-24 03:55:58,BATCH-20260224-01
SKU-301258,CHK,103.94,ZAR,Promo,2024-11-21 14:17:19,2024-11-28 14:17:19,PricingEngine,2026-02-24 03:55:58,BATCH-20260224-01
SKU-301258,SHOP,110.18,ZAR,Regular,2025-03-22 23:03:19,2025-04-22 23:03:19,PricingEngine,2026-02-24 03:55:58,BATCH-20260224-01
SKU-644566,CHK,14.48,ZAR,Regular,2024-06-17 16:47:24,2024-07-17 16:47:24,PricingEngine,2026-02-24 03:55:58,BATCH-20260224-01
SKU-644566,SHOP,15.35,ZAR,Promo,2025-04-06 11:56:27,2025-04-13 11:56:27,PricingEngine,2026-02-24 03:55:58,BATCH-20260224-01
SKU-827622,SHOP,24.41,ZAR,Regular,2024-04-09 00:17:08,2024-05-09 00:17:08,PricingEngine,2026-02-24 03:55:58,BATCH-20260224-01
SKU-827622,SHOP,25.88,ZAR,Promo,2025-06-10 02:54:19,2025-06-17 02:54:19,PricingEngine,2026-02-24 03:55:58,BATCH-20260224-01
SKU-789471,CHK,28.38,ZAR,Regular,2024-04-17 12:27:29,2024-05-17 12:27:29,PricingEngine,2026-02-24 03:55:58,BATCH-20260224-01
SKU-789471,CHK,30.08,ZAR,Promo,2025-05-04 18:56:10,2025-05-11 18:56:10,PricingEngine,2026-02-24 03:55:58,BATCH-20260224-01
SKU-275912,C60,21.63,ZAR,Regular,2024-12-24 01:00:26,2025-01-24 01:00:26,PricingEngine,2026-02-24 03:55:58,BATCH-20260224-01
SKU-275912,C60,22.93,ZAR,Regular,2025-11-19 14:12:25,2025-12-19 14:12:25,PricingEngine,2026-02-24 03:55:58,BATCH-20260224-01
SKU-677683,CHK,104.36,ZAR,Regular,2024-11-17 00:40:01,2024-12-17 00:40:01,PricingEngine,2026-02-24 03:55:58,BATCH-20260224-01
SKU-677683,USV,110.62,ZAR,Regular,2025-12-08 06:47:54,2026-01-08 06:47:54,PricingEngine,2026-02-24 03:55:58,BATCH-20260224-01
SKU-286979,CHK,15.92,ZAR,Regular,2024-04-20 05:24:12,2024-05-20 05:24:12,PricingEngine,2026-02-24 03:55:58,BATCH-20260224-01
SKU-286979,CHK,16.88,ZAR,Regular,2025-03-28 23:16:37,2025-04-28 23:16:37,PricingEngine,2026-02-24 03:55:58,BATCH-20260224-01
SKU-389486,USV,95.14,ZAR,Regular,2024-05-06 04:06:21,2024-06-06 04:06:21,PricingEngine,2026-02-24 03:55:58,BATCH-20260224-01
SKU-389486,CHK,100.85,ZAR,Promo,2025-12-26 02:06:55,2026-01-02 02:06:55,PricingEngine,2026-02-24 03:55:58,BATCH-20260224-01
SKU-152002,USV,84.7,ZAR,Regular,2024-07-16 12:36:38,2024-08-16 12:36:38,PricingEngine,2026-02-24 03:55:58,BATCH-20260224-01
SKU-152002,USV,89.78,ZAR,Regular,2025-04-26 15:44:23,2025-05-26 15:44:23,PricingEngine,2026-02-24 03:55:58,BATCH-20260224-01
SKU-561757,SHOP,20.66,ZAR,Promo,2024-12-20 03:35:33,2024-12-27 03:35:33,PricingEngine,2026-02-24 03:55:58,BATCH-20260224-01
SKU-561757,USV,21.9,ZAR,Promo,2025-06-05 12:11:54,2025-06-12 12:11:54,PricingEngine,2026-02-24 03:55:58,BATCH-20260224-01
SKU-669915,SHOP,14.88,ZAR,Regular,2024-05-24 03:27:34,2024-06-24 03:27:34,PricingEngine,2026-02-24 03:55:58,BATCH-20260224-01
SKU-669915,SHOP,15.77,ZAR,Promo,2025-10-15 08:41:27,2025-10-22 08:41:27,PricingEngine,2026-02-24 03:55:58,BATCH-20260224-01
SKU-172879,C60,20.56,ZAR,Regular,2024-09-23 13:55:40,2024-10-23 13:55:40,PricingEngine,2026-02-24 03:55:58,BATCH-20260224-01
SKU-172879,SHOP,21.79,ZAR,Promo,2025-05-02 08:53:29,2025-05-09 08:53:29,PricingEngine,2026-02-24 03:55:58,BATCH-20260224-01
SKU-660482,USV,14.67,ZAR,Promo,2024-02-09 17:35:44,2024-02-16 17:35:44,PricingEngine,2026-02-24 03:55:58,BATCH-20260224-01
SKU-660482,SHOP,15.55,ZAR,Regular,2025-04-09 11:46:00,2025-05-09 11:46:00,PricingEngine,2026-02-24 03:55:58,BATCH-20260224-01
SKU-196231,SHOP,34.56,ZAR,Regular,2024-11-13 23:28:40,2024-12-13 23:28:40,PricingEngine,2026-02-24 03:55:58,BATCH-20260224-01
SKU-196231,CHK,36.63,ZAR,Regular,2025-04-01 08:59:29,2025-05-01 08:59:29,PricingEngine,2026-02-24 03:55:58,BATCH-20260224-01
SKU-628723,SHOP,16.86,ZAR,Regular,2024-09-14 19:01:27,2024-10-14 19:01:27,PricingEngine,2026-02-24 03:55:58,BATCH-20260224-01
SKU-628723,SHOP,17.87,ZAR,Regular,2025-02-13 11:34:17,2025-03-13 11:34:17,PricingEngine,2026-02-24 03:55:58,BATCH-20260224-01
SKU-798270,CHK,22.41,ZAR,Regular,2024-06-25 09:37:44,2024-07-25 09:37:44,PricingEngine,2026-02-24 03:55:58,BATCH-20260224-01
SKU-798270,SHOP,23.76,ZAR,Regular,2025-04-04 22:21:00,2025-05-04 22:21:00,PricingEngine,2026-02-24 03:55:58,BATCH-20260224-01
SKU-816475,SHOP,71.37,ZAR,Promo,2024-11-23 21:22:17,2024-11-30 21:22:17,PricingEngine,2026-02-24 03:55:58,BATCH-20260224-01
SKU-816475,SHOP,75.65,ZAR,Regular,2025-06-27 03:40:31,2025-07-27 03:40:31,PricingEngine,2026-02-24 03:55:58,BATCH-20260224-01
SKU-569463,C60,32.28,ZAR,Regular,2024-04-23 08:22:44,2024-05-23 08:22:44,PricingEngine,2026-02-24 03:55:58,BATCH-20260224-01
SKU-569463,USV,34.22,ZAR,Regular,2025-08-01 02:47:41,2025-09-01 02:47:41,PricingEngine,2026-02-24 03:55:58,BATCH-20260224-01
SKU-837876,USV,84.91,ZAR,Promo,2024-07-04 20:16:35,2024-07-11 20:16:35,PricingEngine,2026-02-24 03:55:58,BATCH-20260224-01
SKU-837876,C60,90.01,ZAR,Promo,2025-09-23 15:21:06,2025-09-30 15:21:06,PricingEngine,2026-02-24 03:55:58,BATCH-20260224-01
SKU-972670,USV,20.25,ZAR,Promo,2024-09-18 21:07:47,2024-09-25 21:07:47,PricingEngine,2026-02-24 03:55:58,BATCH-20260224-01
SKU-972670,SHOP,21.47,ZAR,Regular,2025-04-07 08:50:04,2025-05-07 08:50:04,PricingEngine,2026-02-24 03:55:58,BATCH-20260224-01
SKU-232924,SHOP,119.67,ZAR,Regular,2024-12-15 06:53:57,2025-01-15 06:53:57,PricingEngine,2026-02-24 03:55:58,BATCH-20260224-01
SKU-232924,USV,126.85,ZAR,Promo,2025-03-11 22:00:00,2025-03-18 22:00:00,PricingEngine,2026-02-24 03:55:58,BATCH-20260224-01
SKU-881225,USV,23.26,ZAR,Regular,2024-07-21 01:15:10,2024-08-21 01:15:10,PricingEngine,2026-02-24 03:55:58,BATCH-20260224-01
SKU-881225,CHK,24.66,ZAR,Regular,2025-06-26 02:34:03,2025-07-26 02:34:03,PricingEngine,2026-02-24 03:55:58,BATCH-20260224-01
SKU-316781,USV,49.94,ZAR,Regular,2024-01-21 12:39:50,2024-02-21 12:39:50,PricingEngine,2026-02-24 03:55:58,BATCH-20260224-01
SKU-316781,CHK,52.94,ZAR,Promo,2025-05-28 02:36:29,2025-06-04 02:36:29,PricingEngine,2026-02-24 03:55:58,BATCH-20260224-01
SKU-606804,USV,55.75,ZAR,Promo,2024-02-25 18:40:13,2024-03-03 18:40:13,PricingEngine,2026-02-24 03:55:58,BATCH-20260224-01
SKU-606804,C60,59.1,ZAR,Promo,2025-12-15 12:01:54,2025-12-22 12:01:54,PricingEngine,2026-02-24 03:55:58,BATCH-20260224-01
SKU-527966,USV,98.13,ZAR,Promo,2024-04-08 15:18:01,2024-04-15 15:18:01,PricingEngine,2026-02-24 03:55:58,BATCH-20260224-01
SKU-527966,USV,104.02,ZAR,Promo,2025-08-04 18:21:09,2025-08-11 18:21:09,PricingEngine,2026-02-24 03:55:58,BATCH-20260224-01
SKU-352856,USV,55.91,ZAR,Promo,2024-01-15 06:15:11,2024-01-22 06:15:11,PricingEngine,2026-02-24 03:55:58,BATCH-20260224-01
SKU-352856,C60,59.27,ZAR,Regular,2025-05-12 06:02:13,2025-06-12 06:02:13,PricingEngine,2026-02-24 03:55:58,BATCH-20260224-01
SKU-219148,CHK,22.5,ZAR,Regular,2024-12-25 12:45:16,2025-01-25 12:45:16,PricingEngine,2026-02-24 03:55:58,BATCH-20260224-01
SKU-219148,USV,23.85,ZAR,Regular,2025-11-28 04:21:24,2025-12-28 04:21:24,PricingEngine,2026-02-24 03:55:58,BATCH-20260224-01
SKU-510912,CHK,21.17,ZAR,Promo,2024-03-22 21:50:01,2024-03-29 21:50:01,PricingEngine,2026-02-24 03:55:58,BATCH-20260224-01
SKU-510912,C60,22.44,ZAR,Promo,2025-01-01 07:49:50,2025-01-08 07:49:50,PricingEngine,2026-02-24 03:55:58,BATCH-20260224-01
SKU-502859,USV,97.2,ZAR,Regular,2024-04-23 22:57:55,2024-05-23 22:57:55,PricingEngine,2026-02-24 03:55:58,BATCH-20260224-01
SKU-502859,USV,103.03,ZAR,Promo,2025-09-28 20:39:45,2025-10-05 20:39:45,PricingEngine,2026-02-24 03:55:58,BATCH-20260224-01
SKU-820686,SHOP,16.95,ZAR,Promo,2024-02-24 07:30:03,2024-03-02 07:30:03,PricingEngine,2026-02-24 03:55:58,BATCH-20260224-01
SKU-820686,USV,17.97,ZAR,Regular,2025-02-15 17:43:08,2025-03-15 17:43:08,PricingEngine,2026-02-24 03:55:58,BATCH-20260224-01
SKU-854523,CHK,56.39,ZAR,Regular,2024-09-02 16:33:18,2024-10-02 16:33:18,PricingEngine,2026-02-24 03:55:58,BATCH-20260224-01
SKU-854523,SHOP,59.77,ZAR,Regular,2025-11-13 10:20:04,2025-12-13 10:20:04,PricingEngine,2026-02-24 03:55:58,BATCH-20260224-01
SKU-499428,USV,15.16,ZAR,Promo,2024-02-19 13:24:51,2024-02-26 13:24:51,PricingEngine,2026-02-24 03:55:58,BATCH-20260224-01
SKU-499428,CHK,16.07,ZAR,Regular,2025-11-15 08:40:06,2025-12-15 08:40:06,PricingEngine,2026-02-24 03:55:58,BATCH-20260224-01
SKU-116023,USV,17.22,ZAR,Promo,2024-11-19 18:33:49,2024-11-26 18:33:49,PricingEngine,2026-02-24 03:55:58,BATCH-20260224-01
SKU-116023,CHK,18.25,ZAR,Promo,2025-05-23 06:58:26,2025-05-30 06:58:26,PricingEngine,2026-02-24 03:55:58,BATCH-20260224-01
SKU-547018,SHOP,20.16,ZAR,Regular,2024-11-27 08:30:24,2024-12-27 08:30:24,PricingEngine,2026-02-24 03:55:58,BATCH-20260224-01
SKU-547018,SHOP,21.37,ZAR,Promo,2025-08-23 01:59:49,2025-08-30 01:59:49,PricingEngine,2026-02-24 03:55:58,BATCH-20260224-01
SKU-614309,CHK,86.99,ZAR,Promo,2024-01-14 13:57:11,2024-01-21 13:57:11,PricingEngine,2026-02-24 03:55:58,BATCH-20260224-01
SKU-614309,SHOP,92.21,ZAR,Regular,2025-11-02 17:16:30,2025-12-02 17:16:30,PricingEngine,2026-02-24 03:55:58,BATCH-20260224-01
SKU-381051,CHK,14.46,ZAR,Promo,2024-09-07 10:22:33,2024-09-14 10:22:33,PricingEngine,2026-02-24 03:55:58,BATCH-20260224-01
SKU-381051,SHOP,15.33,ZAR,Promo,2025-09-27 13:12:12,2025-10-04 13:12:12,PricingEngine,2026-02-24 03:55:58,BATCH-20260224-01
SKU-244432,USV,21.94,ZAR,Promo,2024-08-03 06:01:28,2024-08-10 06:01:28,PricingEngine,2026-02-24 03:55:58,BATCH-20260224-01
SKU-244432,CHK,23.26,ZAR,Promo,2025-05-16 06:17:19,2025-05-23 06:17:19,PricingEngine,2026-02-24 03:55:58,BATCH-20260224-01
SKU-748623,SHOP,30.89,ZAR,Regular,2024-08-05 14:38:44,2024-09-05 14:38:44,PricingEngine,2026-02-24 03:55:58,BATCH-20260224-01
SKU-748623,CHK,32.74,ZAR,Regular,2025-06-13 01:20:20,2025-07-13 01:20:20,PricingEngine,2026-02-24 03:55:58,BATCH-20260224-01
SKU-847425,C60,32.64,ZAR,Promo,2024-01-01 09:30:12,2024-01-08 09:30:12,PricingEngine,2026-02-24 03:55:58,BATCH-20260224-01
SKU-847425,C60,34.6,ZAR,Regular,2025-01-22 20:24:05,2025-02-22 20:24:05,PricingEngine,2026-02-24 03:55:58,BATCH-20260224-01
SKU-525486,CHK,115.05,ZAR,Promo,2024-09-02 17:00:31,2024-09-09 17:00:31,PricingEngine,2026-02-24 03:55:58,BATCH-20260224-01
SKU-525486,USV,121.95,ZAR,Promo,2025-09-18 09:19:10,2025-09-25 09:19:10,PricingEngine,2026-02-24 03:55:58,BATCH-20260224-01
SKU-991107,CHK,128.58,ZAR,Regular,2024-03-19 04:44:35,2024-04-19 04:44:35,PricingEngine,2026-02-24 03:55:58,BATCH-20260224-01
SKU-991107,C60,136.3,ZAR,Promo,2025-11-16 21:56:45,2025-11-23 21:56:45,PricingEngine,2026-02-24 03:55:58,BATCH-20260224-01
SKU-643508,SHOP,19.31,ZAR,Regular,2024-02-09 12:29:51,2024-03-09 12:29:51,PricingEngine,2026-02-24 03:55:58,BATCH-20260224-01
SKU-643508,SHOP,20.47,ZAR,Regular,2025-05-03 12:33:52,2025-06-03 12:33:52,PricingEngine,2026-02-24 03:55:58,BATCH-20260224-01
SKU-459367,USV,97.29,ZAR,Promo,2024-07-12 18:25:40,2024-07-19 18:25:40,PricingEngine,2026-02-24 03:55:58,BATCH-20260224-01
SKU-459367,SHOP,103.13,ZAR,Promo,2025-02-16 20:49:21,2025-02-23 20:49:21,PricingEngine,2026-02-24 03:55:58,BATCH-20260224-01
SKU-620200,CHK,86.29,ZAR,Regular,2024-06-16 02:44:24,2024-07-16 02:44:24,PricingEngine,2026-02-24 03:55:58,BATCH-20260224-01
SKU-620200,CHK,91.47,ZAR,Regular,2025-04-07 15:48:06,2025-05-07 15:48:06,PricingEngine,2026-02-24 03:55:58,BATCH-20260224-01
SKU-944190,SHOP,34.84,ZAR,Promo,2024-03-07 13:39:04,2024-03-14 13:39:04,PricingEngine,2026-02-24 03:55:58,BATCH-20260224-01
SKU-944190,USV,36.93,ZAR,Regular,2025-12-23 04:29:03,2026-01-23 04:29:03,PricingEngine,2026-02-24 03:55:58,BATCH-20260224-01
SKU-292071,C60,19.18,ZAR,Promo,2024-01-24 22:38:13,2024-01-31 22:38:13,PricingEngine,2026-02-24 03:55:58,BATCH-20260224-01
SKU-292071,C60,20.33,ZAR,Regular,2025-12-14 06:05:27,2026-01-14 06:05:27,PricingEngine,2026-02-24 03:55:58,BATCH-20260224-01
SKU-350980,SHOP,37.35,ZAR,Regular,2024-05-25 14:25:19,2024-06-25 14:25:19,PricingEngine,2026-02-24 03:55:58,BATCH-20260224-01
SKU-350980,USV,39.59,ZAR,Regular,2025-08-01 21:27:56,2025-09-01 21:27:56,PricingEngine,2026-02-24 03:55:58,BATCH-20260224-01
SKU-353812,SHOP,21.47,ZAR,Promo,2024-04-18 05:26:45,2024-04-25 05:26:45,PricingEngine,2026-02-24 03:55:58,BATCH-20260224-01
SKU-353812,USV,22.76,ZAR,Regular,2025-05-12 13:12:42,2025-06-12 13:12:42,PricingEngine,2026-02-24 03:55:58,BATCH-20260224-01
SKU-220244,C60,32.08,ZAR,Promo,2024-12-18 21:44:11,2024-12-25 21:44:11,PricingEngine,2026-02-24 03:55:58,BATCH-20260224-01
SKU-220244,C60,34.01,ZAR,Regular,2025-01-12 12:17:18,2025-02-12 12:17:18,PricingEngine,2026-02-24 03:55:58,BATCH-20260224-01
SKU-279388,C60,138.21,ZAR,Promo,2024-08-06 08:19:52,2024-08-13 08:19:52,PricingEngine,2026-02-24 03:55:58,BATCH-20260224-01
SKU-279388,SHOP,146.5,ZAR,Promo,2025-12-15 01:22:18,2025-12-22 01:22:18,PricingEngine,2026-02-24 03:55:58,BATCH-20260224-01
SKU-625510,USV,15.07,ZAR,Regular,2024-03-22 08:35:43,2024-04-22 08:35:43,PricingEngine,2026-02-24 03:55:58,BATCH-20260224-01
SKU-625510,C60,15.97,ZAR,Regular,2025-09-27 17:40:08,2025-10-27 17:40:08,PricingEngine,2026-02-24 03:55:58,BATCH-20260224-01
SKU-458236,C60,15.61,ZAR,Regular,2024-05-18 19:48:06,2024-06-18 19:48:06,PricingEngine,2026-02-24 03:55:58,BATCH-20260224-01
SKU-458236,SHOP,16.55,ZAR,Promo,2025-03-23 22:46:13,2025-03-30 22:46:13,PricingEngine,2026-02-24 03:55:58,BATCH-20260224-01
SKU-179483,CHK,24.54,ZAR,Regular,2024-10-23 18:21:11,2024-11-23 18:21:11,PricingEngine,2026-02-24 03:55:58,BATCH-20260224-01
SKU-179483,C60,26.01,ZAR,Promo,2025-09-06 16:26:12,2025-09-13 16:26:12,PricingEngine,2026-02-24 03:55:58,BATCH-20260224-01
SKU-391530,CHK,22.47,ZAR,Promo,2024-05-19 15:03:46,2024-05-26 15:03:46,PricingEngine,2026-02-24 03:55:58,BATCH-20260224-01
SKU-391530,CHK,23.82,ZAR,Regular,2025-07-28 08:14:19,2025-08-28 08:14:19,PricingEngine,2026-02-24 03:55:58,BATCH-20260224-01
SKU-410215,C60,40.9,ZAR,Promo,2024-06-07 18:47:56,2024-06-14 18:47:56,PricingEngine,2026-02-24 03:55:58,BATCH-20260224-01
SKU-410215,USV,43.35,ZAR,Promo,2025-11-19 23:04:06,2025-11-26 23:04:06,PricingEngine,2026-02-24 03:55:58,BATCH-20260224-01
SKU-867257,SHOP,88.86,ZAR,Promo,2024-11-03 12:37:56,2024-11-10 12:37:56,PricingEngine,2026-02-24 03:55:58,BATCH-20260224-01
SKU-867257,C60,94.19,ZAR,Regular,2025-03-21 01:25:26,2025-04-21 01:25:26,PricingEngine,2026-02-24 03:55:58,BATCH-20260224-01
SKU-437302,C60,36.99,ZAR,Promo,2024-09-07 07:46:19,2024-09-14 07:46:19,PricingEngine,2026-02-24 03:55:58,BATCH-20260224-01
SKU-437302,C60,39.21,ZAR,Promo,2025-07-22 00:10:17,2025-07-29 00:10:17,PricingEngine,2026-02-24 03:55:58,BATCH-20260224-01
SKU-902953,SHOP,49.24,ZAR,Regular,2024-03-06 04:27:30,2024-04-06 04:27:30,PricingEngine,2026-02-24 03:55:58,BATCH-20260224-01
SKU-902953,C60,52.2,ZAR,Promo,2025-08-08 14:48:46,2025-08-15 14:48:46,PricingEngine,2026-02-24 03:55:58,BATCH-20260224-01
SKU-404563,USV,36.5,ZAR,Promo,2024-04-24 07:08:28,2024-05-01 07:08:28,PricingEngine,2026-02-24 03:55:58,BATCH-20260224-01
SKU-404563,CHK,38.69,ZAR,Promo,2025-02-14 03:03:11,2025-02-21 03:03:11,PricingEngine,2026-02-24 03:55:58,BATCH-20260224-01
SKU-435663,USV,32.26,ZAR,Promo,2024-08-21 06:40:08,2024-08-28 06:40:08,PricingEngine,2026-02-24 03:55:58,BATCH-20260224-01
SKU-435663,SHOP,34.2,ZAR,Regular,2025-01-17 15:48:14,2025-02-17 15:48:14,PricingEngine,2026-02-24 03:55:58,BATCH-20260224-01
SKU-548665,USV,32.25,ZAR,Promo,2024-02-25 12:59:40,2024-03-03 12:59:40,PricingEngine,2026-02-24 03:55:58,BATCH-20260224-01
SKU-548665,CHK,34.19,ZAR,Regular,2025-05-03 21:41:27,2025-06-03 21:41:27,PricingEngine,2026-02-24 03:55:58,BATCH-20260224-01
SKU-402477,CHK,35.5,ZAR,Promo,2024-08-18 21:43:02,2024-08-25 21:43:02,PricingEngine,2026-02-24 03:55:58,BATCH-20260224-01
SKU-402477,C60,37.63,ZAR,Promo,2025-09-12 23:16:04,2025-09-19 23:16:04,PricingEngine,2026-02-24 03:55:58,BATCH-20260224-01
SKU-547943,SHOP,59.72,ZAR,Regular,2024-05-19 22:27:47,2024-06-19 22:27:47,PricingEngine,2026-02-24 03:55:58,BATCH-20260224-01
SKU-547943,C60,63.3,ZAR,Promo,2025-09-21 02:09:53,2025-09-28 02:09:53,PricingEngine,2026-02-24 03:55:58,BATCH-20260224-01
SKU-539382,USV,22.82,ZAR,Promo,2024-08-24 19:17:05,2024-08-31 19:17:05,PricingEngine,2026-02-24 03:55:58,BATCH-20260224-01
SKU-539382,SHOP,24.19,ZAR,Promo,2025-06-17 23:04:19,2025-06-24 23:04:19,PricingEngine,2026-02-24 03:55:58,BATCH-20260224-01
SKU-881385,USV,88.49,ZAR,Promo,2024-01-24 19:53:03,2024-01-31 19:53:03,PricingEngine,2026-02-24 03:55:58,BATCH-20260224-01
SKU-881385,C60,93.8,ZAR,Promo,2025-03-15 10:35:12,2025-03-22 10:35:12,PricingEngine,2026-02-24 03:55:58,BATCH-20260224-01
SKU-157734,C60,101.78,ZAR,Regular,2024-08-06 14:11:39,2024-09-06 14:11:39,PricingEngine,2026-02-24 03:55:58,BATCH-20260224-01
SKU-157734,SHOP,107.89,ZAR,Regular,2025-09-14 01:55:07,2025-10-14 01:55:07,PricingEngine,2026-02-24 03:55:58,BATCH-20260224-01
SKU-978637,CHK,16.64,ZAR,Regular,2024-10-24 04:00:35,2024-11-24 04:00:35,PricingEngine,2026-02-24 03:55:58,BATCH-20260224-01
SKU-978637,C60,17.64,ZAR,Promo,2025-11-11 15:11:38,2025-11-18 15:11:38,PricingEngine,2026-02-24 03:55:58,BATCH-20260224-01
SKU-864039,C60,21.66,ZAR,Regular,2024-01-13 05:03:50,2024-02-13 05:03:50,PricingEngine,2026-02-24 03:55:58,BATCH-20260224-01
SKU-864039,USV,22.96,ZAR,Promo,2025-08-01 05:01:15,2025-08-08 05:01:15,PricingEngine,2026-02-24 03:55:58,BATCH-20260224-01
SKU-615443,C60,25.11,ZAR,Regular,2024-02-16 10:22:01,2024-03-16 10:22:01,PricingEngine,2026-02-24 03:55:58,BATCH-20260224-01
SKU-615443,CHK,26.62,ZAR,Promo,2025-04-16 04:48:09,2025-04-23 04:48:09,PricingEngine,2026-02-24 03:55:58,BATCH-20260224-01
SKU-183356,SHOP,47.06,ZAR,Regular,2024-03-06 00:07:42,2024-04-06 00:07:42,PricingEngine,2026-02-24 03:55:58,BATCH-20260224-01
SKU-183356,C60,49.88,ZAR,Regular,2025-02-16 20:17:57,2025-03-16 20:17:57,PricingEngine,2026-02-24 03:55:58,BATCH-20260224-01
SKU-704663,USV,50.98,ZAR,Promo,2024-11-21 09:10:12,2024-11-28 09:10:12,PricingEngine,2026-02-24 03:55:58,BATCH-20260224-01
SKU-704663,CHK,54.04,ZAR,Promo,2025-02-01 10:50:49,2025-02-08 10:50:49,PricingEngine,2026-02-24 03:55:58,BATCH-20260224-01
SKU-940718,C60,70.29,ZAR,Regular,2024-03-12 18:12:53,2024-04-12 18:12:53,PricingEngine,2026-02-24 03:55:58,BATCH-20260224-01
SKU-940718,C60,74.51,ZAR,Promo,2025-10-14 06:15:38,2025-10-21 06:15:38,PricingEngine,2026-02-24 03:55:58,BATCH-20260224-01
SKU-865767,SHOP,87.53,ZAR,Promo,2024-07-18 11:46:53,2024-07-25 11:46:53,PricingEngine,2026-02-24 03:55:58,BATCH-20260224-01
SKU-865767,USV,92.78,ZAR,Promo,2025-02-01 16:08:27,2025-02-08 16:08:27,PricingEngine,2026-02-24 03:55:58,BATCH-20260224-01
SKU-816240,SHOP,89.76,ZAR,Promo,2024-04-19 09:18:06,2024-04-26 09:18:06,PricingEngine,2026-02-24 03:55:58,BATCH-20260224-01
SKU-816240,SHOP,95.15,ZAR,Regular,2025-10-21 14:59:36,2025-11-21 14:59:36,PricingEngine,2026-02-24 03:55:58,BATCH-20260224-01
SKU-873644,SHOP,50.15,ZAR,Regular,2024-12-21 22:55:46,2025-01-21 22:55:46,PricingEngine,2026-02-24 03:55:58,BATCH-20260224-01
SKU-873644,USV,53.16,ZAR,Promo,2025-12-03 09:00:07,2025-12-10 09:00:07,PricingEngine,2026-02-24 03:55:58,BATCH-20260224-01
SKU-313260,USV,77.06,ZAR,Regular,2024-11-02 07:03:42,2024-12-02 07:03:42,PricingEngine,2026-02-24 03:55:58,BATCH-20260224-01
SKU-313260,C60,81.68,ZAR,Regular,2025-03-03 13:24:23,2025-04-03 13:24:23,PricingEngine,2026-02-24 03:55:58,BATCH-20260224-01
SKU-371410,USV,24.87,ZAR,Promo,2024-10-01 18:20:53,2024-10-08 18:20:53,PricingEngine,2026-02-24 03:55:58,BATCH-20260224-01
SKU-371410,USV,26.36,ZAR,Promo,2025-05-07 17:34:01,2025-05-14 17:34:01,PricingEngine,2026-02-24 03:55:58,BATCH-20260224-01
SKU-230946,C60,19.45,ZAR,Regular,2024-02-26 10:21:53,2024-03-26 10:21:53,PricingEngine,2026-02-24 03:55:58,BATCH-20260224-01
SKU-230946,SHOP,20.62,ZAR,Regular,2025-10-19 01:22:33,2025-11-19 01:22:33,PricingEngine,2026-02-24 03:55:58,BATCH-20260224-01
SKU-598565,USV,19.23,ZAR,Promo,2024-11-07 04:07:55,2024-11-14 04:07:55,PricingEngine,2026-02-24 03:55:58,BATCH-20260224-01
SKU-598565,SHOP,20.38,ZAR,Promo,2025-06-23 12:31:18,2025-06-30 12:31:18,PricingEngine,2026-02-24 03:55:58,BATCH-20260224-01
SKU-917769,USV,21.22,ZAR,Regular,2024-12-01 23:40:52,2025-01-01 23:40:52,PricingEngine,2026-02-24 03:55:58,BATCH-20260224-01
SKU-917769,SHOP,22.49,ZAR,Promo,2025-05-08 08:28:03,2025-05-15 08:28:03,PricingEngine,2026-02-24 03:55:58,BATCH-20260224-01
SKU-770549,C60,37.48,ZAR,Regular,2024-07-09 23:15:54,2024-08-09 23:15:54,PricingEngine,2026-02-24 03:55:58,BATCH-20260224-01
SKU-770549,SHOP,39.73,ZAR,Regular,2025-10-24 15:21:52,2025-11-24 15:21:52,PricingEngine,2026-02-24 03:55:58,BATCH-20260224-01
SKU-300427,SHOP,43.59,ZAR,Regular,2024-08-09 10:56:04,2024-09-09 10:56:04,PricingEngine,2026-02-24 03:55:58,BATCH-20260224-01
SKU-300427,C60,46.21,ZAR,Regular,2025-01-26 11:36:26,2025-02-26 11:36:26,PricingEngine,2026-02-24 03:55:58,BATCH-20260224-01
SKU-881650,SHOP,19.29,ZAR,Regular,2024-01-13 06:59:30,2024-02-13 06:59:30,PricingEngine,2026-02-24 03:55:58,BATCH-20260224-01
SKU-881650,SHOP,20.45,ZAR,Regular,2025-01-01 16:09:44,2025-02-01 16:09:44,PricingEngine,2026-02-24 03:55:58,BATCH-20260224-01
SKU-394122,CHK,15.36,ZAR,Promo,2024-01-08 17:55:51,2024-01-15 17:55:51,PricingEngine,2026-02-24 03:55:58,BATCH-20260224-01
SKU-394122,SHOP,16.28,ZAR,Regular,2025-09-09 23:27:34,2025-10-09 23:27:34,PricingEngine,2026-02-24 03:55:58,BATCH-20260224-01
SKU-888021,C60,47.69,ZAR,Regular,2024-04-09 07:34:07,2024-05-09 07:34:07,PricingEngine,2026-02-24 03:55:58,BATCH-20260224-01
SKU-888021,SHOP,50.55,ZAR,Regular,2025-09-27 20:36:29,2025-10-27 20:36:29,PricingEngine,2026-02-24 03:55:58,BATCH-20260224-01
SKU-835594,C60,91.95,ZAR,Regular,2024-10-01 08:13:13,2024-11-01 08:13:13,PricingEngine,2026-02-24 03:55:58,BATCH-20260224-01
SKU-835594,USV,97.47,ZAR,Regular,2025-05-20 15:24:32,2025-06-20 15:24:32,PricingEngine,2026-02-24 03:55:58,BATCH-20260224-01
SKU-317794,C60,14.9,ZAR,Regular,2024-01-14 16:46:11,2024-02-14 16:46:11,PricingEngine,2026-02-24 03:55:58,BATCH-20260224-01
SKU-317794,CHK,15.79,ZAR,Regular,2025-07-20 19:04:57,2025-08-20 19:04:57,PricingEngine,2026-02-24 03:55:58,BATCH-20260224-01
SKU-533383,SHOP,101.1,ZAR,Regular,2024-08-11 03:56:37,2024-09-11 03:56:37,PricingEngine,2026-02-24 03:55:58,BATCH-20260224-01
SKU-533383,C60,107.17,ZAR,Promo,2025-10-28 13:00:14,2025-11-04 13:00:14,PricingEngine,2026-02-24 03:55:58,BATCH-20260224-01
SKU-438172,SHOP,28.99,ZAR,Promo,2024-03-23 19:25:57,2024-03-30 19:25:57,PricingEngine,2026-02-24 03:55:58,BATCH-20260224-01
SKU-438172,CHK,30.73,ZAR,Promo,2025-11-24 16:50:03,2025-12-01 16:50:03,PricingEngine,2026-02-24 03:55:58,BATCH-20260224-01
SKU-188530,USV,35.01,ZAR,Regular,2024-10-26 10:12:56,2024-11-26 10:12:56,PricingEngine,2026-02-24 03:55:58,BATCH-20260224-01
SKU-188530,USV,37.11,ZAR,Regular,2025-05-19 15:51:14,2025-06-19 15:51:14,PricingEngine,2026-02-24 03:55:58,BATCH-20260224-01
SKU-211863,CHK,29.06,ZAR,Regular,2024-04-17 14:46:34,2024-05-17 14:46:34,PricingEngine,2026-02-24 03:55:58,BATCH-20260224-01
SKU-211863,USV,30.8,ZAR,Promo,2025-08-24 11:25:16,2025-08-31 11:25:16,PricingEngine,2026-02-24 03:55:58,BATCH-20260224-01
SKU-135296,CHK,22.88,ZAR,Regular,2024-05-23 18:53:51,2024-06-23 18:53:51,PricingEngine,2026-02-24 03:55:58,BATCH-20260224-01
SKU-135296,C60,24.25,ZAR,Promo,2025-08-10 04:11:14,2025-08-17 04:11:14,PricingEngine,2026-02-24 03:55:58,BATCH-20260224-01
SKU-853008,USV,88.26,ZAR,Regular,2024-06-01 22:21:22,2024-07-01 22:21:22,PricingEngine,2026-02-24 03:55:58,BATCH-20260224-01
SKU-853008,CHK,93.56,ZAR,Promo,2025-03-01 07:15:01,2025-03-08 07:15:01,PricingEngine,2026-02-24 03:55:58,BATCH-20260224-01
SKU-315608,USV,31.24,ZAR,Promo,2024-08-16 06:55:43,2024-08-23 06:55:43,PricingEngine,2026-02-24 03:55:58,BATCH-20260224-01
SKU-315608,C60,33.12,ZAR,Regular,2025-10-22 18:54:26,2025-11-22 18:54:26,PricingEngine,2026-02-24 03:55:58,BATCH-20260224-01
SKU-256557,USV,36.99,ZAR,Regular,2024-07-20 03:24:16,2024-08-20 03:24:16,PricingEngine,2026-02-24 03:55:58,BATCH-20260224-01
SKU-256557,C60,39.21,ZAR,Promo,2025-08-03 13:50:24,2025-08-10 13:50:24,PricingEngine,2026-02-24 03:55:58,BATCH-20260224-01
SKU-629756,USV,28.26,ZAR,Regular,2024-06-04 03:45:18,2024-07-04 03:45:18,PricingEngine,2026-02-24 03:55:58,BATCH-20260224-01
SKU-629756,CHK,29.96,ZAR,Promo,2025-08-05 05:55:30,2025-08-12 05:55:30,PricingEngine,2026-02-24 03:55:58,BATCH-20260224-01
SKU-156601,CHK,30.45,ZAR,Promo,2024-05-15 16:46:34,2024-05-22 16:46:34,PricingEngine,2026-02-24 03:55:58,BATCH-20260224-01
SKU-156601,CHK,32.28,ZAR,Promo,2025-03-16 19:05:22,2025-03-23 19:05:22,PricingEngine,2026-02-24 03:55:58,BATCH-20260224-01
SKU-283366,USV,36.68,ZAR,Regular,2024-02-18 02:59:45,2024-03-18 02:59:45,PricingEngine,2026-02-24 03:55:58,BATCH-20260224-01
SKU-283366,C60,38.88,ZAR,Regular,2025-01-07 00:34:59,2025-02-07 00:34:59,PricingEngine,2026-02-24 03:55:58,BATCH-20260224-01
SKU-754864,C60,20.21,ZAR,Promo,2024-12-06 01:08:40,2024-12-13 01:08:40,PricingEngine,2026-02-24 03:55:58,BATCH-20260224-01
SKU-754864,C60,21.42,ZAR,Regular,2025-10-02 16:45:18,2025-11-02 16:45:18,PricingEngine,2026-02-24 03:55:58,BATCH-20260224-01
SKU-278894,CHK,30.87,ZAR,Regular,2024-04-19 09:16:22,2024-05-19 09:16:22,PricingEngine,2026-02-24 03:55:58,BATCH-20260224-01
SKU-278894,C60,32.72,ZAR,Regular,2025-02-03 12:37:58,2025-03-03 12:37:58,PricingEngine,2026-02-24 03:55:58,BATCH-20260224-01
SKU-133723,SHOP,34.56,ZAR,Promo,2024-02-12 17:44:00,2024-02-19 17:44:00,PricingEngine,2026-02-24 03:55:58,BATCH-20260224-01
SKU-133723,C60,36.63,ZAR,Regular,2025-07-17 23:00:09,2025-08-17 23:00:09,PricingEngine,2026-02-24 03:55:58,BATCH-20260224-01
SKU-940286,CHK,19.08,ZAR,Regular,2024-09-22 15:26:53,2024-10-22 15:26:53,PricingEngine,2026-02-24 03:55:58,BATCH-20260224-01
SKU-940286,CHK,20.23,ZAR,Promo,2025-11-14 01:03:41,2025-11-21 01:03:41,PricingEngine,2026-02-24 03:55:58,BATCH-20260224-01
SKU-314045,SHOP,29.71,ZAR,Promo,2024-07-19 15:39:20,2024-07-26 15:39:20,PricingEngine,2026-02-24 03:55:58,BATCH-20260224-01
SKU-314045,C60,31.49,ZAR,Regular,2025-04-21 20:54:02,2025-05-21 20:54:02,PricingEngine,2026-02-24 03:55:58,BATCH-20260224-01
SKU-648542,C60,26.84,ZAR,Promo,2024-07-28 03:26:02,2024-08-04 03:26:02,PricingEngine,2026-02-24 03:55:58,BATCH-20260224-01
SKU-648542,C60,28.45,ZAR,Promo,2025-11-08 07:52:47,2025-11-15 07:52:47,PricingEngine,2026-02-24 03:55:58,BATCH-20260224-01
SKU-129256,CHK,95.08,ZAR,Promo,2024-07-19 07:41:37,2024-07-26 07:41:37,PricingEngine,2026-02-24 03:55:58,BATCH-20260224-01
SKU-129256,SHOP,100.79,ZAR,Promo,2025-03-19 21:14:08,2025-03-26 21:14:08,PricingEngine,2026-02-24 03:55:58,BATCH-20260224-01
SKU-876158,SHOP,139.74,ZAR,Regular,2024-01-11 12:22:25,2024-02-11 12:22:25,PricingEngine,2026-02-24 03:55:58,BATCH-20260224-01
SKU-876158,CHK,148.13,ZAR,Regular,2025-04-19 10:32:27,2025-05-19 10:32:27,PricingEngine,2026-02-24 03:55:58,BATCH-20260224-01
SKU-441960,CHK,20.83,ZAR,Promo,2024-02-19 23:34:00,2024-02-26 23:34:00,PricingEngine,2026-02-24 03:55:58,BATCH-20260224-01
SKU-441960,C60,22.08,ZAR,Promo,2025-12-18 00:21:36,2025-12-25 00:21:36,PricingEngine,2026-02-24 03:55:58,BATCH-20260224-01
SKU-244638,SHOP,103.74,ZAR,Regular,2024-10-14 05:52:11,2024-11-14 05:52:11,PricingEngine,2026-02-24 03:55:58,BATCH-20260224-01
SKU-244638,USV,109.97,ZAR,Regular,2025-07-14 14:46:38,2025-08-14 14:46:38,PricingEngine,2026-02-24 03:55:58,BATCH-20260224-01
SKU-627451,CHK,37.95,ZAR,Regular,2024-11-06 15:02:03,2024-12-06 15:02:03,PricingEngine,2026-02-24 03:55:58,BATCH-20260224-01
SKU-627451,USV,40.23,ZAR,Promo,2025-10-06 04:41:01,2025-10-13 04:41:01,PricingEngine,2026-02-24 03:55:58,BATCH-20260224-01
SKU-102411,C60,35.67,ZAR,Regular,2024-06-26 05:54:37,2024-07-26 05:54:37,PricingEngine,2026-02-24 03:55:58,BATCH-20260224-01
SKU-102411,CHK,37.81,ZAR,Regular,2025-03-28 06:01:41,2025-04-28 06:01:41,PricingEngine,2026-02-24 03:55:58,BATCH-20260224-01
SKU-812548,C60,49.69,ZAR,Promo,2024-10-23 21:23:32,2024-10-30 21:23:32,PricingEngine,2026-02-24 03:55:58,BATCH-20260224-01
SKU-812548,C60,52.67,ZAR,Regular,2025-03-26 07:55:14,2025-04-26 07:55:14,PricingEngine,2026-02-24 03:55:58,BATCH-20260224-01
SKU-864350,CHK,16.11,ZAR,Promo,2024-08-05 12:18:24,2024-08-12 12:18:24,PricingEngine,2026-02-24 03:55:58,BATCH-20260224-01
SKU-864350,C60,17.08,ZAR,Promo,2025-10-04 10:16:13,2025-10-11 10:16:13,PricingEngine,2026-02-24 03:55:58,BATCH-20260224-01
SKU-937118,CHK,23.83,ZAR,Regular,2024-09-28 14:24:48,2024-10-28 14:24:48,PricingEngine,2026-02-24 03:55:58,BATCH-20260224-01
SKU-937118,SHOP,25.26,ZAR,Promo,2025-08-12 22:21:56,2025-08-19 22:21:56,PricingEngine,2026-02-24 03:55:58,BATCH-20260224-01
SKU-399921,CHK,21.4,ZAR,Regular,2024-11-24 11:35:57,2024-12-24 11:35:57,PricingEngine,2026-02-24 03:55:58,BATCH-20260224-01
SKU-399921,C60,22.68,ZAR,Regular,2025-09-18 20:10:57,2025-10-18 20:10:57,PricingEngine,2026-02-24 03:55:58,BATCH-20260224-01
SKU-659421,USV,85.39,ZAR,Regular,2024-03-24 08:02:16,2024-04-24 08:02:16,PricingEngine,2026-02-24 03:55:58,BATCH-20260224-01
SKU-659421,C60,90.51,ZAR,Regular,2025-05-25 00:06:08,2025-06-25 00:06:08,PricingEngine,2026-02-24 03:55:58,BATCH-20260224-01
SKU-168002,CHK,19.86,ZAR,Regular,2024-07-09 05:53:43,2024-08-09 05:53:43,PricingEngine,2026-02-24 03:55:58,BATCH-20260224-01
SKU-168002,SHOP,21.05,ZAR,Regular,2025-10-03 01:21:29,2025-11-03 01:21:29,PricingEngine,2026-02-24 03:55:58,BATCH-20260224-01
SKU-519840,CHK,59.36,ZAR,Promo,2024-03-13 11:12:45,2024-03-20 11:12:45,PricingEngine,2026-02-24 03:55:58,BATCH-20260224-01
SKU-519840,SHOP,62.92,ZAR,Regular,2025-10-28 14:30:26,2025-11-28 14:30:26,PricingEngine,2026-02-24 03:55:58,BATCH-20260224-01
SKU-465404,SHOP,27.59,ZAR,Promo,2024-07-15 21:20:47,2024-07-22 21:20:47,PricingEngine,2026-02-24 03:55:58,BATCH-20260224-01
SKU-465404,CHK,29.25,ZAR,Regular,2025-10-19 09:49:05,2025-11-19 09:49:05,PricingEngine,2026-02-24 03:55:58,BATCH-20260224-01
SKU-437334,CHK,17.07,ZAR,Regular,2024-12-27 16:51:09,2025-01-27 16:51:09,PricingEngine,2026-02-24 03:55:58,BATCH-20260224-01
SKU-437334,C60,18.09,ZAR,Regular,2025-10-23 12:02:38,2025-11-23 12:02:38,PricingEngine,2026-02-24 03:55:58,BATCH-20260224-01
SKU-520807,USV,39.15,ZAR,Regular,2024-09-20 20:56:08,2024-10-20 20:56:08,PricingEngine,2026-02-24 03:55:58,BATCH-20260224-01
SKU-520807,C60,41.5,ZAR,Promo,2025-07-25 04:48:49,2025-08-01 04:48:49,PricingEngine,2026-02-24 03:55:58,BATCH-20260224-01
SKU-393114,SHOP,44.16,ZAR,Regular,2024-10-08 13:39:54,2024-11-08 13:39:54,PricingEngine,2026-02-24 03:55:58,BATCH-20260224-01
SKU-393114,SHOP,46.81,ZAR,Promo,2025-06-19 14:06:31,2025-06-26 14:06:31,PricingEngine,2026-02-24 03:55:58,BATCH-20260224-01
SKU-871199,USV,88.46,ZAR,Regular,2024-07-27 23:53:40,2024-08-27 23:53:40,PricingEngine,2026-02-24 03:55:58,BATCH-20260224-01
SKU-871199,SHOP,93.77,ZAR,Regular,2025-03-09 12:33:23,2025-04-09 12:33:23,PricingEngine,2026-02-24 03:55:58,BATCH-20260224-01
SKU-352137,CHK,35.43,ZAR,Promo,2024-02-10 01:19:46,2024-02-17 01:19:46,PricingEngine,2026-02-24 03:55:58,BATCH-20260224-01
SKU-352137,C60,37.56,ZAR,Regular,2025-03-20 06:41:06,2025-04-20 06:41:06,PricingEngine,2026-02-24 03:55:58,BATCH-20260224-01
SKU-741798,C60,16.35,ZAR,Promo,2024-02-04 05:45:00,2024-02-11 05:45:00,PricingEngine,2026-02-24 03:55:58,BATCH-20260224-01
SKU-741798,USV,17.33,ZAR,Promo,2025-05-21 23:19:28,2025-05-28 23:19:28,PricingEngine,2026-02-24 03:55:58,BATCH-20260224-01
SKU-321979,C60,35.98,ZAR,Regular,2024-02-03 18:55:17,2024-03-03 18:55:17,PricingEngine,2026-02-24 03:55:58,BATCH-20260224-01
SKU-321979,C60,38.14,ZAR,Promo,2025-03-24 02:41:11,2025-03-31 02:41:11,PricingEngine,2026-02-24 03:55:58,BATCH-20260224-01
SKU-525162,CHK,26.81,ZAR,Promo,2024-02-19 13:29:06,2024-02-26 13:29:06,PricingEngine,2026-02-24 03:55:58,BATCH-20260224-01
SKU-525162,C60,28.42,ZAR,Promo,2025-02-21 01:04:36,2025-02-28 01:04:36,PricingEngine,2026-02-24 03:55:58,BATCH-20260224-01
SKU-817806,CHK,19.64,ZAR,Promo,2024-06-12 11:17:48,2024-06-19 11:17:48,PricingEngine,2026-02-24 03:55:58,BATCH-20260224-01
SKU-817806,C60,20.82,ZAR,Regular,2025-04-04 00:59:34,2025-05-04 00:59:34,PricingEngine,2026-02-24 03:55:58,BATCH-20260224-01
SKU-211961,C60,25.53,ZAR,Regular,2024-11-27 14:43:30,2024-12-27 14:43:30,PricingEngine,2026-02-24 03:55:58,BATCH-20260224-01
SKU-211961,C60,27.06,ZAR,Regular,2025-01-24 17:17:58,2025-02-24 17:17:58,PricingEngine,2026-02-24 03:55:58,BATCH-20260224-01
SKU-664544,SHOP,93.24,ZAR,Regular,2024-11-27 10:38:45,2024-12-27 10:38:45,PricingEngine,2026-02-24 03:55:58,BATCH-20260224-01
SKU-664544,CHK,98.83,ZAR,Promo,2025-03-06 03:56:47,2025-03-13 03:56:47,PricingEngine,2026-02-24 03:55:58,BATCH-20260224-01
SKU-464414,SHOP,24.19,ZAR,Regular,2024-06-19 21:17:32,2024-07-19 21:17:32,PricingEngine,2026-02-24 03:55:58,BATCH-20260224-01
SKU-464414,CHK,25.64,ZAR,Regular,2025-05-03 10:33:45,2025-06-03 10:33:45,PricingEngine,2026-02-24 03:55:58,BATCH-20260224-01
SKU-556712,SHOP,14.02,ZAR,Promo,2024-08-03 12:56:55,2024-08-10 12:56:55,PricingEngine,2026-02-24 03:55:58,BATCH-20260224-01
SKU-556712,SHOP,14.86,ZAR,Regular,2025-06-01 06:09:15,2025-07-01 06:09:15,PricingEngine,2026-02-24 03:55:58,BATCH-20260224-01
SKU-762294,CHK,29.55,ZAR,Regular,2024-02-03 10:46:55,2024-03-03 10:46:55,PricingEngine,2026-02-24 03:55:58,BATCH-20260224-01
SKU-762294,C60,31.32,ZAR,Promo,2025-09-23 22:04:22,2025-09-30 22:04:22,PricingEngine,2026-02-24 03:55:58,BATCH-20260224-01
SKU-207811,USV,38.97,ZAR,Promo,2024-01-03 08:52:12,2024-01-10 08:52:12,PricingEngine,2026-02-24 03:55:58,BATCH-20260224-01
SKU-207811,C60,41.31,ZAR,Regular,2025-04-23 18:05:26,2025-05-23 18:05:26,PricingEngine,2026-02-24 03:55:58,BATCH-20260224-01
SKU-409946,USV,19.91,ZAR,Promo,2024-06-15 15:03:22,2024-06-22 15:03:22,PricingEngine,2026-02-24 03:55:58,BATCH-20260224-01
SKU-409946,SHOP,21.11,ZAR,Regular,2025-04-24 19:41:50,2025-05-24 19:41:50,PricingEngine,2026-02-24 03:55:58,BATCH-20260224-01
SKU-875305,SHOP,17.88,ZAR,Regular,2024-01-22 12:00:12,2024-02-22 12:00:12,PricingEngine,2026-02-24 03:55:58,BATCH-20260224-01
SKU-875305,USV,18.95,ZAR,Regular,2025-12-14 05:48:17,2026-01-14 05:48:17,PricingEngine,2026-02-24 03:55:58,BATCH-20260224-01
SKU-138252,USV,88.32,ZAR,Promo,2024-08-06 21:45:37,2024-08-13 21:45:37,PricingEngine,2026-02-24 03:55:58,BATCH-20260224-01
SKU-138252,CHK,93.62,ZAR,Promo,2025-07-13 10:27:12,2025-07-20 10:27:12,PricingEngine,2026-02-24 03:55:58,BATCH-20260224-01
SKU-711258,C60,22.92,ZAR,Promo,2024-11-09 16:26:29,2024-11-16 16:26:29,PricingEngine,2026-02-24 03:55:58,BATCH-20260224-01
SKU-711258,CHK,24.3,ZAR,Regular,2025-12-27 19:26:56,2026-01-27 19:26:56,PricingEngine,2026-02-24 03:55:58,BATCH-20260224-01
SKU-668984,CHK,37.76,ZAR,Promo,2024-06-01 02:51:31,2024-06-08 02:51:31,PricingEngine,2026-02-24 03:55:58,BATCH-20260224-01
SKU-668984,C60,40.03,ZAR,Regular,2025-02-12 21:39:08,2025-03-12 21:39:08,PricingEngine,2026-02-24 03:55:58,BATCH-20260224-01
SKU-706551,C60,40.81,ZAR,Promo,2024-05-05 09:55:42,2024-05-12 09:55:42,PricingEngine,2026-02-24 03:55:58,BATCH-20260224-01
SKU-706551,USV,43.26,ZAR,Regular,2025-09-25 22:47:45,2025-10-25 22:47:45,PricingEngine,2026-02-24 03:55:58,BATCH-20260224-01
SKU-508155,CHK,18.52,ZAR,Regular,2024-03-08 23:33:49,2024-04-08 23:33:49,PricingEngine,2026-02-24 03:55:58,BATCH-20260224-01
SKU-508155,SHOP,19.63,ZAR,Regular,2025-10-28 21:56:26,2025-11-28 21:56:26,PricingEngine,2026-02-24 03:55:58,BATCH-20260224-01
SKU-592187,CHK,34.18,ZAR,Promo,2024-03-08 23:23:47,2024-03-15 23:23:47,PricingEngine,2026-02-24 03:55:58,BATCH-20260224-01
SKU-592187,SHOP,36.23,ZAR,Regular,2025-07-19 20:18:00,2025-08-19 20:18:00,PricingEngine,2026-02-24 03:55:58,BATCH-20260224-01
SKU-925780,C60,50.01,ZAR,Promo,2024-12-06 21:58:18,2024-12-13 21:58:18,PricingEngine,2026-02-24 03:55:58,BATCH-20260224-01
SKU-925780,SHOP,53.01,ZAR,Regular,2025-11-18 22:44:01,2025-12-18 22:44:01,PricingEngine,2026-02-24 03:55:58,BATCH-20260224-01
SKU-474163,SHOP,39.96,ZAR,Promo,2024-09-21 09:17:02,2024-09-28 09:17:02,PricingEngine,2026-02-24 03:55:58,BATCH-20260224-01
SKU-474163,C60,42.36,ZAR,Regular,2025-04-28 04:40:55,2025-05-28 04:40:55,PricingEngine,2026-02-24 03:55:58,BATCH-20260224-01
SKU-271084,SHOP,22.66,ZAR,Promo,2024-03-15 01:32:40,2024-03-22 01:32:40,PricingEngine,2026-02-24 03:55:58,BATCH-20260224-01
SKU-271084,USV,24.02,ZAR,Regular,2025-07-14 08:40:05,2025-08-14 08:40:05,PricingEngine,2026-02-24 03:55:58,BATCH-20260224-01
SKU-765794,C60,16.05,ZAR,Promo,2024-02-06 00:21:55,2024-02-13 00:21:55,PricingEngine,2026-02-24 03:55:58,BATCH-20260224-01
SKU-765794,USV,17.01,ZAR,Regular,2025-01-28 19:53:04,2025-02-28 19:53:04,PricingEngine,2026-02-24 03:55:58,BATCH-20260224-01
SKU-618167,USV,37.47,ZAR,Promo,2024-02-17 00:02:37,2024-02-24 00:02:37,PricingEngine,2026-02-24 03:55:58,BATCH-20260224-01
SKU-618167,SHOP,39.72,ZAR,Regular,2025-02-03 07:25:28,2025-03-03 07:25:28,PricingEngine,2026-02-24 03:55:58,BATCH-20260224-01
SKU-360543,C60,86.42,ZAR,Regular,2024-10-18 14:18:43,2024-11-18 14:18:43,PricingEngine,2026-02-24 03:55:58,BATCH-20260224-01
SKU-360543,C60,91.61,ZAR,Regular,2025-07-05 16:48:56,2025-08-05 16:48:56,PricingEngine,2026-02-24 03:55:58,BATCH-20260224-01
SKU-445065,C60,90.65,ZAR,Regular,2024-10-01 19:35:07,2024-11-01 19:35:07,PricingEngine,2026-02-24 03:55:58,BATCH-20260224-01
SKU-445065,CHK,96.09,ZAR,Promo,2025-01-25 01:54:52,2025-02-01 01:54:52,PricingEngine,2026-02-24 03:55:58,BATCH-20260224-01
SKU-430439,CHK,25.76,ZAR,Promo,2024-06-25 21:42:33,2024-07-02 21:42:33,PricingEngine,2026-02-24 03:55:58,BATCH-20260224-01
SKU-430439,USV,27.31,ZAR,Regular,2025-01-08 23:33:16,2025-02-08 23:33:16,PricingEngine,2026-02-24 03:55:58,BATCH-20260224-01
SKU-956373,SHOP,50.8,ZAR,Regular,2024-07-16 09:41:18,2024-08-16 09:41:18,PricingEngine,2026-02-24 03:55:58,BATCH-20260224-01
SKU-956373,USV,53.85,ZAR,Regular,2025-02-22 19:23:23,2025-03-22 19:23:23,PricingEngine,2026-02-24 03:55:58,BATCH-20260224-01
SKU-377400,SHOP,16.57,ZAR,Promo,2024-09-06 22:18:55,2024-09-13 22:18:55,PricingEngine,2026-02-24 03:55:58,BATCH-20260224-01
SKU-377400,CHK,17.56,ZAR,Regular,2025-05-12 03:13:11,2025-06-12 03:13:11,PricingEngine,2026-02-24 03:55:58,BATCH-20260224-01
SKU-801595,C60,59.95,ZAR,Promo,2024-01-18 01:52:20,2024-01-25 01:52:20,PricingEngine,2026-02-24 03:55:58,BATCH-20260224-01
SKU-801595,USV,63.55,ZAR,Promo,2025-05-27 07:46:16,2025-06-03 07:46:16,PricingEngine,2026-02-24 03:55:58,BATCH-20260224-01
SKU-164412,USV,16.65,ZAR,Regular,2024-04-13 18:18:56,2024-05-13 18:18:56,PricingEngine,2026-02-24 03:55:58,BATCH-20260224-01
SKU-164412,USV,17.65,ZAR,Promo,2025-09-23 17:35:30,2025-09-30 17:35:30,PricingEngine,2026-02-24 03:55:58,BATCH-20260224-01
SKU-834890,CHK,54.85,ZAR,Promo,2024-03-18 04:01:30,2024-03-25 04:01:30,PricingEngine,2026-02-24 03:55:58,BATCH-20260224-01
SKU-834890,CHK,58.14,ZAR,Regular,2025-04-18 01:35:36,2025-05-18 01:35:36,PricingEngine,2026-02-24 03:55:58,BATCH-20260224-01
SKU-898492,C60,32.02,ZAR,Regular,2024-07-13 08:27:35,2024-08-13 08:27:35,PricingEngine,2026-02-24 03:55:58,BATCH-20260224-01
SKU-898492,USV,33.94,ZAR,Regular,2025-11-27 10:03:28,2025-12-27 10:03:28,PricingEngine,2026-02-24 03:55:58,BATCH-20260224-01
SKU-489412,C60,86.7,ZAR,Regular,2024-04-04 07:03:16,2024-05-04 07:03:16,PricingEngine,2026-02-24 03:55:58,BATCH-20260224-01
SKU-489412,SHOP,91.9,ZAR,Promo,2025-03-21 08:40:40,2025-03-28 08:40:40,PricingEngine,2026-02-24 03:55:58,BATCH-20260224-01
SKU-311893,C60,29.73,ZAR,Regular,2024-03-10 23:36:16,2024-04-10 23:36:16,PricingEngine,2026-02-24 03:55:58,BATCH-20260224-01
SKU-311893,C60,31.51,ZAR,Promo,2025-09-06 13:22:51,2025-09-13 13:22:51,PricingEngine,2026-02-24 03:55:58,BATCH-20260224-01
SKU-789100,SHOP,35.87,ZAR,Regular,2024-01-08 06:48:19,2024-02-08 06:48:19,PricingEngine,2026-02-24 03:55:58,BATCH-20260224-01
SKU-789100,SHOP,38.02,ZAR,Regular,2025-02-19 08:24:24,2025-03-19 08:24:24,PricingEngine,2026-02-24 03:55:58,BATCH-20260224-01
SKU-539412,C60,16.49,ZAR,Promo,2024-11-06 02:04:34,2024-11-13 02:04:34,PricingEngine,2026-02-24 03:55:58,BATCH-20260224-01
SKU-539412,SHOP,17.48,ZAR,Regular,2025-03-05 06:47:11,2025-04-05 06:47:11,PricingEngine,2026-02-24 03:55:58,BATCH-20260224-01
SKU-880368,SHOP,15.02,ZAR,Promo,2024-08-15 15:57:00,2024-08-22 15:57:00,PricingEngine,2026-02-24 03:55:58,BATCH-20260224-01
SKU-880368,SHOP,15.92,ZAR,Regular,2025-12-28 18:35:18,2026-01-28 18:35:18,PricingEngine,2026-02-24 03:55:58,BATCH-20260224-01
SKU-763248,SHOP,29.09,ZAR,Regular,2024-07-13 17:16:00,2024-08-13 17:16:00,PricingEngine,2026-02-24 03:55:58,BATCH-20260224-01
SKU-763248,CHK,30.84,ZAR,Regular,2025-01-08 04:00:10,2025-02-08 04:00:10,PricingEngine,2026-02-24 03:55:58,BATCH-20260224-01
SKU-964553,USV,35.69,ZAR,Regular,2024-10-12 15:58:26,2024-11-12 15:58:26,PricingEngine,2026-02-24 03:55:58,BATCH-20260224-01
SKU-964553,C60,37.83,ZAR,Regular,2025-03-17 10:45:41,2025-04-17 10:45:41,PricingEngine,2026-02-24 03:55:58,BATCH-20260224-01
SKU-633286,C60,30.48,ZAR,Promo,2024-10-25 05:42:54,2024-11-01 05:42:54,PricingEngine,2026-02-24 03:55:58,BATCH-20260224-01
SKU-633286,SHOP,32.31,ZAR,Regular,2025-11-27 09:21:58,2025-12-27 09:21:58,PricingEngine,2026-02-24 03:55:58,BATCH-20260224-01
SKU-170998,C60,31.12,ZAR,Promo,2024-04-11 16:51:55,2024-04-18 16:51:55,PricingEngine,2026-02-24 03:55:58,BATCH-20260224-01
SKU-170998,SHOP,32.99,ZAR,Regular,2025-08-08 22:07:35,2025-09-08 22:07:35,PricingEngine,2026-02-24 03:55:58,BATCH-20260224-01
SKU-329416,USV,15.99,ZAR,Promo,2024-04-14 23:27:15,2024-04-21 23:27:15,PricingEngine,2026-02-24 03:55:58,BATCH-20260224-01
SKU-329416,USV,16.95,ZAR,Promo,2025-06-14 17:19:08,2025-06-21 17:19:08,PricingEngine,2026-02-24 03:55:58,BATCH-20260224-01
SKU-355760,C60,25.12,ZAR,Promo,2024-07-14 12:41:55,2024-07-21 12:41:55,PricingEngine,2026-02-24 03:55:58,BATCH-20260224-01
SKU-355760,C60,26.63,ZAR,Regular,2025-06-23 16:36:13,2025-07-23 16:36:13,PricingEngine,2026-02-24 03:55:58,BATCH-20260224-01
SKU-933972,CHK,28.76,ZAR,Regular,2024-09-04 02:51:32,2024-10-04 02:51:32,PricingEngine,2026-02-24 03:55:58,BATCH-20260224-01
SKU-933972,SHOP,30.49,ZAR,Promo,2025-12-13 20:04:02,2025-12-20 20:04:02,PricingEngine,2026-02-24 03:55:58,BATCH-20260224-01
SKU-807771,SHOP,21.32,ZAR,Regular,2024-11-23 01:58:33,2024-12-23 01:58:33,PricingEngine,2026-02-24 03:55:58,BATCH-20260224-01
SKU-807771,USV,22.6,ZAR,Regular,2025-08-26 13:46:53,2025-09-26 13:46:53,PricingEngine,2026-02-24 03:55:58,BATCH-20260224-01
SKU-316209,USV,24.89,ZAR,Promo,2024-03-21 02:31:25,2024-03-28 02:31:25,PricingEngine,2026-02-24 03:55:58,BATCH-20260224-01
SKU-316209,CHK,26.38,ZAR,Regular,2025-09-22 08:44:10,2025-10-22 08:44:10,PricingEngine,2026-02-24 03:55:58,BATCH-20260224-01
SKU-113131,SHOP,18.87,ZAR,Promo,2024-05-04 11:49:25,2024-05-11 11:49:25,PricingEngine,2026-02-24 03:55:58,BATCH-20260224-01
SKU-113131,C60,20.0,ZAR,Promo,2025-10-14 20:07:30,2025-10-21 20:07:30,PricingEngine,2026-02-24 03:55:58,BATCH-20260224-01
SKU-551099,CHK,34.95,ZAR,Promo,2024-08-27 07:32:26,2024-09-03 07:32:26,PricingEngine,2026-02-24 03:55:58,BATCH-20260224-01
SKU-551099,C60,37.05,ZAR,Regular,2025-08-01 10:03:57,2025-09-01 10:03:57,PricingEngine,2026-02-24 03:55:58,BATCH-20260224-01
SKU-626563,USV,21.09,ZAR,Promo,2024-03-16 20:41:53,2024-03-23 20:41:53,PricingEngine,2026-02-24 03:55:58,BATCH-20260224-01
SKU-626563,CHK,22.36,ZAR,Promo,2025-09-14 13:06:52,2025-09-21 13:06:52,PricingEngine,2026-02-24 03:55:58,BATCH-20260224-01
SKU-398336,C60,20.34,ZAR,Regular,2024-05-07 11:21:14,2024-06-07 11:21:14,PricingEngine,2026-02-24 03:55:58,BATCH-20260224-01
SKU-398336,C60,21.56,ZAR,Regular,2025-05-16 03:43:46,2025-06-16 03:43:46,PricingEngine,2026-02-24 03:55:58,BATCH-20260224-01
SKU-550674,USV,129.15,ZAR,Regular,2024-08-11 09:21:59,2024-09-11 09:21:59,PricingEngine,2026-02-24 03:55:58,BATCH-20260224-01
SKU-550674,C60,136.9,ZAR,Promo,2025-04-11 16:23:57,2025-04-18 16:23:57,PricingEngine,2026-02-24 03:55:58,BATCH-20260224-01
SKU-743797,C60,18.77,ZAR,Promo,2024-06-15 22:20:13,2024-06-22 22:20:13,PricingEngine,2026-02-24 03:55:58,BATCH-20260224-01
SKU-743797,SHOP,19.9,ZAR,Regular,2025-09-16 01:00:20,2025-10-16 01:00:20,PricingEngine,2026-02-24 03:55:58,BATCH-20260224-01
SKU-394694,CHK,32.63,ZAR,Promo,2024-11-06 07:45:18,2024-11-13 07:45:18,PricingEngine,2026-02-24 03:55:58,BATCH-20260224-01
SKU-394694,USV,34.59,ZAR,Regular,2025-10-03 21:04:54,2025-11-03 21:04:54,PricingEngine,2026-02-24 03:55:58,BATCH-20260224-01
SKU-103506,USV,22.92,ZAR,Promo,2024-05-07 10:57:46,2024-05-14 10:57:46,PricingEngine,2026-02-24 03:55:58,BATCH-20260224-01
SKU-103506,CHK,24.3,ZAR,Promo,2025-03-01 16:57:56,2025-03-08 16:57:56,PricingEngine,2026-02-24 03:55:58,BATCH-20260224-01
SKU-988748,USV,32.4,ZAR,Regular,2024-02-10 09:51:14,2024-03-10 09:51:14,PricingEngine,2026-02-24 03:55:58,BATCH-20260224-01
SKU-988748,SHOP,34.34,ZAR,Regular,2025-01-08 16:54:22,2025-02-08 16:54:22,PricingEngine,2026-02-24 03:55:58,BATCH-20260224-01
SKU-186979,USV,30.81,ZAR,Regular,2024-08-21 15:55:19,2024-09-21 15:55:19,PricingEngine,2026-02-24 03:55:58,BATCH-20260224-01
SKU-186979,SHOP,32.66,ZAR,Promo,2025-02-22 00:44:59,2025-03-01 00:44:59,PricingEngine,2026-02-24 03:55:58,BATCH-20260224-01
SKU-457152,USV,30.95,ZAR,Regular,2024-05-02 06:51:13,2024-06-02 06:51:13,PricingEngine,2026-02-24 03:55:58,BATCH-20260224-01
SKU-457152,USV,32.81,ZAR,Promo,2025-01-13 09:22:12,2025-01-20 09:22:12,PricingEngine,2026-02-24 03:55:58,BATCH-20260224-01
SKU-808030,CHK,27.85,ZAR,Promo,2024-02-04 07:07:31,2024-02-11 07:07:31,PricingEngine,2026-02-24 03:55:58,BATCH-20260224-01
SKU-808030,SHOP,29.52,ZAR,Promo,2025-02-03 03:37:54,2025-02-10 03:37:54,PricingEngine,2026-02-24 03:55:58,BATCH-20260224-01
SKU-850069,C60,15.54,ZAR,Regular,2024-08-27 07:43:13,2024-09-27 07:43:13,PricingEngine,2026-02-24 03:55:58,BATCH-20260224-01
SKU-850069,CHK,16.47,ZAR,Regular,2025-09-19 06:19:29,2025-10-19 06:19:29,PricingEngine,2026-02-24 03:55:58,BATCH-20260224-01
SKU-161184,C60,50.47,ZAR,Promo,2024-04-19 22:24:32,2024-04-26 22:24:32,PricingEngine,2026-02-24 03:55:58,BATCH-20260224-01
SKU-161184,C60,53.5,ZAR,Regular,2025-11-10 21:04:11,2025-12-10 21:04:11,PricingEngine,2026-02-24 03:55:58,BATCH-20260224-01
SKU-392024,C60,23.76,ZAR,Regular,2024-04-27 13:56:34,2024-05-27 13:56:34,PricingEngine,2026-02-24 03:55:58,BATCH-20260224-01
SKU-392024,C60,25.19,ZAR,Regular,2025-01-16 04:24:50,2025-02-16 04:24:50,PricingEngine,2026-02-24 03:55:58,BATCH-20260224-01
SKU-932638,USV,17.3,ZAR,Promo,2024-06-13 04:04:59,2024-06-20 04:04:59,PricingEngine,2026-02-24 03:55:58,BATCH-20260224-01
SKU-932638,USV,18.34,ZAR,Promo,2025-11-04 07:03:44,2025-11-11 07:03:44,PricingEngine,2026-02-24 03:55:58,BATCH-20260224-01
SKU-575437,CHK,22.5,ZAR,Regular,2024-10-04 12:12:02,2024-11-04 12:12:02,PricingEngine,2026-02-24 03:55:58,BATCH-20260224-01
SKU-575437,C60,23.85,ZAR,Promo,2025-04-07 04:09:14,2025-04-14 04:09:14,PricingEngine,2026-02-24 03:55:58,BATCH-20260224-01
SKU-395665,USV,20.91,ZAR,Promo,2024-02-12 12:29:29,2024-02-19 12:29:29,PricingEngine,2026-02-24 03:55:58,BATCH-20260224-01
SKU-395665,USV,22.17,ZAR,Promo,2025-11-09 23:48:30,2025-11-16 23:48:30,PricingEngine,2026-02-24 03:55:58,BATCH-20260224-01
SKU-884784,C60,21.13,ZAR,Promo,2024-08-13 09:05:08,2024-08-20 09:05:08,PricingEngine,2026-02-24 03:55:58,BATCH-20260224-01
SKU-884784,C60,22.4,ZAR,Promo,2025-04-26 13:20:51,2025-05-03 13:20:51,PricingEngine,2026-02-24 03:55:58,BATCH-20260224-01
SKU-483252,CHK,78.69,ZAR,Promo,2024-02-25 21:58:22,2024-03-03 21:58:22,PricingEngine,2026-02-24 03:55:58,BATCH-20260224-01
SKU-483252,C60,83.41,ZAR,Regular,2025-01-06 21:40:19,2025-02-06 21:40:19,PricingEngine,2026-02-24 03:55:58,BATCH-20260224-01
SKU-169220,USV,31.72,ZAR,Regular,2024-08-22 11:33:07,2024-09-22 11:33:07,PricingEngine,2026-02-24 03:55:58,BATCH-20260224-01
SKU-169220,SHOP,33.62,ZAR,Promo,2025-05-04 06:26:48,2025-05-11 06:26:48,PricingEngine,2026-02-24 03:55:58,BATCH-20260224-01
SKU-488287,CHK,35.78,ZAR,Regular,2024-11-08 01:35:48,2024-12-08 01:35:48,PricingEngine,2026-02-24 03:55:58,BATCH-20260224-01
SKU-488287,CHK,37.93,ZAR,Regular,2025-08-14 11:53:58,2025-09-14 11:53:58,PricingEngine,2026-02-24 03:55:58,BATCH-20260224-01
SKU-749728,USV,17.59,ZAR,Regular,2024-02-02 03:21:34,2024-03-02 03:21:34,PricingEngine,2026-02-24 03:55:58,BATCH-20260224-01
SKU-749728,C60,18.65,ZAR,Regular,2025-04-04 20:59:18,2025-05-04 20:59:18,PricingEngine,2026-02-24 03:55:58,BATCH-20260224-01
SKU-197284,SHOP,33.4,ZAR,Promo,2024-01-18 00:29:04,2024-01-25 00:29:04,PricingEngine,2026-02-24 03:55:58,BATCH-20260224-01
SKU-197284,SHOP,35.4,ZAR,Regular,2025-05-27 21:21:22,2025-06-27 21:21:22,PricingEngine,2026-02-24 03:55:58,BATCH-20260224-01
SKU-510529,CHK,51.01,ZAR,Promo,2024-02-02 17:10:10,2024-02-09 17:10:10,PricingEngine,2026-02-24 03:55:58,BATCH-20260224-01
SKU-510529,SHOP,54.07,ZAR,Promo,2025-04-06 16:40:02,2025-04-13 16:40:02,PricingEngine,2026-02-24 03:55:58,BATCH-20260224-01
SKU-856175,C60,19.97,ZAR,Regular,2024-04-26 12:34:53,2024-05-26 12:34:53,PricingEngine,2026-02-24 03:55:58,BATCH-20260224-01
SKU-856175,CHK,21.17,ZAR,Regular,2025-12-09 14:58:06,2026-01-09 14:58:06,PricingEngine,2026-02-24 03:55:58,BATCH-20260224-01
SKU-372329,CHK,77.18,ZAR,Promo,2024-12-22 17:40:34,2024-12-29 17:40:34,PricingEngine,2026-02-24 03:55:58,BATCH-20260224-01
SKU-372329,C60,81.81,ZAR,Regular,2025-10-18 17:18:40,2025-11-18 17:18:40,PricingEngine,2026-02-24 03:55:58,BATCH-20260224-01
SKU-392295,USV,25.74,ZAR,Regular,2024-04-19 19:02:24,2024-05-19 19:02:24,PricingEngine,2026-02-24 03:55:58,BATCH-20260224-01
SKU-392295,C60,27.29,ZAR,Regular,2025-06-16 20:41:13,2025-07-16 20:41:13,PricingEngine,2026-02-24 03:55:58,BATCH-20260224-01
SKU-642494,C60,78.71,ZAR,Promo,2024-01-28 16:36:31,2024-02-04 16:36:31,PricingEngine,2026-02-24 03:55:58,BATCH-20260224-01
SKU-642494,CHK,83.43,ZAR,Promo,2025-10-04 22:49:40,2025-10-11 22:49:40,PricingEngine,2026-02-24 03:55:58,BATCH-20260224-01
SKU-515022,SHOP,14.55,ZAR,Promo,2024-12-01 15:48:45,2024-12-08 15:48:45,PricingEngine,2026-02-24 03:55:58,BATCH-20260224-01
SKU-515022,USV,15.42,ZAR,Promo,2025-06-23 15:20:13,2025-06-30 15:20:13,PricingEngine,2026-02-24 03:55:58,BATCH-20260224-01
SKU-684647,CHK,24.91,ZAR,Regular,2024-10-06 07:21:17,2024-11-06 07:21:17,PricingEngine,2026-02-24 03:55:58,BATCH-20260224-01
SKU-684647,SHOP,26.41,ZAR,Promo,2025-08-15 05:38:31,2025-08-22 05:38:31,PricingEngine,2026-02-24 03:55:58,BATCH-20260224-01
SKU-180681,SHOP,21.61,ZAR,Promo,2024-07-13 23:57:46,2024-07-20 23:57:46,PricingEngine,2026-02-24 03:55:58,BATCH-20260224-01
SKU-180681,CHK,22.91,ZAR,Regular,2025-09-18 00:10:42,2025-10-18 00:10:42,PricingEngine,2026-02-24 03:55:58,BATCH-20260224-01
SKU-799269,C60,29.9,ZAR,Regular,2024-07-19 00:02:57,2024-08-19 00:02:57,PricingEngine,2026-02-24 03:55:58,BATCH-20260224-01
SKU-799269,CHK,31.69,ZAR,Promo,2025-06-03 20:08:51,2025-06-10 20:08:51,PricingEngine,2026-02-24 03:55:58,BATCH-20260224-01
SKU-714510,C60,50.39,ZAR,Regular,2024-06-16 21:20:58,2024-07-16 21:20:58,PricingEngine,2026-02-24 03:55:58,BATCH-20260224-01
SKU-714510,SHOP,53.41,ZAR,Regular,2025-08-08 07:36:09,2025-09-08 07:36:09,PricingEngine,2026-02-24 03:55:58,BATCH-20260224-01
SKU-157828,C60,36.7,ZAR,Promo,2024-02-16 13:48:21,2024-02-23 13:48:21,PricingEngine,2026-02-24 03:55:58,BATCH-20260224-01
SKU-157828,CHK,38.9,ZAR,Regular,2025-12-17 12:35:17,2026-01-17 12:35:17,PricingEngine,2026-02-24 03:55:58,BATCH-20260224-01
SKU-276051,SHOP,93.65,ZAR,Regular,2024-11-20 02:54:10,2024-12-20 02:54:10,PricingEngine,2026-02-24 03:55:58,BATCH-20260224-01
SKU-276051,USV,99.27,ZAR,Promo,2025-10-22 09:07:14,2025-10-29 09:07:14,PricingEngine,2026-02-24 03:55:58,BATCH-20260224-01
SKU-580553,USV,56.95,ZAR,Promo,2024-11-09 06:14:38,2024-11-16 06:14:38,PricingEngine,2026-02-24 03:55:58,BATCH-20260224-01
SKU-580553,C60,60.37,ZAR,Promo,2025-05-18 11:27:19,2025-05-25 11:27:19,PricingEngine,2026-02-24 03:55:58,BATCH-20260224-01
SKU-338295,SHOP,35.1,ZAR,Promo,2024-04-05 15:55:44,2024-04-12 15:55:44,PricingEngine,2026-02-24 03:55:58,BATCH-20260224-01
SKU-338295,SHOP,37.21,ZAR,Promo,2025-06-15 19:47:28,2025-06-22 19:47:28,PricingEngine,2026-02-24 03:55:58,BATCH-20260224-01
SKU-914783,C60,96.67,ZAR,Regular,2024-09-23 18:13:07,2024-10-23 18:13:07,PricingEngine,2026-02-24 03:55:58,BATCH-20260224-01
SKU-914783,USV,102.47,ZAR,Promo,2025-10-18 06:54:54,2025-10-25 06:54:54,PricingEngine,2026-02-24 03:55:58,BATCH-20260224-01
SKU-554727,CHK,18.14,ZAR,Promo,2024-12-15 20:50:38,2024-12-22 20:50:38,PricingEngine,2026-02-24 03:55:58,BATCH-20260224-01
SKU-554727,CHK,19.23,ZAR,Regular,2025-03-01 00:41:10,2025-04-01 00:41:10,PricingEngine,2026-02-24 03:55:58,BATCH-20260224-01
SKU-541776,C60,30.39,ZAR,Regular,2024-02-15 06:31:26,2024-03-15 06:31:26,PricingEngine,2026-02-24 03:55:58,BATCH-20260224-01
SKU-541776,USV,32.21,ZAR,Promo,2025-01-10 08:11:54,2025-01-17 08:11:54,PricingEngine,2026-02-24 03:55:58,BATCH-20260224-01
SKU-330353,C60,95.18,ZAR,Promo,2024-08-19 08:49:29,2024-08-26 08:49:29,PricingEngine,2026-02-24 03:55:58,BATCH-20260224-01
SKU-330353,CHK,100.89,ZAR,Regular,2025-01-15 17:58:10,2025-02-15 17:58:10,PricingEngine,2026-02-24 03:55:58,BATCH-20260224-01
SKU-690074,C60,34.57,ZAR,Regular,2024-11-17 21:00:42,2024-12-17 21:00:42,PricingEngine,2026-02-24 03:55:58,BATCH-20260224-01
SKU-690074,SHOP,36.64,ZAR,Regular,2025-09-12 21:56:45,2025-10-12 21:56:45,PricingEngine,2026-02-24 03:55:58,BATCH-20260224-01
SKU-471600,C60,23.61,ZAR,Promo,2024-09-18 05:12:19,2024-09-25 05:12:19,PricingEngine,2026-02-24 03:55:58,BATCH-20260224-01
SKU-471600,USV,25.03,ZAR,Regular,2025-03-26 15:42:09,2025-04-26 15:42:09,PricingEngine,2026-02-24 03:55:58,BATCH-20260224-01
SKU-748779,USV,25.56,ZAR,Promo,2024-12-21 14:55:48,2024-12-28 14:55:48,PricingEngine,2026-02-24 03:55:58,BATCH-20260224-01
SKU-748779,SHOP,27.09,ZAR,Promo,2025-03-04 18:26:47,2025-03-11 18:26:47,PricingEngine,2026-02-24 03:55:58,BATCH-20260224-01
SKU-438918,CHK,14.48,ZAR,Promo,2024-02-09 20:11:27,2024-02-16 20:11:27,PricingEngine,2026-02-24 03:55:58,BATCH-20260224-01
SKU-438918,USV,15.35,ZAR,Regular,2025-09-05 02:58:44,2025-10-05 02:58:44,PricingEngine,2026-02-24 03:55:58,BATCH-20260224-01
SKU-282473,C60,96.94,ZAR,Promo,2024-12-11 09:40:37,2024-12-18 09:40:37,PricingEngine,2026-02-24 03:55:58,BATCH-20260224-01
SKU-282473,SHOP,102.76,ZAR,Promo,2025-11-02 03:41:59,2025-11-09 03:41:59,PricingEngine,2026-02-24 03:55:58,BATCH-20260224-01
SKU-138842,CHK,53.04,ZAR,Regular,2024-11-06 02:02:21,2024-12-06 02:02:21,PricingEngine,2026-02-24 03:55:58,BATCH-20260224-01
SKU-138842,SHOP,56.22,ZAR,Promo,2025-05-24 08:33:27,2025-05-31 08:33:27,PricingEngine,2026-02-24 03:55:58,BATCH-20260224-01
SKU-397187,C60,39.59,ZAR,Regular,2024-06-08 06:57:04,2024-07-08 06:57:04,PricingEngine,2026-02-24 03:55:58,BATCH-20260224-01
SKU-397187,USV,41.97,ZAR,Promo,2025-10-18 08:21:47,2025-10-25 08:21:47,PricingEngine,2026-02-24 03:55:58,BATCH-20260224-01
SKU-986434,SHOP,85.11,ZAR,Promo,2024-08-15 21:10:12,2024-08-22 21:10:12,PricingEngine,2026-02-24 03:55:58,BATCH-20260224-01
SKU-986434,USV,90.22,ZAR,Promo,2025-01-05 10:41:12,2025-01-12 10:41:12,PricingEngine,2026-02-24 03:55:58,BATCH-20260224-01
SKU-693688,USV,72.56,ZAR,Regular,2024-04-06 20:48:15,2024-05-06 20:48:15,PricingEngine,2026-02-24 03:55:58,BATCH-20260224-01
SKU-693688,C60,76.91,ZAR,Regular,2025-11-09 16:25:36,2025-12-09 16:25:36,PricingEngine,2026-02-24 03:55:58,BATCH-20260224-01
SKU-854807,CHK,82.02,ZAR,Regular,2024-11-20 13:56:31,2024-12-20 13:56:31,PricingEngine,2026-02-24 03:55:58,BATCH-20260224-01
SKU-854807,C60,86.94,ZAR,Regular,2025-03-14 06:44:10,2025-04-14 06:44:10,PricingEngine,2026-02-24 03:55:58,BATCH-20260224-01
SKU-753574,SHOP,24.89,ZAR,Regular,2024-10-16 22:36:15,2024-11-16 22:36:15,PricingEngine,2026-02-24 03:55:58,BATCH-20260224-01
SKU-753574,USV,26.38,ZAR,Regular,2025-04-18 18:37:00,2025-05-18 18:37:00,PricingEngine,2026-02-24 03:55:58,BATCH-20260224-01
SKU-801051,USV,41.81,ZAR,Regular,2024-10-20 07:13:26,2024-11-20 07:13:26,PricingEngine,2026-02-24 03:55:58,BATCH-20260224-01
SKU-801051,USV,44.32,ZAR,Regular,2025-11-23 08:10:08,2025-12-23 08:10:08,PricingEngine,2026-02-24 03:55:58,BATCH-20260224-01
SKU-313011,SHOP,23.51,ZAR,Promo,2024-11-06 08:47:10,2024-11-13 08:47:10,PricingEngine,2026-02-24 03:55:58,BATCH-20260224-01
SKU-313011,C60,24.92,ZAR,Regular,2025-11-24 18:51:34,2025-12-24 18:51:34,PricingEngine,2026-02-24 03:55:58,BATCH-20260224-01
SKU-555430,CHK,96.59,ZAR,Promo,2024-12-27 16:12:40,2025-01-03 16:12:40,PricingEngine,2026-02-24 03:55:58,BATCH-20260224-01
SKU-555430,CHK,102.39,ZAR,Promo,2025-04-08 15:09:38,2025-04-15 15:09:38,PricingEngine,2026-02-24 03:55:58,BATCH-20260224-01
SKU-319720,C60,99.82,ZAR,Promo,2024-11-21 00:27:57,2024-11-28 00:27:57,PricingEngine,2026-02-24 03:55:58,BATCH-20260224-01
SKU-319720,USV,105.81,ZAR,Regular,2025-01-24 20:30:42,2025-02-24 20:30:42,PricingEngine,2026-02-24 03:55:58,BATCH-20260224-01
SKU-601649,SHOP,41.48,ZAR,Promo,2024-07-03 05:03:10,2024-07-10 05:03:10,PricingEngine,2026-02-24 03:55:58,BATCH-20260224-01
SKU-601649,USV,43.97,ZAR,Promo,2025-11-27 15:23:51,2025-12-04 15:23:51,PricingEngine,2026-02-24 03:55:58,BATCH-20260224-01
SKU-218090,USV,14.82,ZAR,Regular,2024-11-27 00:05:40,2024-12-27 00:05:40,PricingEngine,2026-02-24 03:55:58,BATCH-20260224-01
SKU-218090,USV,15.71,ZAR,Regular,2025-08-08 12:06:20,2025-09-08 12:06:20,PricingEngine,2026-02-24 03:55:58,BATCH-20260224-01
SKU-449580,SHOP,16.08,ZAR,Promo,2024-10-08 23:26:29,2024-10-15 23:26:29,PricingEngine,2026-02-24 03:55:58,BATCH-20260224-01
SKU-449580,CHK,17.05,ZAR,Promo,2025-02-03 02:12:09,2025-02-10 02:12:09,PricingEngine,2026-02-24 03:55:58,BATCH-20260224-01
SKU-444329,CHK,102.98,ZAR,Regular,2024-03-28 04:43:56,2024-04-28 04:43:56,PricingEngine,2026-02-24 03:55:58,BATCH-20260224-01
SKU-444329,SHOP,109.16,ZAR,Regular,2025-07-15 11:56:46,2025-08-15 11:56:46,PricingEngine,2026-02-24 03:55:58,BATCH-20260224-01
SKU-607614,CHK,19.79,ZAR,Promo,2024-10-07 18:58:56,2024-10-14 18:58:56,PricingEngine,2026-02-24 03:55:58,BATCH-20260224-01
SKU-607614,CHK,20.98,ZAR,Promo,2025-12-18 06:40:03,2025-12-25 06:40:03,PricingEngine,2026-02-24 03:55:58,BATCH-20260224-01
SKU-465909,C60,71.49,ZAR,Promo,2024-02-10 20:48:53,2024-02-17 20:48:53,PricingEngine,2026-02-24 03:55:58,BATCH-20260224-01
SKU-465909,USV,75.78,ZAR,Promo,2025-12-23 03:22:46,2025-12-30 03:22:46,PricingEngine,2026-02-24 03:55:58,BATCH-20260224-01
SKU-301666,C60,76.36,ZAR,Promo,2024-11-09 22:46:24,2024-11-16 22:46:24,PricingEngine,2026-02-24 03:55:58,BATCH-20260224-01
SKU-301666,SHOP,80.94,ZAR,Regular,2025-01-11 03:16:57,2025-02-11 03:16:57,PricingEngine,2026-02-24 03:55:58,BATCH-20260224-01
SKU-613563,SHOP,16.4,ZAR,Regular,2024-06-14 00:45:18,2024-07-14 00:45:18,PricingEngine,2026-02-24 03:55:58,BATCH-20260224-01
SKU-613563,SHOP,17.38,ZAR,Promo,2025-04-14 06:00:35,2025-04-21 06:00:35,PricingEngine,2026-02-24 03:55:58,BATCH-20260224-01
SKU-148788,C60,93.26,ZAR,Promo,2024-03-05 16:27:25,2024-03-12 16:27:25,PricingEngine,2026-02-24 03:55:58,BATCH-20260224-01
SKU-148788,CHK,98.86,ZAR,Regular,2025-11-09 02:05:39,2025-12-09 02:05:39,PricingEngine,2026-02-24 03:55:58,BATCH-20260224-01
SKU-238788,C60,19.23,ZAR,Promo,2024-07-02 02:08:25,2024-07-09 02:08:25,PricingEngine,2026-02-24 03:55:58,BATCH-20260224-01
SKU-238788,SHOP,20.38,ZAR,Promo,2025-10-07 05:44:04,2025-10-14 05:44:04,PricingEngine,2026-02-24 03:55:58,BATCH-20260224-01
SKU-616534,C60,99.95,ZAR,Promo,2024-05-18 17:00:15,2024-05-25 17:00:15,PricingEngine,2026-02-24 03:55:58,BATCH-20260224-01
SKU-616534,C60,105.95,ZAR,Promo,2025-01-04 02:06:08,2025-01-11 02:06:08,PricingEngine,2026-02-24 03:55:58,BATCH-20260224-01
SKU-905936,SHOP,41.85,ZAR,Promo,2024-08-15 23:22:07,2024-08-22 23:22:07,PricingEngine,2026-02-24 03:55:58,BATCH-20260224-01
SKU-905936,SHOP,44.36,ZAR,Promo,2025-03-16 04:51:41,2025-03-23 04:51:41,PricingEngine,2026-02-24 03:55:58,BATCH-20260224-01
SKU-299933,USV,39.91,ZAR,Regular,2024-06-09 11:43:01,2024-07-09 11:43:01,PricingEngine,2026-02-24 03:55:58,BATCH-20260224-01
SKU-299933,C60,42.31,ZAR,Regular,2025-06-24 19:37:43,2025-07-24 19:37:43,PricingEngine,2026-02-24 03:55:58,BATCH-20260224-01
SKU-100864,SHOP,83.2,ZAR,Regular,2024-03-26 20:22:12,2024-04-26 20:22:12,PricingEngine,2026-02-24 03:55:58,BATCH-20260224-01
SKU-100864,SHOP,88.19,ZAR,Regular,2025-11-03 11:41:39,2025-12-03 11:41:39,PricingEngine,2026-02-24 03:55:58,BATCH-20260224-01
SKU-572711,CHK,20.43,ZAR,Regular,2024-09-02 20:31:48,2024-10-02 20:31:48,PricingEngine,2026-02-24 03:55:58,BATCH-20260224-01
SKU-572711,CHK,21.66,ZAR,Regular,2025-01-15 07:15:40,2025-02-15 07:15:40,PricingEngine,2026-02-24 03:55:58,BATCH-20260224-01
SKU-591331,C60,129.98,ZAR,Promo,2024-11-09 00:06:27,2024-11-16 00:06:27,PricingEngine,2026-02-24 03:55:58,BATCH-20260224-01
SKU-591331,CHK,137.78,ZAR,Promo,2025-12-21 09:15:51,2025-12-28 09:15:51,PricingEngine,2026-02-24 03:55:58,BATCH-20260224-01
SKU-427144,C60,20.02,ZAR,Promo,2024-10-28 15:50:16,2024-11-04 15:50:16,PricingEngine,2026-02-24 03:55:58,BATCH-20260224-01
SKU-427144,SHOP,21.22,ZAR,Regular,2025-06-28 15:08:48,2025-07-28 15:08:48,PricingEngine,2026-02-24 03:55:58,BATCH-20260224-01
SKU-747053,SHOP,80.03,ZAR,Regular,2024-02-02 16:39:41,2024-03-02 16:39:41,PricingEngine,2026-02-24 03:55:58,BATCH-20260224-01
SKU-747053,CHK,84.83,ZAR,Promo,2025-06-01 17:21:09,2025-06-08 17:21:09,PricingEngine,2026-02-24 03:55:58,BATCH-20260224-01
SKU-473522,CHK,50.9,ZAR,Regular,2024-02-22 11:15:25,2024-03-22 11:15:25,PricingEngine,2026-02-24 03:55:58,BATCH-20260224-01
SKU-473522,USV,53.95,ZAR,Regular,2025-05-24 20:19:16,2025-06-24 20:19:16,PricingEngine,2026-02-24 03:55:58,BATCH-20260224-01
SKU-948895,USV,23.74,ZAR,Promo,2024-03-05 10:46:03,2024-03-12 10:46:03,PricingEngine,2026-02-24 03:55:58,BATCH-20260224-01
SKU-948895,USV,25.16,ZAR,Regular,2025-02-18 13:57:33,2025-03-18 13:57:33,PricingEngine,2026-02-24 03:55:58,BATCH-20260224-01
SKU-774704,CHK,21.94,ZAR,Promo,2024-08-06 10:39:02,2024-08-13 10:39:02,PricingEngine,2026-02-24 03:55:58,BATCH-20260224-01
SKU-774704,USV,23.26,ZAR,Promo,2025-08-27 07:21:14,2025-09-03 07:21:14,PricingEngine,2026-02-24 03:55:58,BATCH-20260224-01
SKU-638996,SHOP,85.65,ZAR,Promo,2024-02-09 12:08:48,2024-02-16 12:08:48,PricingEngine,2026-02-24 03:55:58,BATCH-20260224-01
SKU-638996,USV,90.79,ZAR,Regular,2025-05-03 00:57:52,2025-06-03 00:57:52,PricingEngine,2026-02-24 03:55:58,BATCH-20260224-01
SKU-416980,USV,17.97,ZAR,Regular,2024-10-11 02:20:27,2024-11-11 02:20:27,PricingEngine,2026-02-24 03:55:58,BATCH-20260224-01
SKU-416980,CHK,19.05,ZAR,Regular,2025-12-15 01:21:16,2026-01-15 01:21:16,PricingEngine,2026-02-24 03:55:58,BATCH-20260224-01
SKU-853612,C60,80.91,ZAR,Promo,2024-12-28 11:13:10,2025-01-04 11:13:10,PricingEngine,2026-02-24 03:55:58,BATCH-20260224-01
SKU-853612,SHOP,85.77,ZAR,Promo,2025-03-20 16:14:34,2025-03-27 16:14:34,PricingEngine,2026-02-24 03:55:58,BATCH-20260224-01
SKU-612890,C60,86.75,ZAR,Regular,2024-11-05 08:40:42,2024-12-05 08:40:42,PricingEngine,2026-02-24 03:55:58,BATCH-20260224-01
SKU-612890,USV,91.96,ZAR,Regular,2025-01-14 11:12:28,2025-02-14 11:12:28,PricingEngine,2026-02-24 03:55:58,BATCH-20260224-01
SKU-339663,SHOP,44.85,ZAR,Promo,2024-12-05 15:37:36,2024-12-12 15:37:36,PricingEngine,2026-02-24 03:55:58,BATCH-20260224-01
SKU-339663,USV,47.54,ZAR,Promo,2025-09-13 06:32:45,2025-09-20 06:32:45,PricingEngine,2026-02-24 03:55:58,BATCH-20260224-01
SKU-903854,CHK,78.29,ZAR,Regular,2024-11-15 20:23:14,2024-12-15 20:23:14,PricingEngine,2026-02-24 03:55:58,BATCH-20260224-01
SKU-903854,C60,82.99,ZAR,Regular,2025-03-19 13:38:26,2025-04-19 13:38:26,PricingEngine,2026-02-24 03:55:58,BATCH-20260224-01
SKU-734664,CHK,104.37,ZAR,Regular,2024-04-14 03:25:15,2024-05-14 03:25:15,PricingEngine,2026-02-24 03:55:58,BATCH-20260224-01
SKU-734664,CHK,110.63,ZAR,Promo,2025-10-21 11:43:36,2025-10-28 11:43:36,PricingEngine,2026-02-24 03:55:58,BATCH-20260224-01
SKU-222326,USV,18.49,ZAR,Regular,2024-12-07 10:19:05,2025-01-07 10:19:05,PricingEngine,2026-02-24 03:55:58,BATCH-20260224-01
SKU-222326,C60,19.6,ZAR,Promo,2025-03-23 16:42:47,2025-03-30 16:42:47,PricingEngine,2026-02-24 03:55:58,BATCH-20260224-01
SKU-423342,USV,51.32,ZAR,Promo,2024-07-25 12:12:01,2024-08-01 12:12:01,PricingEngine,2026-02-24 03:55:58,BATCH-20260224-01
SKU-423342,USV,54.4,ZAR,Promo,2025-07-20 02:52:21,2025-07-27 02:52:21,PricingEngine,2026-02-24 03:55:58,BATCH-20260224-01
SKU-633951,USV,96.05,ZAR,Promo,2024-05-14 11:37:08,2024-05-21 11:37:08,PricingEngine,2026-02-24 03:55:58,BATCH-20260224-01
SKU-633951,CHK,101.81,ZAR,Regular,2025-03-28 08:48:10,2025-04-28 08:48:10,PricingEngine,2026-02-24 03:55:58,BATCH-20260224-01
SKU-732498,USV,131.46,ZAR,Promo,2024-07-12 02:52:03,2024-07-19 02:52:03,PricingEngine,2026-02-24 03:55:58,BATCH-20260224-01
SKU-732498,C60,139.35,ZAR,Promo,2025-04-17 11:39:45,2025-04-24 11:39:45,PricingEngine,2026-02-24 03:55:58,BATCH-20260224-01
SKU-164878,CHK,17.59,ZAR,Promo,2024-03-10 16:09:48,2024-03-17 16:09:48,PricingEngine,2026-02-24 03:55:58,BATCH-20260224-01
SKU-164878,SHOP,18.65,ZAR,Regular,2025-01-14 08:19:47,2025-02-14 08:19:47,PricingEngine,2026-02-24 03:55:58,BATCH-20260224-01
SKU-401151,C60,16.33,ZAR,Regular,2024-02-12 16:23:01,2024-03-12 16:23:01,PricingEngine,2026-02-24 03:55:58,BATCH-20260224-01
SKU-401151,SHOP,17.31,ZAR,Regular,2025-05-08 19:41:38,2025-06-08 19:41:38,PricingEngine,2026-02-24 03:55:58,BATCH-20260224-01
SKU-125870,CHK,29.59,ZAR,Promo,2024-02-27 00:51:50,2024-03-05 00:51:50,PricingEngine,2026-02-24 03:55:58,BATCH-20260224-01
SKU-125870,CHK,31.37,ZAR,Regular,2025-12-16 22:45:09,2026-01-16 22:45:09,PricingEngine,2026-02-24 03:55:58,BATCH-20260224-01
SKU-891242,SHOP,136.92,ZAR,Promo,2024-04-07 18:10:26,2024-04-14 18:10:26,PricingEngine,2026-02-24 03:55:58,BATCH-20260224-01
SKU-891242,C60,145.14,ZAR,Promo,2025-12-20 08:07:22,2025-12-27 08:07:22,PricingEngine,2026-02-24 03:55:58,BATCH-20260224-01
SKU-156074,SHOP,18.62,ZAR,Promo,2024-07-06 15:05:56,2024-07-13 15:05:56,PricingEngine,2026-02-24 03:55:58,BATCH-20260224-01
SKU-156074,SHOP,19.74,ZAR,Regular,2025-07-07 13:03:31,2025-08-07 13:03:31,PricingEngine,2026-02-24 03:55:58,BATCH-20260224-01
SKU-145068,SHOP,18.72,ZAR,Promo,2024-09-17 11:00:11,2024-09-24 11:00:11,PricingEngine,2026-02-24 03:55:58,BATCH-20260224-01
SKU-145068,USV,19.84,ZAR,Regular,2025-01-10 05:47:02,2025-02-10 05:47:02,PricingEngine,2026-02-24 03:55:58,BATCH-20260224-01
SKU-755257,USV,19.38,ZAR,Regular,2024-06-15 14:37:44,2024-07-15 14:37:44,PricingEngine,2026-02-24 03:55:58,BATCH-20260224-01
SKU-755257,C60,20.54,ZAR,Promo,2025-03-18 21:37:37,2025-03-25 21:37:37,PricingEngine,2026-02-24 03:55:58,BATCH-20260224-01
SKU-605688,CHK,88.22,ZAR,Regular,2024-11-22 17:53:40,2024-12-22 17:53:40,PricingEngine,2026-02-24 03:55:58,BATCH-20260224-01
SKU-605688,C60,93.51,ZAR,Promo,2025-04-17 01:41:48,2025-04-24 01:41:48,PricingEngine,2026-02-24 03:55:58,BATCH-20260224-01
SKU-191827,SHOP,27.52,ZAR,Promo,2024-11-19 23:43:06,2024-11-26 23:43:06,PricingEngine,2026-02-24 03:55:58,BATCH-20260224-01
SKU-191827,CHK,29.17,ZAR,Promo,2025-11-22 22:29:58,2025-11-29 22:29:58,PricingEngine,2026-02-24 03:55:58,BATCH-20260224-01
SKU-482160,USV,14.19,ZAR,Promo,2024-08-27 07:58:23,2024-09-03 07:58:23,PricingEngine,2026-02-24 03:55:58,BATCH-20260224-01
SKU-482160,SHOP,15.04,ZAR,Regular,2025-05-25 14:25:01,2025-06-25 14:25:01,PricingEngine,2026-02-24 03:55:58,BATCH-20260224-01
SKU-887955,SHOP,59.14,ZAR,Promo,2024-10-27 21:39:22,2024-11-03 21:39:22,PricingEngine,2026-02-24 03:55:58,BATCH-20260224-01
SKU-887955,SHOP,62.69,ZAR,Promo,2025-09-24 18:58:55,2025-10-01 18:58:55,PricingEngine,2026-02-24 03:55:58,BATCH-20260224-01
SKU-442059,C60,18.36,ZAR,Promo,2024-08-13 18:50:36,2024-08-20 18:50:36,PricingEngine,2026-02-24 03:55:58,BATCH-20260224-01
SKU-442059,CHK,19.46,ZAR,Promo,2025-03-28 16:46:22,2025-04-04 16:46:22,PricingEngine,2026-02-24 03:55:58,BATCH-20260224-01
SKU-998235,SHOP,37.56,ZAR,Promo,2024-12-07 18:52:30,2024-12-14 18:52:30,PricingEngine,2026-02-24 03:55:58,BATCH-20260224-01
SKU-998235,CHK,39.81,ZAR,Regular,2025-03-10 09:20:47,2025-04-10 09:20:47,PricingEngine,2026-02-24 03:55:58,BATCH-20260224-01
SKU-187571,USV,19.13,ZAR,Promo,2024-07-05 02:02:27,2024-07-12 02:02:27,PricingEngine,2026-02-24 03:55:58,BATCH-20260224-01
SKU-187571,C60,20.28,ZAR,Regular,2025-08-15 13:39:37,2025-09-15 13:39:37,PricingEngine,2026-02-24 03:55:58,BATCH-20260224-01
SKU-662547,CHK,18.29,ZAR,Regular,2024-01-25 04:23:30,2024-02-25 04:23:30,PricingEngine,2026-02-24 03:55:58,BATCH-20260224-01
SKU-662547,CHK,19.39,ZAR,Regular,2025-10-06 07:10:02,2025-11-06 07:10:02,PricingEngine,2026-02-24 03:55:58,BATCH-20260224-01
SKU-233274,C60,94.5,ZAR,Promo,2024-08-23 14:16:41,2024-08-30 14:16:41,PricingEngine,2026-02-24 03:55:58,BATCH-20260224-01
SKU-233274,C60,100.17,ZAR,Promo,2025-06-20 09:40:46,2025-06-27 09:40:46,PricingEngine,2026-02-24 03:55:58,BATCH-20260224-01
SKU-194279,CHK,24.44,ZAR,Regular,2024-05-17 19:39:11,2024-06-17 19:39:11,PricingEngine,2026-02-24 03:55:58,BATCH-20260224-01
SKU-194279,C60,25.91,ZAR,Regular,2025-02-03 02:12:32,2025-03-03 02:12:32,PricingEngine,2026-02-24 03:55:58,BATCH-20260224-01
SKU-320990,SHOP,51.92,ZAR,Regular,2024-06-27 18:34:32,2024-07-27 18:34:32,PricingEngine,2026-02-24 03:55:58,BATCH-20260224-01
SKU-320990,CHK,55.04,ZAR,Regular,2025-09-27 18:22:52,2025-10-27 18:22:52,PricingEngine,2026-02-24 03:55:58,BATCH-20260224-01
SKU-153701,C60,25.57,ZAR,Promo,2024-11-15 01:10:25,2024-11-22 01:10:25,PricingEngine,2026-02-24 03:55:58,BATCH-20260224-01
SKU-153701,SHOP,27.1,ZAR,Regular,2025-10-16 00:25:21,2025-11-16 00:25:21,PricingEngine,2026-02-24 03:55:58,BATCH-20260224-01
SKU-290427,SHOP,13.49,ZAR,Promo,2024-05-20 11:52:27,2024-05-27 11:52:27,PricingEngine,2026-02-24 03:55:58,BATCH-20260224-01
SKU-290427,CHK,14.3,ZAR,Promo,2025-01-20 19:17:28,2025-01-27 19:17:28,PricingEngine,2026-02-24 03:55:58,BATCH-20260224-01
SKU-725790,CHK,23.81,ZAR,Regular,2024-04-15 22:01:51,2024-05-15 22:01:51,PricingEngine,2026-02-24 03:55:58,BATCH-20260224-01
SKU-725790,SHOP,25.24,ZAR,Promo,2025-06-11 17:26:07,2025-06-18 17:26:07,PricingEngine,2026-02-24 03:55:58,BATCH-20260224-01
SKU-897605,C60,19.39,ZAR,Regular,2024-06-04 14:23:12,2024-07-04 14:23:12,PricingEngine,2026-02-24 03:55:58,BATCH-20260224-01
SKU-897605,CHK,20.55,ZAR,Regular,2025-05-23 21:48:31,2025-06-23 21:48:31,PricingEngine,2026-02-24 03:55:58,BATCH-20260224-01
SKU-393249,SHOP,24.99,ZAR,Regular,2024-07-16 04:31:48,2024-08-16 04:31:48,PricingEngine,2026-02-24 03:55:58,BATCH-20260224-01
SKU-393249,USV,26.49,ZAR,Promo,2025-01-22 22:49:18,2025-01-29 22:49:18,PricingEngine,2026-02-24 03:55:58,BATCH-20260224-01
SKU-620071,SHOP,26.01,ZAR,Promo,2024-01-28 08:30:01,2024-02-04 08:30:01,PricingEngine,2026-02-24 03:55:58,BATCH-20260224-01
SKU-620071,CHK,27.57,ZAR,Regular,2025-06-03 15:43:52,2025-07-03 15:43:52,PricingEngine,2026-02-24 03:55:58,BATCH-20260224-01
SKU-441977,C60,16.22,ZAR,Regular,2024-10-25 00:10:20,2024-11-25 00:10:20,PricingEngine,2026-02-24 03:55:58,BATCH-20260224-01
SKU-441977,CHK,17.19,ZAR,Regular,2025-06-24 11:13:19,2025-07-24 11:13:19,PricingEngine,2026-02-24 03:55:58,BATCH-20260224-01
SKU-684010,USV,54.01,ZAR,Promo,2024-08-17 16:33:31,2024-08-24 16:33:31,PricingEngine,2026-02-24 03:55:58,BATCH-20260224-01
SKU-684010,C60,57.25,ZAR,Promo,2025-04-28 03:43:34,2025-05-05 03:43:34,PricingEngine,2026-02-24 03:55:58,BATCH-20260224-01
SKU-173072,CHK,18.87,ZAR,Regular,2024-07-28 02:21:39,2024-08-28 02:21:39,PricingEngine,2026-02-24 03:55:58,BATCH-20260224-01
SKU-173072,USV,20.0,ZAR,Regular,2025-04-01 00:09:35,2025-05-01 00:09:35,PricingEngine,2026-02-24 03:55:58,BATCH-20260224-01
SKU-782360,USV,17.38,ZAR,Regular,2024-01-05 11:23:58,2024-02-05 11:23:58,PricingEngine,2026-02-24 03:55:58,BATCH-20260224-01
SKU-782360,CHK,18.42,ZAR,Regular,2025-05-14 15:35:34,2025-06-14 15:35:34,PricingEngine,2026-02-24 03:55:58,BATCH-20260224-01
SKU-635708,CHK,19.44,ZAR,Regular,2024-08-21 03:58:42,2024-09-21 03:58:42,PricingEngine,2026-02-24 03:55:58,BATCH-20260224-01
SKU-635708,C60,20.61,ZAR,Promo,2025-03-03 15:59:35,2025-03-10 15:59:35,PricingEngine,2026-02-24 03:55:58,BATCH-20260224-01
SKU-372015,SHOP,24.18,ZAR,Regular,2024-04-10 00:21:18,2024-05-10 00:21:18,PricingEngine,2026-02-24 03:55:58,BATCH-20260224-01
SKU-372015,USV,25.63,ZAR,Regular,2025-05-23 23:04:29,2025-06-23 23:04:29,PricingEngine,2026-02-24 03:55:58,BATCH-20260224-01
SKU-737988,C60,50.4,ZAR,Regular,2024-09-07 11:27:48,2024-10-07 11:27:48,PricingEngine,2026-02-24 03:55:58,BATCH-20260224-01
SKU-737988,USV,53.42,ZAR,Promo,2025-06-26 02:24:11,2025-07-03 02:24:11,PricingEngine,2026-02-24 03:55:58,BATCH-20260224-01
SKU-358185,C60,57.01,ZAR,Promo,2024-10-19 07:38:33,2024-10-26 07:38:33,PricingEngine,2026-02-24 03:55:58,BATCH-20260224-01
SKU-358185,CHK,60.43,ZAR,Promo,2025-05-27 06:41:55,2025-06-03 06:41:55,PricingEngine,2026-02-24 03:55:58,BATCH-20260224-01
SKU-299198,C60,49.73,ZAR,Promo,2024-03-05 18:05:37,2024-03-12 18:05:37,PricingEngine,2026-02-24 03:55:58,BATCH-20260224-01
SKU-299198,SHOP,52.71,ZAR,Regular,2025-06-05 14:53:26,2025-07-05 14:53:26,PricingEngine,2026-02-24 03:55:58,BATCH-20260224-01
SKU-171711,C60,53.76,ZAR,Regular,2024-08-18 15:19:56,2024-09-18 15:19:56,PricingEngine,2026-02-24 03:55:58,BATCH-20260224-01
SKU-171711,CHK,56.99,ZAR,Promo,2025-02-08 16:38:43,2025-02-15 16:38:43,PricingEngine,2026-02-24 03:55:58,BATCH-20260224-01
SKU-955502,USV,24.07,ZAR,Regular,2024-07-27 00:22:24,2024-08-27 00:22:24,PricingEngine,2026-02-24 03:55:58,BATCH-20260224-01
SKU-955502,SHOP,25.51,ZAR,Promo,2025-04-17 09:14:03,2025-04-24 09:14:03,PricingEngine,2026-02-24 03:55:58,BATCH-20260224-01
SKU-389944,SHOP,31.04,ZAR,Promo,2024-06-05 09:13:11,2024-06-12 09:13:11,PricingEngine,2026-02-24 03:55:58,BATCH-20260224-01
SKU-389944,SHOP,32.9,ZAR,Promo,2025-11-11 21:15:33,2025-11-18 21:15:33,PricingEngine,2026-02-24 03:55:58,BATCH-20260224-01
SKU-510082,USV,35.24,ZAR,Promo,2024-11-10 21:10:15,2024-11-17 21:10:15,PricingEngine,2026-02-24 03:55:58,BATCH-20260224-01
SKU-510082,USV,37.36,ZAR,Regular,2025-04-28 04:25:45,2025-05-28 04:25:45,PricingEngine,2026-02-24 03:55:58,BATCH-20260224-01
SKU-311713,SHOP,17.98,ZAR,Promo,2024-11-09 04:56:20,2024-11-16 04:56:20,PricingEngine,2026-02-24 03:55:58,BATCH-20260224-01
SKU-311713,CHK,19.06,ZAR,Promo,2025-11-18 20:53:31,2025-11-25 20:53:31,PricingEngine,2026-02-24 03:55:58,BATCH-20260224-01
SKU-548365,SHOP,21.02,ZAR,Promo,2024-11-13 23:07:35,2024-11-20 23:07:35,PricingEngine,2026-02-24 03:55:58,BATCH-20260224-01
SKU-548365,C60,22.28,ZAR,Promo,2025-08-14 06:10:41,2025-08-21 06:10:41,PricingEngine,2026-02-24 03:55:58,BATCH-20260224-01
SKU-602651,USV,34.76,ZAR,Promo,2024-01-03 17:18:34,2024-01-10 17:18:34,PricingEngine,2026-02-24 03:55:58,BATCH-20260224-01
SKU-602651,SHOP,36.85,ZAR,Promo,2025-12-27 11:17:11,2026-01-03 11:17:11,PricingEngine,2026-02-24 03:55:58,BATCH-20260224-01
SKU-446128,USV,25.47,ZAR,Promo,2024-07-18 08:12:14,2024-07-25 08:12:14,PricingEngine,2026-02-24 03:55:58,BATCH-20260224-01
SKU-446128,C60,27.0,ZAR,Regular,2025-04-28 15:44:41,2025-05-28 15:44:41,PricingEngine,2026-02-24 03:55:58,BATCH-20260224-01
SKU-723042,C60,83.03,ZAR,Promo,2024-11-07 16:42:19,2024-11-14 16:42:19,PricingEngine,2026-02-24 03:55:58,BATCH-20260224-01
SKU-723042,CHK,88.01,ZAR,Regular,2025-02-28 17:26:55,2025-03-28 17:26:55,PricingEngine,2026-02-24 03:55:58,BATCH-20260224-01
SKU-448374,CHK,76.82,ZAR,Regular,2024-10-10 23:01:40,2024-11-10 23:01:40,PricingEngine,2026-02-24 03:55:58,BATCH-20260224-01
SKU-448374,C60,81.43,ZAR,Regular,2025-08-19 22:55:17,2025-09-19 22:55:17,PricingEngine,2026-02-24 03:55:58,BATCH-20260224-01
SKU-946956,SHOP,37.67,ZAR,Regular,2024-02-20 04:25:57,2024-03-20 04:25:57,PricingEngine,2026-02-24 03:55:58,BATCH-20260224-01
SKU-946956,USV,39.93,ZAR,Regular,2025-09-03 02:06:51,2025-10-03 02:06:51,PricingEngine,2026-02-24 03:55:58,BATCH-20260224-01
SKU-846312,C60,32.86,ZAR,Regular,2024-02-25 01:00:00,2024-03-25 01:00:00,PricingEngine,2026-02-24 03:55:58,BATCH-20260224-01
SKU-846312,USV,34.83,ZAR,Regular,2025-07-23 23:06:11,2025-08-23 23:06:11,PricingEngine,2026-02-24 03:55:58,BATCH-20260224-01
SKU-923057,SHOP,23.5,ZAR,Regular,2024-04-20 05:29:01,2024-05-20 05:29:01,PricingEngine,2026-02-24 03:55:58,BATCH-20260224-01
SKU-923057,CHK,24.91,ZAR,Promo,2025-12-07 09:33:43,2025-12-14 09:33:43,PricingEngine,2026-02-24 03:55:58,BATCH-20260224-01
SKU-987711,C60,86.15,ZAR,Promo,2024-03-27 10:46:50,2024-04-03 10:46:50,PricingEngine,2026-02-24 03:55:58,BATCH-20260224-01
SKU-987711,CHK,91.32,ZAR,Regular,2025-01-22 21:08:43,2025-02-22 21:08:43,PricingEngine,2026-02-24 03:55:58,BATCH-20260224-01
SKU-322823,CHK,28.67,ZAR,Promo,2024-10-07 21:10:36,2024-10-14 21:10:36,PricingEngine,2026-02-24 03:55:58,BATCH-20260224-01
SKU-322823,SHOP,30.39,ZAR,Regular,2025-08-15 17:49:02,2025-09-15 17:49:02,PricingEngine,2026-02-24 03:55:58,BATCH-20260224-01
SKU-439092,C60,26.29,ZAR,Promo,2024-03-13 01:39:38,2024-03-20 01:39:38,PricingEngine,2026-02-24 03:55:58,BATCH-20260224-01
SKU-439092,USV,27.87,ZAR,Promo,2025-09-07 20:40:14,2025-09-14 20:40:14,PricingEngine,2026-02-24 03:55:58,BATCH-20260224-01
SKU-132264,USV,15.51,ZAR,Regular,2024-07-12 02:03:15,2024-08-12 02:03:15,PricingEngine,2026-02-24 03:55:58,BATCH-20260224-01
SKU-132264,SHOP,16.44,ZAR,Regular,2025-05-10 22:52:47,2025-06-10 22:52:47,PricingEngine,2026-02-24 03:55:58,BATCH-20260224-01
SKU-202703,CHK,42.97,ZAR,Promo,2024-04-12 01:33:26,2024-04-19 01:33:26,PricingEngine,2026-02-24 03:55:58,BATCH-20260224-01
SKU-202703,C60,45.55,ZAR,Regular,2025-08-18 07:57:04,2025-09-18 07:57:04,PricingEngine,2026-02-24 03:55:58,BATCH-20260224-01
SKU-630309,C60,88.85,ZAR,Regular,2024-02-09 21:08:28,2024-03-09 21:08:28,PricingEngine,2026-02-24 03:55:58,BATCH-20260224-01
SKU-630309,C60,94.18,ZAR,Promo,2025-03-17 13:45:50,2025-03-24 13:45:50,PricingEngine,2026-02-24 03:55:58,BATCH-20260224-01
SKU-828674,C60,24.21,ZAR,Regular,2024-04-12 15:25:21,2024-05-12 15:25:21,PricingEngine,2026-02-24 03:55:58,BATCH-20260224-01
SKU-828674,C60,25.66,ZAR,Promo,2025-05-20 21:17:00,2025-05-27 21:17:00,PricingEngine,2026-02-24 03:55:58,BATCH-20260224-01
SKU-744533,SHOP,35.25,ZAR,Regular,2024-08-24 09:55:24,2024-09-24 09:55:24,PricingEngine,2026-02-24 03:55:58,BATCH-20260224-01
SKU-744533,CHK,37.37,ZAR,Promo,2025-11-20 19:30:19,2025-11-27 19:30:19,PricingEngine,2026-02-24 03:55:58,BATCH-20260224-01
SKU-256648,CHK,79.04,ZAR,Regular,2024-10-23 09:48:36,2024-11-23 09:48:36,PricingEngine,2026-02-24 03:55:58,BATCH-20260224-01
SKU-256648,C60,83.78,ZAR,Regular,2025-10-23 01:24:48,2025-11-23 01:24:48,PricingEngine,2026-02-24 03:55:58,BATCH-20260224-01
SKU-534464,USV,50.76,ZAR,Regular,2024-05-17 19:52:27,2024-06-17 19:52:27,PricingEngine,2026-02-24 03:55:58,BATCH-20260224-01
SKU-534464,CHK,53.81,ZAR,Regular,2025-12-08 02:45:47,2026-01-08 02:45:47,PricingEngine,2026-02-24 03:55:58,BATCH-20260224-01
SKU-383929,CHK,84.56,ZAR,Promo,2024-02-09 07:24:16,2024-02-16 07:24:16,PricingEngine,2026-02-24 03:55:58,BATCH-20260224-01
SKU-383929,C60,89.63,ZAR,Regular,2025-02-18 10:56:37,2025-03-18 10:56:37,PricingEngine,2026-02-24 03:55:58,BATCH-20260224-01
SKU-937957,SHOP,32.05,ZAR,Promo,2024-08-09 12:03:22,2024-08-16 12:03:22,PricingEngine,2026-02-24 03:55:58,BATCH-20260224-01
SKU-937957,SHOP,33.97,ZAR,Promo,2025-04-07 05:13:47,2025-04-14 05:13:47,PricingEngine,2026-02-24 03:55:58,BATCH-20260224-01
SKU-549520,USV,31.12,ZAR,Promo,2024-11-21 22:07:40,2024-11-28 22:07:40,PricingEngine,2026-02-24 03:55:58,BATCH-20260224-01
SKU-549520,C60,32.99,ZAR,Promo,2025-07-20 19:20:00,2025-07-27 19:20:00,PricingEngine,2026-02-24 03:55:58,BATCH-20260224-01
SKU-876759,SHOP,20.16,ZAR,Promo,2024-11-14 22:27:13,2024-11-21 22:27:13,PricingEngine,2026-02-24 03:55:58,BATCH-20260224-01
SKU-876759,C60,21.37,ZAR,Regular,2025-11-26 04:03:24,2025-12-26 04:03:24,PricingEngine,2026-02-24 03:55:58,BATCH-20260224-01
SKU-597480,SHOP,41.45,ZAR,Regular,2024-09-02 13:06:40,2024-10-02 13:06:40,PricingEngine,2026-02-24 03:55:58,BATCH-20260224-01
SKU-597480,SHOP,43.94,ZAR,Promo,2025-08-16 04:10:38,2025-08-23 04:10:38,PricingEngine,2026-02-24 03:55:58,BATCH-20260224-01
SKU-700176,C60,43.96,ZAR,Promo,2024-08-11 11:55:35,2024-08-18 11:55:35,PricingEngine,2026-02-24 03:55:58,BATCH-20260224-01
SKU-700176,C60,46.6,ZAR,Promo,2025-01-09 10:13:31,2025-01-16 10:13:31,PricingEngine,2026-02-24 03:55:58,BATCH-20260224-01
SKU-440472,C60,32.12,ZAR,Promo,2024-12-17 09:40:30,2024-12-24 09:40:30,PricingEngine,2026-02-24 03:55:58,BATCH-20260224-01
SKU-440472,USV,34.05,ZAR,Promo,2025-04-27 18:29:40,2025-05-04 18:29:40,PricingEngine,2026-02-24 03:55:58,BATCH-20260224-01
SKU-889697,SHOP,22.15,ZAR,Regular,2024-02-24 10:07:41,2024-03-24 10:07:41,PricingEngine,2026-02-24 03:55:58,BATCH-20260224-01
SKU-889697,C60,23.48,ZAR,Promo,2025-08-23 14:12:43,2025-08-30 14:12:43,PricingEngine,2026-02-24 03:55:58,BATCH-20260224-01
SKU-131162,SHOP,21.29,ZAR,Regular,2024-07-17 02:57:24,2024-08-17 02:57:24,PricingEngine,2026-02-24 03:55:58,BATCH-20260224-01
SKU-131162,USV,22.57,ZAR,Regular,2025-01-26 17:22:28,2025-02-26 17:22:28,PricingEngine,2026-02-24 03:55:58,BATCH-20260224-01
SKU-327771,CHK,25.7,ZAR,Promo,2024-03-07 12:28:55,2024-03-14 12:28:55,PricingEngine,2026-02-24 03:55:58,BATCH-20260224-01
SKU-327771,SHOP,27.24,ZAR,Promo,2025-11-20 00:19:20,2025-11-27 00:19:20,PricingEngine,2026-02-24 03:55:58,BATCH-20260224-01
SKU-490326,CHK,26.82,ZAR,Promo,2024-08-13 06:02:33,2024-08-20 06:02:33,PricingEngine,2026-02-24 03:55:58,BATCH-20260224-01
SKU-490326,SHOP,28.43,ZAR,Promo,2025-06-12 16:52:13,2025-06-19 16:52:13,PricingEngine,2026-02-24 03:55:58,BATCH-20260224-01
SKU-467659,USV,14.68,ZAR,Promo,2024-10-28 07:45:09,2024-11-04 07:45:09,PricingEngine,2026-02-24 03:55:58,BATCH-20260224-01
SKU-467659,SHOP,15.56,ZAR,Regular,2025-06-28 21:54:26,2025-07-28 21:54:26,PricingEngine,2026-02-24 03:55:58,BATCH-20260224-01
SKU-199297,SHOP,17.85,ZAR,Promo,2024-09-26 13:57:48,2024-10-03 13:57:48,PricingEngine,2026-02-24 03:55:58,BATCH-20260224-01
SKU-199297,USV,18.92,ZAR,Regular,2025-03-09 04:31:20,2025-04-09 04:31:20,PricingEngine,2026-02-24 03:55:58,BATCH-20260224-01
SKU-325869,USV,23.16,ZAR,Promo,2024-12-27 17:16:38,2025-01-03 17:16:38,PricingEngine,2026-02-24 03:55:58,BATCH-20260224-01
SKU-325869,C60,24.55,ZAR,Promo,2025-09-17 07:52:49,2025-09-24 07:52:49,PricingEngine,2026-02-24 03:55:58,BATCH-20260224-01
SKU-636026,SHOP,25.01,ZAR,Promo,2024-12-21 23:54:36,2024-12-28 23:54:36,PricingEngine,2026-02-24 03:55:58,BATCH-20260224-01
SKU-636026,SHOP,26.51,ZAR,Regular,2025-05-02 13:19:03,2025-06-02 13:19:03,PricingEngine,2026-02-24 03:55:58,BATCH-20260224-01
SKU-256816,C60,83.73,ZAR,Promo,2024-06-07 16:46:27,2024-06-14 16:46:27,PricingEngine,2026-02-24 03:55:58,BATCH-20260224-01
SKU-256816,USV,88.75,ZAR,Regular,2025-09-11 17:54:47,2025-10-11 17:54:47,PricingEngine,2026-02-24 03:55:58,BATCH-20260224-01
SKU-102350,USV,27.63,ZAR,Promo,2024-07-06 16:30:48,2024-07-13 16:30:48,PricingEngine,2026-02-24 03:55:58,BATCH-20260224-01
SKU-102350,SHOP,29.29,ZAR,Regular,2025-08-13 05:58:08,2025-09-13 05:58:08,PricingEngine,2026-02-24 03:55:58,BATCH-20260224-01
SKU-744148,SHOP,85.45,ZAR,Promo,2024-05-26 08:06:54,2024-06-02 08:06:54,PricingEngine,2026-02-24 03:55:58,BATCH-20260224-01
SKU-744148,SHOP,90.58,ZAR,Regular,2025-02-02 02:33:05,2025-03-02 02:33:05,PricingEngine,2026-02-24 03:55:58,BATCH-20260224-01
SKU-105439,SHOP,19.91,ZAR,Regular,2024-11-11 01:32:11,2024-12-11 01:32:11,PricingEngine,2026-02-24 03:55:58,BATCH-20260224-01
SKU-105439,USV,21.11,ZAR,Promo,2025-10-03 01:26:01,2025-10-10 01:26:01,PricingEngine,2026-02-24 03:55:58,BATCH-20260224-01
SKU-353707,USV,26.52,ZAR,Regular,2024-11-05 19:02:48,2024-12-05 19:02:48,PricingEngine,2026-02-24 03:55:58,BATCH-20260224-01
SKU-353707,C60,28.11,ZAR,Promo,2025-05-25 08:49:10,2025-06-01 08:49:10,PricingEngine,2026-02-24 03:55:58,BATCH-20260224-01
SKU-321173,C60,96.46,ZAR,Promo,2024-09-08 07:35:18,2024-09-15 07:35:18,PricingEngine,2026-02-24 03:55:58,BATCH-20260224-01
SKU-321173,SHOP,102.25,ZAR,Regular,2025-11-20 03:47:09,2025-12-20 03:47:09,PricingEngine,2026-02-24 03:55:58,BATCH-20260224-01
SKU-287453,USV,17.25,ZAR,Regular,2024-02-06 18:56:38,2024-03-06 18:56:38,PricingEngine,2026-02-24 03:55:58,BATCH-20260224-01
SKU-287453,USV,18.29,ZAR,Promo,2025-08-16 14:22:04,2025-08-23 14:22:04,PricingEngine,2026-02-24 03:55:58,BATCH-20260224-01
SKU-563841,SHOP,16.93,ZAR,Regular,2024-06-03 14:05:19,2024-07-03 14:05:19,PricingEngine,2026-02-24 03:55:58,BATCH-20260224-01
SKU-563841,SHOP,17.95,ZAR,Promo,2025-11-05 16:37:36,2025-11-12 16:37:36,PricingEngine,2026-02-24 03:55:58,BATCH-20260224-01
SKU-562051,USV,20.26,ZAR,Promo,2024-02-21 21:08:36,2024-02-28 21:08:36,PricingEngine,2026-02-24 03:55:58,BATCH-20260224-01
SKU-562051,SHOP,21.48,ZAR,Regular,2025-10-10 00:25:56,2025-11-10 00:25:56,PricingEngine,2026-02-24 03:55:58,BATCH-20260224-01
SKU-787653,SHOP,33.4,ZAR,Promo,2024-04-03 01:37:35,2024-04-10 01:37:35,PricingEngine,2026-02-24 03:55:58,BATCH-20260224-01
SKU-787653,USV,35.4,ZAR,Promo,2025-05-18 19:36:40,2025-05-25 19:36:40,PricingEngine,2026-02-24 03:55:58,BATCH-20260224-01
SKU-546331,C60,48.68,ZAR,Promo,2024-11-08 18:32:09,2024-11-15 18:32:09,PricingEngine,2026-02-24 03:55:58,BATCH-20260224-01
SKU-546331,SHOP,51.6,ZAR,Promo,2025-06-17 18:32:10,2025-06-24 18:32:10,PricingEngine,2026-02-24 03:55:58,BATCH-20260224-01
SKU-763894,CHK,85.12,ZAR,Promo,2024-07-10 12:21:15,2024-07-17 12:21:15,PricingEngine,2026-02-24 03:55:58,BATCH-20260224-01
SKU-763894,C60,90.23,ZAR,Promo,2025-04-21 22:50:46,2025-04-28 22:50:46,PricingEngine,2026-02-24 03:55:58,BATCH-20260224-01
SKU-907815,USV,36.67,ZAR,Promo,2024-11-13 16:49:05,2024-11-20 16:49:05,PricingEngine,2026-02-24 03:55:58,BATCH-20260224-01
SKU-907815,SHOP,38.87,ZAR,Regular,2025-07-04 19:34:45,2025-08-04 19:34:45,PricingEngine,2026-02-24 03:55:58,BATCH-20260224-01
SKU-107943,C60,99.92,ZAR,Regular,2024-05-03 19:21:29,2024-06-03 19:21:29,PricingEngine,2026-02-24 03:55:58,BATCH-20260224-01
SKU-107943,SHOP,105.92,ZAR,Regular,2025-02-07 10:23:38,2025-03-07 10:23:38,PricingEngine,2026-02-24 03:55:58,BATCH-20260224-01
SKU-998159,SHOP,47.93,ZAR,Regular,2024-07-26 20:16:56,2024-08-26 20:16:56,PricingEngine,2026-02-24 03:55:58,BATCH-20260224-01
SKU-998159,USV,50.81,ZAR,Promo,2025-09-21 08:16:02,2025-09-28 08:16:02,PricingEngine,2026-02-24 03:55:58,BATCH-20260224-01
SKU-463414,USV,34.03,ZAR,Promo,2024-01-21 03:28:58,2024-01-28 03:28:58,PricingEngine,2026-02-24 03:55:58,BATCH-20260224-01
SKU-463414,CHK,36.07,ZAR,Promo,2025-02-06 14:22:48,2025-02-13 14:22:48,PricingEngine,2026-02-24 03:55:58,BATCH-20260224-01
SKU-503305,CHK,42.91,ZAR,Regular,2024-07-15 08:07:50,2024-08-15 08:07:50,PricingEngine,2026-02-24 03:55:58,BATCH-20260224-01
SKU-503305,USV,45.49,ZAR,Regular,2025-09-03 20:54:57,2025-10-03 20:54:57,PricingEngine,2026-02-24 03:55:58,BATCH-20260224-01
SKU-717133,SHOP,18.3,ZAR,Regular,2024-09-08 22:16:51,2024-10-08 22:16:51,PricingEngine,2026-02-24 03:55:58,BATCH-20260224-01
SKU-717133,C60,19.4,ZAR,Regular,2025-04-19 15:23:26,2025-05-19 15:23:26,PricingEngine,2026-02-24 03:55:58,BATCH-20260224-01
SKU-464918,C60,33.97,ZAR,Regular,2024-09-06 04:38:16,2024-10-06 04:38:16,PricingEngine,2026-02-24 03:55:58,BATCH-20260224-01
SKU-464918,SHOP,36.01,ZAR,Regular,2025-03-01 18:12:55,2025-04-01 18:12:55,PricingEngine,2026-02-24 03:55:58,BATCH-20260224-01
SKU-162337,CHK,90.1,ZAR,Promo,2024-01-16 05:46:44,2024-01-23 05:46:44,PricingEngine,2026-02-24 03:55:58,BATCH-20260224-01
SKU-162337,USV,95.51,ZAR,Promo,2025-09-01 09:00:27,2025-09-08 09:00:27,PricingEngine,2026-02-24 03:55:58,BATCH-20260224-01
SKU-406634,C60,33.28,ZAR,Promo,2024-05-07 21:50:57,2024-05-14 21:50:57,PricingEngine,2026-02-24 03:55:58,BATCH-20260224-01
SKU-406634,SHOP,35.28,ZAR,Regular,2025-06-05 09:00:29,2025-07-05 09:00:29,PricingEngine,2026-02-24 03:55:58,BATCH-20260224-01
SKU-454918,USV,33.22,ZAR,Regular,2024-01-05 06:05:43,2024-02-05 06:05:43,PricingEngine,2026-02-24 03:55:58,BATCH-20260224-01
SKU-454918,CHK,35.21,ZAR,Regular,2025-08-16 18:08:29,2025-09-16 18:08:29,PricingEngine,2026-02-24 03:55:58,BATCH-20260224-01
SKU-737246,USV,94.23,ZAR,Regular,2024-06-09 20:16:18,2024-07-09 20:16:18,PricingEngine,2026-02-24 03:55:58,BATCH-20260224-01
SKU-737246,USV,99.88,ZAR,Promo,2025-10-15 14:20:34,2025-10-22 14:20:34,PricingEngine,2026-02-24 03:55:58,BATCH-20260224-01
SKU-423908,CHK,87.62,ZAR,Promo,2024-07-11 06:25:30,2024-07-18 06:25:30,PricingEngine,2026-02-24 03:55:58,BATCH-20260224-01
SKU-423908,C60,92.88,ZAR,Regular,2025-08-20 02:58:45,2025-09-20 02:58:45,PricingEngine,2026-02-24 03:55:58,BATCH-20260224-01
SKU-110591,C60,103.08,ZAR,Promo,2024-05-01 13:17:14,2024-05-08 13:17:14,PricingEngine,2026-02-24 03:55:58,BATCH-20260224-01
SKU-110591,C60,109.27,ZAR,Regular,2025-02-22 06:33:50,2025-03-22 06:33:50,PricingEngine,2026-02-24 03:55:58,BATCH-20260224-01
SKU-974179,USV,23.48,ZAR,Regular,2024-12-19 10:03:29,2025-01-19 10:03:29,PricingEngine,2026-02-24 03:55:58,BATCH-20260224-01
SKU-974179,C60,24.89,ZAR,Promo,2025-12-24 11:21:03,2025-12-31 11:21:03,PricingEngine,2026-02-24 03:55:58,BATCH-20260224-01
SKU-477667,C60,22.59,ZAR,Promo,2024-07-25 00:58:20,2024-08-01 00:58:20,PricingEngine,2026-02-24 03:55:58,BATCH-20260224-01
SKU-477667,C60,23.95,ZAR,Promo,2025-08-26 17:06:43,2025-09-02 17:06:43,PricingEngine,2026-02-24 03:55:58,BATCH-20260224-01
SKU-251884,USV,19.26,ZAR,Promo,2024-11-01 23:43:06,2024-11-08 23:43:06,PricingEngine,2026-02-24 03:55:58,BATCH-20260224-01
SKU-251884,CHK,20.42,ZAR,Promo,2025-03-09 15:01:55,2025-03-16 15:01:55,PricingEngine,2026-02-24 03:55:58,BATCH-20260224-01
SKU-521099,C60,23.2,ZAR,Promo,2024-09-05 12:27:45,2024-09-12 12:27:45,PricingEngine,2026-02-24 03:55:58,BATCH-20260224-01
SKU-521099,CHK,24.59,ZAR,Promo,2025-03-05 21:04:34,2025-03-12 21:04:34,PricingEngine,2026-02-24 03:55:58,BATCH-20260224-01
SKU-798817,C60,19.59,ZAR,Promo,2024-01-27 16:52:27,2024-02-03 16:52:27,PricingEngine,2026-02-24 03:55:58,BATCH-20260224-01
SKU-798817,USV,20.77,ZAR,Regular,2025-10-03 02:06:44,2025-11-03 02:06:44,PricingEngine,2026-02-24 03:55:58,BATCH-20260224-01
SKU-151591,C60,20.87,ZAR,Regular,2024-05-23 07:05:44,2024-06-23 07:05:44,PricingEngine,2026-02-24 03:55:58,BATCH-20260224-01
SKU-151591,C60,22.12,ZAR,Regular,2025-06-05 10:06:54,2025-07-05 10:06:54,PricingEngine,2026-02-24 03:55:58,BATCH-20260224-01
SKU-637295,C60,19.37,ZAR,Regular,2024-01-21 21:06:11,2024-02-21 21:06:11,PricingEngine,2026-02-24 03:55:58,BATCH-20260224-01
SKU-637295,USV,20.53,ZAR,Promo,2025-12-14 23:55:51,2025-12-21 23:55:51,PricingEngine,2026-02-24 03:55:58,BATCH-20260224-01
SKU-765218,USV,99.86,ZAR,Regular,2024-04-05 18:09:41,2024-05-05 18:09:41,PricingEngine,2026-02-24 03:55:58,BATCH-20260224-01
SKU-765218,CHK,105.85,ZAR,Regular,2025-04-08 04:46:13,2025-05-08 04:46:13,PricingEngine,2026-02-24 03:55:58,BATCH-20260224-01
SKU-910238,C60,15.74,ZAR,Regular,2024-04-16 07:22:17,2024-05-16 07:22:17,PricingEngine,2026-02-24 03:55:58,BATCH-20260224-01
SKU-910238,CHK,16.68,ZAR,Promo,2025-07-10 22:09:09,2025-07-17 22:09:09,PricingEngine,2026-02-24 03:55:58,BATCH-20260224-01
SKU-916763,CHK,19.76,ZAR,Regular,2024-08-12 20:28:15,2024-09-12 20:28:15,PricingEngine,2026-02-24 03:55:58,BATCH-20260224-01
SKU-916763,C60,20.95,ZAR,Regular,2025-02-21 23:14:46,2025-03-21 23:14:46,PricingEngine,2026-02-24 03:55:58,BATCH-20260224-01
SKU-172579,SHOP,25.46,ZAR,Promo,2024-03-15 16:20:14,2024-03-22 16:20:14,PricingEngine,2026-02-24 03:55:58,BATCH-20260224-01
SKU-172579,USV,26.99,ZAR,Promo,2025-07-01 07:39:16,2025-07-08 07:39:16,PricingEngine,2026-02-24 03:55:58,BATCH-20260224-01
SKU-396097,SHOP,79.06,ZAR,Promo,2024-05-27 05:01:22,2024-06-03 05:01:22,PricingEngine,2026-02-24 03:55:58,BATCH-20260224-01
SKU-396097,USV,83.8,ZAR,Promo,2025-01-06 04:13:56,2025-01-13 04:13:56,PricingEngine,2026-02-24 03:55:58,BATCH-20260224-01
SKU-626764,C60,78.4,ZAR,Regular,2024-01-16 17:26:25,2024-02-16 17:26:25,PricingEngine,2026-02-24 03:55:58,BATCH-20260224-01
SKU-626764,C60,83.1,ZAR,Regular,2025-02-12 04:36:42,2025-03-12 04:36:42,PricingEngine,2026-02-24 03:55:58,BATCH-20260224-01
SKU-511538,C60,16.43,ZAR,Promo,2024-04-01 01:38:30,2024-04-08 01:38:30,PricingEngine,2026-02-24 03:55:58,BATCH-20260224-01
SKU-511538,CHK,17.42,ZAR,Regular,2025-10-05 06:11:50,2025-11-05 06:11:50,PricingEngine,2026-02-24 03:55:58,BATCH-20260224-01
SKU-670267,C60,47.82,ZAR,Regular,2024-08-20 02:27:02,2024-09-20 02:27:02,PricingEngine,2026-02-24 03:55:58,BATCH-20260224-01
SKU-670267,CHK,50.69,ZAR,Regular,2025-05-10 00:32:31,2025-06-10 00:32:31,PricingEngine,2026-02-24 03:55:58,BATCH-20260224-01
SKU-492347,SHOP,28.83,ZAR,Promo,2024-01-07 18:03:59,2024-01-14 18:03:59,PricingEngine,2026-02-24 03:55:58,BATCH-20260224-01
SKU-492347,SHOP,30.56,ZAR,Promo,2025-10-18 13:15:29,2025-10-25 13:15:29,PricingEngine,2026-02-24 03:55:58,BATCH-20260224-01
SKU-224296,SHOP,33.27,ZAR,Regular,2024-03-01 22:16:32,2024-04-01 22:16:32,PricingEngine,2026-02-24 03:55:58,BATCH-20260224-01
SKU-224296,SHOP,35.27,ZAR,Regular,2025-02-09 06:43:10,2025-03-09 06:43:10,PricingEngine,2026-02-24 03:55:58,BATCH-20260224-01
SKU-718041,SHOP,19.67,ZAR,Promo,2024-05-12 14:41:07,2024-05-19 14:41:07,PricingEngine,2026-02-24 03:55:58,BATCH-20260224-01
SKU-718041,SHOP,20.85,ZAR,Regular,2025-08-05 01:11:17,2025-09-05 01:11:17,PricingEngine,2026-02-24 03:55:58,BATCH-20260224-01
SKU-533293,USV,100.19,ZAR,Regular,2024-12-20 23:42:44,2025-01-20 23:42:44,PricingEngine,2026-02-24 03:55:58,BATCH-20260224-01
SKU-533293,USV,106.2,ZAR,Promo,2025-06-26 17:00:55,2025-07-03 17:00:55,PricingEngine,2026-02-24 03:55:58,BATCH-20260224-01
SKU-142736,C60,18.05,ZAR,Regular,2024-07-09 18:18:31,2024-08-09 18:18:31,PricingEngine,2026-02-24 03:55:58,BATCH-20260224-01
SKU-142736,CHK,19.13,ZAR,Promo,2025-11-24 17:36:46,2025-12-01 17:36:46,PricingEngine,2026-02-24 03:55:58,BATCH-20260224-01
SKU-790695,C60,34.36,ZAR,Regular,2024-11-23 21:40:30,2024-12-23 21:40:30,PricingEngine,2026-02-24 03:55:58,BATCH-20260224-01
SKU-790695,CHK,36.42,ZAR,Regular,2025-06-25 14:46:21,2025-07-25 14:46:21,PricingEngine,2026-02-24 03:55:58,BATCH-20260224-01
SKU-506420,CHK,98.94,ZAR,Promo,2024-10-20 12:44:20,2024-10-27 12:44:20,PricingEngine,2026-02-24 03:55:58,BATCH-20260224-01
SKU-506420,USV,104.88,ZAR,Promo,2025-04-08 13:35:16,2025-04-15 13:35:16,PricingEngine,2026-02-24 03:55:58,BATCH-20260224-01
SKU-854785,C60,100.16,ZAR,Promo,2024-05-20 04:36:48,2024-05-27 04:36:48,PricingEngine,2026-02-24 03:55:58,BATCH-20260224-01
SKU-854785,USV,106.17,ZAR,Regular,2025-11-27 06:26:03,2025-12-27 06:26:03,PricingEngine,2026-02-24 03:55:58,BATCH-20260224-01
SKU-949373,SHOP,20.6,ZAR,Promo,2024-11-04 15:18:40,2024-11-11 15:18:40,PricingEngine,2026-02-24 03:55:58,BATCH-20260224-01
SKU-949373,USV,21.84,ZAR,Regular,2025-06-26 14:09:36,2025-07-26 14:09:36,PricingEngine,2026-02-24 03:55:58,BATCH-20260224-01
SKU-131467,CHK,19.15,ZAR,Promo,2024-02-03 20:13:06,2024-02-10 20:13:06,PricingEngine,2026-02-24 03:55:58,BATCH-20260224-01
SKU-131467,SHOP,20.3,ZAR,Promo,2025-06-13 17:32:55,2025-06-20 17:32:55,PricingEngine,2026-02-24 03:55:58,BATCH-20260224-01
SKU-475269,C60,29.2,ZAR,Promo,2024-09-22 05:29:58,2024-09-29 05:29:58,PricingEngine,2026-02-24 03:55:58,BATCH-20260224-01
SKU-475269,CHK,30.95,ZAR,Promo,2025-03-23 18:08:58,2025-03-30 18:08:58,PricingEngine,2026-02-24 03:55:58,BATCH-20260224-01
SKU-149923,SHOP,15.42,ZAR,Regular,2024-03-12 04:25:32,2024-04-12 04:25:32,PricingEngine,2026-02-24 03:55:58,BATCH-20260224-01
SKU-149923,SHOP,16.35,ZAR,Promo,2025-10-05 05:31:07,2025-10-12 05:31:07,PricingEngine,2026-02-24 03:55:58,BATCH-20260224-01
SKU-278645,C60,21.55,ZAR,Promo,2024-01-03 00:49:29,2024-01-10 00:49:29,PricingEngine,2026-02-24 03:55:58,BATCH-20260224-01
SKU-278645,SHOP,22.84,ZAR,Promo,2025-10-21 10:55:51,2025-10-28 10:55:51,PricingEngine,2026-02-24 03:55:58,BATCH-20260224-01
SKU-635180,CHK,29.49,ZAR,Promo,2024-08-10 03:07:52,2024-08-17 03:07:52,PricingEngine,2026-02-24 03:55:58,BATCH-20260224-01
SKU-635180,USV,31.26,ZAR,Promo,2025-04-06 18:35:56,2025-04-13 18:35:56,PricingEngine,2026-02-24 03:55:58,BATCH-20260224-01
SKU-553897,C60,15.06,ZAR,Regular,2024-12-17 12:13:12,2025-01-17 12:13:12,PricingEngine,2026-02-24 03:55:58,BATCH-20260224-01
SKU-553897,USV,15.96,ZAR,Regular,2025-05-11 21:46:21,2025-06-11 21:46:21,PricingEngine,2026-02-24 03:55:58,BATCH-20260224-01
SKU-466330,SHOP,32.93,ZAR,Promo,2024-07-24 10:12:42,2024-07-31 10:12:42,PricingEngine,2026-02-24 03:55:58,BATCH-20260224-01
SKU-466330,C60,34.91,ZAR,Regular,2025-01-20 17:42:19,2025-02-20 17:42:19,PricingEngine,2026-02-24 03:55:58,BATCH-20260224-01
SKU-974295,CHK,111.15,ZAR,Regular,2024-04-22 10:51:33,2024-05-22 10:51:33,PricingEngine,2026-02-24 03:55:58,BATCH-20260224-01
SKU-974295,CHK,117.82,ZAR,Regular,2025-06-16 21:38:01,2025-07-16 21:38:01,PricingEngine,2026-02-24 03:55:58,BATCH-20260224-01
SKU-680246,USV,56.35,ZAR,Promo,2024-03-25 03:53:06,2024-04-01 03:53:06,PricingEngine,2026-02-24 03:55:58,BATCH-20260224-01
SKU-680246,SHOP,59.73,ZAR,Regular,2025-10-09 11:34:51,2025-11-09 11:34:51,PricingEngine,2026-02-24 03:55:58,BATCH-20260224-01
SKU-916861,C60,42.55,ZAR,Promo,2024-07-09 18:54:07,2024-07-16 18:54:07,PricingEngine,2026-02-24 03:55:58,BATCH-20260224-01
SKU-916861,C60,45.1,ZAR,Promo,2025-08-13 04:41:09,2025-08-20 04:41:09,PricingEngine,2026-02-24 03:55:58,BATCH-20260224-01
SKU-192144,CHK,34.24,ZAR,Regular,2024-09-22 03:35:51,2024-10-22 03:35:51,PricingEngine,2026-02-24 03:55:58,BATCH-20260224-01
SKU-192144,C60,36.3,ZAR,Regular,2025-08-10 07:59:02,2025-09-10 07:59:02,PricingEngine,2026-02-24 03:55:58,BATCH-20260224-01
SKU-968429,SHOP,22.78,ZAR,Promo,2024-06-17 21:10:55,2024-06-24 21:10:55,PricingEngine,2026-02-24 03:55:58,BATCH-20260224-01
SKU-968429,USV,24.15,ZAR,Promo,2025-06-11 17:05:16,2025-06-18 17:05:16,PricingEngine,2026-02-24 03:55:58,BATCH-20260224-01
SKU-661588,C60,17.53,ZAR,Promo,2024-11-05 20:16:29,2024-11-12 20:16:29,PricingEngine,2026-02-24 03:55:58,BATCH-20260224-01
SKU-661588,USV,18.58,ZAR,Promo,2025-08-26 18:35:38,2025-09-02 18:35:38,PricingEngine,2026-02-24 03:55:58,BATCH-20260224-01
SKU-396895,C60,78.31,ZAR,Regular,2024-08-21 17:56:42,2024-09-21 17:56:42,PricingEngine,2026-02-24 03:55:58,BATCH-20260224-01
SKU-396895,USV,83.01,ZAR,Promo,2025-08-02 08:00:27,2025-08-09 08:00:27,PricingEngine,2026-02-24 03:55:58,BATCH-20260224-01
SKU-463703,C60,113.27,ZAR,Promo,2024-11-28 13:56:32,2024-12-05 13:56:32,PricingEngine,2026-02-24 03:55:58,BATCH-20260224-01
SKU-463703,USV,120.07,ZAR,Promo,2025-12-16 18:30:38,2025-12-23 18:30:38,PricingEngine,2026-02-24 03:55:58,BATCH-20260224-01
SKU-475429,C60,50.88,ZAR,Regular,2024-02-03 12:09:49,2024-03-03 12:09:49,PricingEngine,2026-02-24 03:55:58,BATCH-20260224-01
SKU-475429,CHK,53.93,ZAR,Promo,2025-12-27 08:19:13,2026-01-03 08:19:13,PricingEngine,2026-02-24 03:55:58,BATCH-20260224-01
SKU-819362,C60,36.86,ZAR,Regular,2024-10-13 13:55:53,2024-11-13 13:55:53,PricingEngine,2026-02-24 03:55:58,BATCH-20260224-01
SKU-819362,SHOP,39.07,ZAR,Promo,2025-03-28 10:30:19,2025-04-04 10:30:19,PricingEngine,2026-02-24 03:55:58,BATCH-20260224-01
SKU-238100,SHOP,15.08,ZAR,Regular,2024-08-23 19:14:56,2024-09-23 19:14:56,PricingEngine,2026-02-24 03:55:58,BATCH-20260224-01
SKU-238100,C60,15.99,ZAR,Promo,2025-03-14 23:37:06,2025-03-21 23:37:06,PricingEngine,2026-02-24 03:55:58,BATCH-20260224-01
SKU-981886,SHOP,27.07,ZAR,Promo,2024-06-21 19:00:29,2024-06-28 19:00:29,PricingEngine,2026-02-24 03:55:58,BATCH-20260224-01
SKU-981886,SHOP,28.69,ZAR,Promo,2025-01-23 01:50:40,2025-01-30 01:50:40,PricingEngine,2026-02-24 03:55:58,BATCH-20260224-01
SKU-166833,C60,27.09,ZAR,Regular,2024-09-11 11:24:23,2024-10-11 11:24:23,PricingEngine,2026-02-24 03:55:58,BATCH-20260224-01
SKU-166833,USV,28.72,ZAR,Regular,2025-12-25 15:25:31,2026-01-25 15:25:31,PricingEngine,2026-02-24 03:55:58,BATCH-20260224-01
SKU-589279,USV,31.96,ZAR,Promo,2024-08-19 11:20:15,2024-08-26 11:20:15,PricingEngine,2026-02-24 03:55:58,BATCH-20260224-01
SKU-589279,SHOP,33.88,ZAR,Regular,2025-03-11 03:21:30,2025-04-11 03:21:30,PricingEngine,2026-02-24 03:55:58,BATCH-20260224-01
SKU-285579,C60,34.96,ZAR,Regular,2024-06-19 00:24:00,2024-07-19 00:24:00,PricingEngine,2026-02-24 03:55:58,BATCH-20260224-01
SKU-285579,USV,37.06,ZAR,Regular,2025-04-11 17:28:16,2025-05-11 17:28:16,PricingEngine,2026-02-24 03:55:58,BATCH-20260224-01
SKU-966354,CHK,127.74,ZAR,Regular,2024-09-12 07:50:12,2024-10-12 07:50:12,PricingEngine,2026-02-24 03:55:58,BATCH-20260224-01
SKU-966354,USV,135.41,ZAR,Regular,2025-08-08 17:40:44,2025-09-08 17:40:44,PricingEngine,2026-02-24 03:55:58,BATCH-20260224-01
SKU-937981,USV,14.73,ZAR,Promo,2024-12-09 17:09:51,2024-12-16 17:09:51,PricingEngine,2026-02-24 03:55:58,BATCH-20260224-01
SKU-937981,C60,15.61,ZAR,Promo,2025-05-02 23:16:29,2025-05-09 23:16:29,PricingEngine,2026-02-24 03:55:58,BATCH-20260224-01
SKU-117643,SHOP,17.78,ZAR,Promo,2024-03-14 20:47:42,2024-03-21 20:47:42,PricingEngine,2026-02-24 03:55:58,BATCH-20260224-01
SKU-117643,C60,18.85,ZAR,Regular,2025-09-09 01:15:39,2025-10-09 01:15:39,PricingEngine,2026-02-24 03:55:58,BATCH-20260224-01
SKU-482514,CHK,16.73,ZAR,Regular,2024-02-02 23:58:29,2024-03-02 23:58:29,PricingEngine,2026-02-24 03:55:58,BATCH-20260224-01
SKU-482514,USV,17.73,ZAR,Promo,2025-12-28 17:40:45,2026-01-04 17:40:45,PricingEngine,2026-02-24 03:55:58,BATCH-20260224-01
SKU-458616,USV,133.86,ZAR,Regular,2024-11-04 01:05:46,2024-12-04 01:05:46,PricingEngine,2026-02-24 03:55:58,BATCH-20260224-01
SKU-458616,SHOP,141.89,ZAR,Promo,2025-02-06 00:06:55,2025-02-13 00:06:55,PricingEngine,2026-02-24 03:55:58,BATCH-20260224-01
SKU-917380,C60,39.88,ZAR,Regular,2024-12-24 18:28:50,2025-01-24 18:28:50,PricingEngine,2026-02-24 03:55:58,BATCH-20260224-01
SKU-917380,C60,42.27,ZAR,Regular,2025-04-09 13:45:14,2025-05-09 13:45:14,PricingEngine,2026-02-24 03:55:58,BATCH-20260224-01
SKU-490707,SHOP,85.8,ZAR,Regular,2024-11-13 03:05:47,2024-12-13 03:05:47,PricingEngine,2026-02-24 03:55:58,BATCH-20260224-01
SKU-490707,CHK,90.95,ZAR,Regular,2025-03-27 14:54:46,2025-04-27 14:54:46,PricingEngine,2026-02-24 03:55:58,BATCH-20260224-01
SKU-585758,C60,17.17,ZAR,Promo,2024-05-28 22:49:00,2024-06-04 22:49:00,PricingEngine,2026-02-24 03:55:58,BATCH-20260224-01
SKU-585758,C60,18.2,ZAR,Regular,2025-02-27 05:49:34,2025-03-27 05:49:34,PricingEngine,2026-02-24 03:55:58,BATCH-20260224-01
SKU-798793,CHK,19.79,ZAR,Promo,2024-10-16 07:04:31,2024-10-23 07:04:31,PricingEngine,2026-02-24 03:55:58,BATCH-20260224-01
SKU-798793,CHK,20.98,ZAR,Regular,2025-06-12 10:17:38,2025-07-12 10:17:38,PricingEngine,2026-02-24 03:55:58,BATCH-20260224-01
SKU-318102,USV,90.82,ZAR,Regular,2024-10-08 13:53:37,2024-11-08 13:53:37,PricingEngine,2026-02-24 03:55:58,BATCH-20260224-01
SKU-318102,C60,96.27,ZAR,Regular,2025-04-24 02:08:54,2025-05-24 02:08:54,PricingEngine,2026-02-24 03:55:58,BATCH-20260224-01
SKU-376635,USV,47.63,ZAR,Regular,2024-07-25 22:05:47,2024-08-25 22:05:47,PricingEngine,2026-02-24 03:55:58,BATCH-20260224-01
SKU-376635,CHK,50.49,ZAR,Promo,2025-02-27 11:03:08,2025-03-06 11:03:08,PricingEngine,2026-02-24 03:55:58,BATCH-20260224-01
SKU-558931,SHOP,92.19,ZAR,Promo,2024-09-18 12:21:28,2024-09-25 12:21:28,PricingEngine,2026-02-24 03:55:58,BATCH-20260224-01
SKU-558931,CHK,97.72,ZAR,Promo,2025-01-22 17:02:45,2025-01-29 17:02:45,PricingEngine,2026-02-24 03:55:58,BATCH-20260224-01
SKU-398528,SHOP,18.81,ZAR,Promo,2024-10-19 17:45:58,2024-10-26 17:45:58,PricingEngine,2026-02-24 03:55:58,BATCH-20260224-01
SKU-398528,USV,19.94,ZAR,Promo,2025-10-06 21:30:53,2025-10-13 21:30:53,PricingEngine,2026-02-24 03:55:58,BATCH-20260224-01
SKU-350036,USV,21.21,ZAR,Regular,2024-12-08 16:57:00,2025-01-08 16:57:00,PricingEngine,2026-02-24 03:55:58,BATCH-20260224-01
SKU-350036,C60,22.48,ZAR,Regular,2025-10-10 18:49:01,2025-11-10 18:49:01,PricingEngine,2026-02-24 03:55:58,BATCH-20260224-01
SKU-872530,CHK,19.89,ZAR,Regular,2024-08-07 06:10:34,2024-09-07 06:10:34,PricingEngine,2026-02-24 03:55:58,BATCH-20260224-01
SKU-872530,CHK,21.08,ZAR,Regular,2025-11-14 18:13:37,2025-12-14 18:13:37,PricingEngine,2026-02-24 03:55:58,BATCH-20260224-01
SKU-178405,SHOP,27.69,ZAR,Regular,2024-11-14 02:09:56,2024-12-14 02:09:56,PricingEngine,2026-02-24 03:55:58,BATCH-20260224-01
SKU-178405,C60,29.35,ZAR,Promo,2025-06-10 15:25:06,2025-06-17 15:25:06,PricingEngine,2026-02-24 03:55:58,BATCH-20260224-01
SKU-182339,C60,28.72,ZAR,Promo,2024-05-17 22:21:23,2024-05-24 22:21:23,PricingEngine,2026-02-24 03:55:58,BATCH-20260224-01
SKU-182339,C60,30.44,ZAR,Promo,2025-07-11 16:45:23,2025-07-18 16:45:23,PricingEngine,2026-02-24 03:55:58,BATCH-20260224-01
SKU-213837,CHK,16.61,ZAR,Regular,2024-02-10 01:55:17,2024-03-10 01:55:17,PricingEngine,2026-02-24 03:55:58,BATCH-20260224-01
SKU-213837,C60,17.61,ZAR,Promo,2025-02-11 18:58:48,2025-02-18 18:58:48,PricingEngine,2026-02-24 03:55:58,BATCH-20260224-01
SKU-174133,C60,16.22,ZAR,Promo,2024-08-05 08:51:13,2024-08-12 08:51:13,PricingEngine,2026-02-24 03:55:58,BATCH-20260224-01
SKU-174133,USV,17.19,ZAR,Regular,2025-06-17 06:06:14,2025-07-17 06:06:14,PricingEngine,2026-02-24 03:55:58,BATCH-20260224-01
SKU-183548,SHOP,35.99,ZAR,Regular,2024-05-16 15:52:20,2024-06-16 15:52:20,PricingEngine,2026-02-24 03:55:58,BATCH-20260224-01
SKU-183548,C60,38.15,ZAR,Promo,2025-07-11 00:13:11,2025-07-18 00:13:11,PricingEngine,2026-02-24 03:55:58,BATCH-20260224-01
SKU-887028,USV,91.12,ZAR,Regular,2024-02-13 17:44:32,2024-03-13 17:44:32,PricingEngine,2026-02-24 03:55:58,BATCH-20260224-01
SKU-887028,C60,96.59,ZAR,Regular,2025-06-08 04:11:13,2025-07-08 04:11:13,PricingEngine,2026-02-24 03:55:58,BATCH-20260224-01
SKU-589958,SHOP,52.72,ZAR,Promo,2024-03-19 14:26:18,2024-03-26 14:26:18,PricingEngine,2026-02-24 03:55:58,BATCH-20260224-01
SKU-589958,USV,55.88,ZAR,Regular,2025-11-10 04:57:48,2025-12-10 04:57:48,PricingEngine,2026-02-24 03:55:58,BATCH-20260224-01
SKU-314050,CHK,98.48,ZAR,Promo,2024-08-17 22:05:04,2024-08-24 22:05:04,PricingEngine,2026-02-24 03:55:58,BATCH-20260224-01
SKU-314050,C60,104.39,ZAR,Regular,2025-05-18 05:58:21,2025-06-18 05:58:21,PricingEngine,2026-02-24 03:55:58,BATCH-20260224-01
SKU-213026,SHOP,117.85,ZAR,Promo,2024-02-25 16:35:46,2024-03-03 16:35:46,PricingEngine,2026-02-24 03:55:58,BATCH-20260224-01
SKU-213026,USV,124.92,ZAR,Promo,2025-07-02 18:59:56,2025-07-09 18:59:56,PricingEngine,2026-02-24 03:55:58,BATCH-20260224-01
SKU-753315,C60,25.95,ZAR,Regular,2024-12-22 19:23:59,2025-01-22 19:23:59,PricingEngine,2026-02-24 03:55:58,BATCH-20260224-01
SKU-753315,USV,27.51,ZAR,Regular,2025-11-02 21:45:07,2025-12-02 21:45:07,PricingEngine,2026-02-24 03:55:58,BATCH-20260224-01
SKU-692870,USV,13.97,ZAR,Regular,2024-02-26 03:14:29,2024-03-26 03:14:29,PricingEngine,2026-02-24 03:55:58,BATCH-20260224-01
SKU-692870,C60,14.81,ZAR,Regular,2025-08-12 02:48:05,2025-09-12 02:48:05,PricingEngine,2026-02-24 03:55:58,BATCH-20260224-01
SKU-812264,CHK,80.09,ZAR,Regular,2024-12-18 08:49:20,2025-01-18 08:49:20,PricingEngine,2026-02-24 03:55:58,BATCH-20260224-01
SKU-812264,CHK,84.9,ZAR,Promo,2025-03-26 12:10:38,2025-04-02 12:10:38,PricingEngine,2026-02-24 03:55:58,BATCH-20260224-01
SKU-565762,CHK,43.22,ZAR,Promo,2024-11-08 19:06:32,2024-11-15 19:06:32,PricingEngine,2026-02-24 03:55:58,BATCH-20260224-01
SKU-565762,SHOP,45.81,ZAR,Regular,2025-11-14 12:01:23,2025-12-14 12:01:23,PricingEngine,2026-02-24 03:55:58,BATCH-20260224-01
SKU-276760,SHOP,96.22,ZAR,Promo,2024-05-04 01:48:58,2024-05-11 01:48:58,PricingEngine,2026-02-24 03:55:58,BATCH-20260224-01
SKU-276760,USV,101.99,ZAR,Promo,2025-09-26 07:22:26,2025-10-03 07:22:26,PricingEngine,2026-02-24 03:55:58,BATCH-20260224-01
SKU-621369,SHOP,32.62,ZAR,Regular,2024-10-25 16:57:39,2024-11-25 16:57:39,PricingEngine,2026-02-24 03:55:58,BATCH-20260224-01
SKU-621369,USV,34.58,ZAR,Promo,2025-09-14 23:07:35,2025-09-21 23:07:35,PricingEngine,2026-02-24 03:55:58,BATCH-20260224-01
SKU-298831,CHK,51.74,ZAR,Promo,2024-04-14 07:48:30,2024-04-21 07:48:30,PricingEngine,2026-02-24 03:55:58,BATCH-20260224-01
SKU-298831,C60,54.85,ZAR,Promo,2025-02-21 16:00:16,2025-02-28 16:00:16,PricingEngine,2026-02-24 03:55:58,BATCH-20260224-01
SKU-447699,C60,35.17,ZAR,Regular,2024-04-27 09:07:28,2024-05-27 09:07:28,PricingEngine,2026-02-24 03:55:58,BATCH-20260224-01
SKU-447699,USV,37.28,ZAR,Promo,2025-09-01 21:56:31,2025-09-08 21:56:31,PricingEngine,2026-02-24 03:55:58,BATCH-20260224-01
SKU-712867,USV,50.25,ZAR,Promo,2024-10-14 20:55:55,2024-10-21 20:55:55,PricingEngine,2026-02-24 03:55:58,BATCH-20260224-01
SKU-712867,C60,53.27,ZAR,Regular,2025-09-19 17:31:39,2025-10-19 17:31:39,PricingEngine,2026-02-24 03:55:58,BATCH-20260224-01
SKU-247672,USV,19.38,ZAR,Regular,2024-04-26 07:30:36,2024-05-26 07:30:36,PricingEngine,2026-02-24 03:55:58,BATCH-20260224-01
SKU-247672,SHOP,20.54,ZAR,Regular,2025-12-04 10:25:49,2026-01-04 10:25:49,PricingEngine,2026-02-24 03:55:58,BATCH-20260224-01
SKU-659776,C60,17.67,ZAR,Regular,2024-01-14 00:01:48,2024-02-14 00:01:48,PricingEngine,2026-02-24 03:55:58,BATCH-20260224-01
SKU-659776,USV,18.73,ZAR,Promo,2025-09-04 06:58:35,2025-09-11 06:58:35,PricingEngine,2026-02-24 03:55:58,BATCH-20260224-01
SKU-377704,SHOP,26.78,ZAR,Promo,2024-08-10 23:14:15,2024-08-17 23:14:15,PricingEngine,2026-02-24 03:55:58,BATCH-20260224-01
SKU-377704,C60,28.39,ZAR,Promo,2025-12-28 09:57:23,2026-01-04 09:57:23,PricingEngine,2026-02-24 03:55:58,BATCH-20260224-01
SKU-605638,USV,34.19,ZAR,Promo,2024-07-24 22:07:15,2024-07-31 22:07:15,PricingEngine,2026-02-24 03:55:58,BATCH-20260224-01
SKU-605638,C60,36.24,ZAR,Regular,2025-01-27 05:49:13,2025-02-27 05:49:13,PricingEngine,2026-02-24 03:55:58,BATCH-20260224-01
SKU-508628,USV,27.0,ZAR,Promo,2024-11-13 04:06:57,2024-11-20 04:06:57,PricingEngine,2026-02-24 03:55:58,BATCH-20260224-01
SKU-508628,USV,28.62,ZAR,Promo,2025-01-17 19:20:32,2025-01-24 19:20:32,PricingEngine,2026-02-24 03:55:58,BATCH-20260224-01
SKU-940715,CHK,20.47,ZAR,Regular,2024-01-03 02:54:28,2024-02-03 02:54:28,PricingEngine,2026-02-24 03:55:58,BATCH-20260224-01
SKU-940715,CHK,21.7,ZAR,Regular,2025-08-01 06:54:33,2025-09-01 06:54:33,PricingEngine,2026-02-24 03:55:58,BATCH-20260224-01
SKU-545224,CHK,28.77,ZAR,Promo,2024-09-22 11:55:48,2024-09-29 11:55:48,PricingEngine,2026-02-24 03:55:58,BATCH-20260224-01
SKU-545224,USV,30.5,ZAR,Promo,2025-09-14 09:21:06,2025-09-21 09:21:06,PricingEngine,2026-02-24 03:55:58,BATCH-20260224-01
SKU-199901,SHOP,104.28,ZAR,Regular,2024-10-26 14:02:04,2024-11-26 14:02:04,PricingEngine,2026-02-24 03:55:58,BATCH-20260224-01
SKU-199901,CHK,110.54,ZAR,Promo,2025-08-07 06:43:39,2025-08-14 06:43:39,PricingEngine,2026-02-24 03:55:58,BATCH-20260224-01
SKU-129026,C60,33.84,ZAR,Regular,2024-08-10 10:57:27,2024-09-10 10:57:27,PricingEngine,2026-02-24 03:55:58,BATCH-20260224-01
SKU-129026,CHK,35.87,ZAR,Promo,2025-06-06 10:08:14,2025-06-13 10:08:14,PricingEngine,2026-02-24 03:55:58,BATCH-20260224-01
SKU-923795,CHK,31.7,ZAR,Promo,2024-10-17 08:26:05,2024-10-24 08:26:05,PricingEngine,2026-02-24 03:55:58,BATCH-20260224-01
SKU-923795,C60,33.6,ZAR,Promo,2025-11-26 11:32:01,2025-12-03 11:32:01,PricingEngine,2026-02-24 03:55:58,BATCH-20260224-01
SKU-279240,SHOP,29.99,ZAR,Regular,2024-08-07 15:26:15,2024-09-07 15:26:15,PricingEngine,2026-02-24 03:55:58,BATCH-20260224-01
SKU-279240,C60,31.79,ZAR,Regular,2025-02-10 10:40:58,2025-03-10 10:40:58,PricingEngine,2026-02-24 03:55:58,BATCH-20260224-01
SKU-218617,USV,31.5,ZAR,Promo,2024-02-28 15:23:31,2024-03-06 15:23:31,PricingEngine,2026-02-24 03:55:58,BATCH-20260224-01
SKU-218617,C60,33.39,ZAR,Regular,2025-09-26 22:50:03,2025-10-26 22:50:03,PricingEngine,2026-02-24 03:55:58,BATCH-20260224-01
SKU-370088,C60,24.97,ZAR,Promo,2024-01-14 11:39:23,2024-01-21 11:39:23,PricingEngine,2026-02-24 03:55:58,BATCH-20260224-01
SKU-370088,CHK,26.47,ZAR,Promo,2025-03-07 01:02:08,2025-03-14 01:02:08,PricingEngine,2026-02-24 03:55:58,BATCH-20260224-01
SKU-880433,SHOP,21.17,ZAR,Regular,2024-06-08 23:20:49,2024-07-08 23:20:49,PricingEngine,2026-02-24 03:55:58,BATCH-20260224-01
SKU-880433,USV,22.44,ZAR,Promo,2025-10-17 10:25:25,2025-10-24 10:25:25,PricingEngine,2026-02-24 03:55:58,BATCH-20260224-01
SKU-892101,C60,89.72,ZAR,Regular,2024-12-20 12:48:54,2025-01-20 12:48:54,PricingEngine,2026-02-24 03:55:58,BATCH-20260224-01
SKU-892101,C60,95.1,ZAR,Promo,2025-01-10 05:13:16,2025-01-17 05:13:16,PricingEngine,2026-02-24 03:55:58,BATCH-20260224-01
SKU-870823,CHK,14.21,ZAR,Promo,2024-05-08 09:31:44,2024-05-15 09:31:44,PricingEngine,2026-02-24 03:55:58,BATCH-20260224-01
SKU-870823,C60,15.06,ZAR,Regular,2025-04-25 15:01:46,2025-05-25 15:01:46,PricingEngine,2026-02-24 03:55:58,BATCH-20260224-01
SKU-465470,CHK,37.05,ZAR,Regular,2024-11-07 09:08:46,2024-12-07 09:08:46,PricingEngine,2026-02-24 03:55:58,BATCH-20260224-01
SKU-465470,SHOP,39.27,ZAR,Regular,2025-05-08 23:44:48,2025-06-08 23:44:48,PricingEngine,2026-02-24 03:55:58,BATCH-20260224-01
SKU-924804,C60,43.39,ZAR,Regular,2024-08-20 07:00:53,2024-09-20 07:00:53,PricingEngine,2026-02-24 03:55:58,BATCH-20260224-01
SKU-924804,USV,45.99,ZAR,Promo,2025-07-05 20:10:08,2025-07-12 20:10:08,PricingEngine,2026-02-24 03:55:58,BATCH-20260224-01
SKU-520151,C60,15.22,ZAR,Regular,2024-09-16 17:59:34,2024-10-16 17:59:34,PricingEngine,2026-02-24 03:55:58,BATCH-20260224-01
SKU-520151,C60,16.13,ZAR,Regular,2025-12-27 13:40:57,2026-01-27 13:40:57,PricingEngine,2026-02-24 03:55:58,BATCH-20260224-01
SKU-615487,SHOP,95.68,ZAR,Regular,2024-11-17 01:54:26,2024-12-17 01:54:26,PricingEngine,2026-02-24 03:55:58,BATCH-20260224-01
SKU-615487,SHOP,101.42,ZAR,Regular,2025-05-17 14:31:17,2025-06-17 14:31:17,PricingEngine,2026-02-24 03:55:58,BATCH-20260224-01
SKU-875743,CHK,16.66,ZAR,Regular,2024-03-27 12:21:46,2024-04-27 12:21:46,PricingEngine,2026-02-24 03:55:58,BATCH-20260224-01
SKU-875743,USV,17.66,ZAR,Regular,2025-10-12 07:18:20,2025-11-12 07:18:20,PricingEngine,2026-02-24 03:55:58,BATCH-20260224-01
SKU-264498,USV,131.34,ZAR,Promo,2024-03-27 22:49:15,2024-04-03 22:49:15,PricingEngine,2026-02-24 03:55:58,BATCH-20260224-01
SKU-264498,CHK,139.22,ZAR,Regular,2025-09-14 20:17:20,2025-10-14 20:17:20,PricingEngine,2026-02-24 03:55:58,BATCH-20260224-01
SKU-671257,SHOP,23.57,ZAR,Regular,2024-07-16 04:32:38,2024-08-16 04:32:38,PricingEngine,2026-02-24 03:55:58,BATCH-20260224-01
SKU-671257,SHOP,24.98,ZAR,Promo,2025-10-03 00:06:42,2025-10-10 00:06:42,PricingEngine,2026-02-24 03:55:58,BATCH-20260224-01
SKU-596139,CHK,16.17,ZAR,Regular,2024-01-15 11:03:10,2024-02-15 11:03:10,PricingEngine,2026-02-24 03:55:58,BATCH-20260224-01
SKU-596139,CHK,17.14,ZAR,Regular,2025-03-02 00:07:21,2025-04-02 00:07:21,PricingEngine,2026-02-24 03:55:58,BATCH-20260224-01
SKU-302368,CHK,93.48,ZAR,Promo,2024-04-01 07:13:18,2024-04-08 07:13:18,PricingEngine,2026-02-24 03:55:58,BATCH-20260224-01
SKU-302368,C60,99.09,ZAR,Regular,2025-03-20 05:14:31,2025-04-20 05:14:31,PricingEngine,2026-02-24 03:55:58,BATCH-20260224-01
SKU-198264,C60,31.15,ZAR,Promo,2024-01-04 15:37:31,2024-01-11 15:37:31,PricingEngine,2026-02-24 03:55:58,BATCH-20260224-01
SKU-198264,C60,33.02,ZAR,Regular,2025-12-24 22:10:58,2026-01-24 22:10:58,PricingEngine,2026-02-24 03:55:58,BATCH-20260224-01
SKU-888312,USV,14.65,ZAR,Promo,2024-01-09 05:20:05,2024-01-16 05:20:05,PricingEngine,2026-02-24 03:55:58,BATCH-20260224-01
SKU-888312,C60,15.53,ZAR,Regular,2025-10-15 22:42:39,2025-11-15 22:42:39,PricingEngine,2026-02-24 03:55:58,BATCH-20260224-01
SKU-281061,USV,101.01,ZAR,Regular,2024-05-19 17:06:00,2024-06-19 17:06:00,PricingEngine,2026-02-24 03:55:58,BATCH-20260224-01
SKU-281061,USV,107.07,ZAR,Regular,2025-12-01 12:06:13,2026-01-01 12:06:13,PricingEngine,2026-02-24 03:55:58,BATCH-20260224-01
SKU-273722,CHK,19.68,ZAR,Promo,2024-10-27 16:44:14,2024-11-03 16:44:14,PricingEngine,2026-02-24 03:55:58,BATCH-20260224-01
SKU-273722,USV,20.86,ZAR,Promo,2025-09-23 00:44:49,2025-09-30 00:44:49,PricingEngine,2026-02-24 03:55:58,BATCH-20260224-01
SKU-718545,C60,72.04,ZAR,Regular,2024-12-14 11:43:28,2025-01-14 11:43:28,PricingEngine,2026-02-24 03:55:58,BATCH-20260224-01
SKU-718545,C60,76.36,ZAR,Regular,2025-05-03 07:33:32,2025-06-03 07:33:32,PricingEngine,2026-02-24 03:55:58,BATCH-20260224-01
SKU-457394,C60,30.05,ZAR,Regular,2024-09-23 02:33:54,2024-10-23 02:33:54,PricingEngine,2026-02-24 03:55:58,BATCH-20260224-01
SKU-457394,CHK,31.85,ZAR,Promo,2025-05-26 00:31:24,2025-06-02 00:31:24,PricingEngine,2026-02-24 03:55:58,BATCH-20260224-01
SKU-989739,C60,24.3,ZAR,Promo,2024-11-04 11:48:48,2024-11-11 11:48:48,PricingEngine,2026-02-24 03:55:58,BATCH-20260224-01
SKU-989739,CHK,25.76,ZAR,Regular,2025-09-17 19:26:44,2025-10-17 19:26:44,PricingEngine,2026-02-24 03:55:58,BATCH-20260224-01
SKU-482746,USV,48.46,ZAR,Promo,2024-11-28 01:21:18,2024-12-05 01:21:18,PricingEngine,2026-02-24 03:55:58,BATCH-20260224-01
SKU-482746,C60,51.37,ZAR,Promo,2025-02-13 03:07:42,2025-02-20 03:07:42,PricingEngine,2026-02-24 03:55:58,BATCH-20260224-01
SKU-973428,USV,21.28,ZAR,Regular,2024-08-27 22:16:31,2024-09-27 22:16:31,PricingEngine,2026-02-24 03:55:58,BATCH-20260224-01
SKU-973428,USV,22.56,ZAR,Promo,2025-06-15 12:51:20,2025-06-22 12:51:20,PricingEngine,2026-02-24 03:55:58,BATCH-20260224-01
SKU-225925,CHK,33.31,ZAR,Regular,2024-10-09 02:40:24,2024-11-09 02:40:24,PricingEngine,2026-02-24 03:55:58,BATCH-20260224-01
SKU-225925,SHOP,35.31,ZAR,Promo,2025-07-13 05:57:20,2025-07-20 05:57:20,PricingEngine,2026-02-24 03:55:58,BATCH-20260224-01
SKU-766804,USV,31.78,ZAR,Promo,2024-03-14 14:55:17,2024-03-21 14:55:17,PricingEngine,2026-02-24 03:55:58,BATCH-20260224-01
SKU-766804,CHK,33.69,ZAR,Regular,2025-09-17 19:31:34,2025-10-17 19:31:34,PricingEngine,2026-02-24 03:55:58,BATCH-20260224-01
SKU-638539,SHOP,26.42,ZAR,Promo,2024-01-23 09:25:01,2024-01-30 09:25:01,PricingEngine,2026-02-24 03:55:58,BATCH-20260224-01
SKU-638539,USV,28.01,ZAR,Promo,2025-10-26 17:13:38,2025-11-02 17:13:38,PricingEngine,2026-02-24 03:55:58,BATCH-20260224-01
SKU-951732,C60,75.26,ZAR,Promo,2024-10-06 08:37:38,2024-10-13 08:37:38,PricingEngine,2026-02-24 03:55:58,BATCH-20260224-01
SKU-951732,C60,79.78,ZAR,Regular,2025-06-28 18:39:18,2025-07-28 18:39:18,PricingEngine,2026-02-24 03:55:58,BATCH-20260224-01
SKU-500596,CHK,31.07,ZAR,Regular,2024-05-23 18:42:15,2024-06-23 18:42:15,PricingEngine,2026-02-24 03:55:58,BATCH-20260224-01
SKU-500596,USV,32.93,ZAR,Regular,2025-10-11 17:34:07,2025-11-11 17:34:07,PricingEngine,2026-02-24 03:55:58,BATCH-20260224-01
SKU-261182,SHOP,18.19,ZAR,Promo,2024-06-12 05:56:19,2024-06-19 05:56:19,PricingEngine,2026-02-24 03:55:58,BATCH-20260224-01
SKU-261182,C60,19.28,ZAR,Promo,2025-05-20 04:13:13,2025-05-27 04:13:13,PricingEngine,2026-02-24 03:55:58,BATCH-20260224-01
SKU-156138,USV,31.28,ZAR,Promo,2024-03-07 20:21:55,2024-03-14 20:21:55,PricingEngine,2026-02-24 03:55:58,BATCH-20260224-01
SKU-156138,C60,33.16,ZAR,Regular,2025-02-25 03:31:36,2025-03-25 03:31:36,PricingEngine,2026-02-24 03:55:58,BATCH-20260224-01
SKU-482540,SHOP,15.94,ZAR,Promo,2024-09-21 09:48:34,2024-09-28 09:48:34,PricingEngine,2026-02-24 03:55:58,BATCH-20260224-01
SKU-482540,SHOP,16.9,ZAR,Promo,2025-03-20 04:46:38,2025-03-27 04:46:38,PricingEngine,2026-02-24 03:55:58,BATCH-20260224-01
SKU-482387,CHK,50.9,ZAR,Regular,2024-06-04 06:34:46,2024-07-04 06:34:46,PricingEngine,2026-02-24 03:55:58,BATCH-20260224-01
SKU-482387,CHK,53.95,ZAR,Promo,2025-10-12 09:21:32,2025-10-19 09:21:32,PricingEngine,2026-02-24 03:55:58,BATCH-20260224-01
SKU-396995,USV,95.45,ZAR,Promo,2024-12-10 19:17:27,2024-12-17 19:17:27,PricingEngine,2026-02-24 03:55:58,BATCH-20260224-01
SKU-396995,SHOP,101.18,ZAR,Regular,2025-06-10 11:15:11,2025-07-10 11:15:11,PricingEngine,2026-02-24 03:55:58,BATCH-20260224-01
SKU-764226,SHOP,14.53,ZAR,Promo,2024-05-22 11:16:48,2024-05-29 11:16:48,PricingEngine,2026-02-24 03:55:58,BATCH-20260224-01
SKU-764226,CHK,15.4,ZAR,Promo,2025-09-07 21:29:52,2025-09-14 21:29:52,PricingEngine,2026-02-24 03:55:58,BATCH-20260224-01
SKU-225024,CHK,22.01,ZAR,Regular,2024-06-24 21:26:56,2024-07-24 21:26:56,PricingEngine,2026-02-24 03:55:58,BATCH-20260224-01
SKU-225024,C60,23.33,ZAR,Regular,2025-12-16 21:12:15,2026-01-16 21:12:15,PricingEngine,2026-02-24 03:55:58,BATCH-20260224-01
SKU-627983,CHK,16.45,ZAR,Promo,2024-11-13 22:17:21,2024-11-20 22:17:21,PricingEngine,2026-02-24 03:55:58,BATCH-20260224-01
SKU-627983,SHOP,17.44,ZAR,Promo,2025-04-06 22:00:11,2025-04-13 22:00:11,PricingEngine,2026-02-24 03:55:58,BATCH-20260224-01
SKU-118869,USV,18.55,ZAR,Promo,2024-05-11 19:23:09,2024-05-18 19:23:09,PricingEngine,2026-02-24 03:55:58,BATCH-20260224-01
SKU-118869,USV,19.66,ZAR,Promo,2025-07-04 01:00:52,2025-07-11 01:00:52,PricingEngine,2026-02-24 03:55:58,BATCH-20260224-01
SKU-251037,USV,19.79,ZAR,Regular,2024-02-15 03:45:41,2024-03-15 03:45:41,PricingEngine,2026-02-24 03:55:58,BATCH-20260224-01
SKU-251037,C60,20.98,ZAR,Promo,2025-03-05 18:07:50,2025-03-12 18:07:50,PricingEngine,2026-02-24 03:55:58,BATCH-20260224-01
SKU-333559,USV,15.3,ZAR,Regular,2024-09-27 19:52:44,2024-10-27 19:52:44,PricingEngine,2026-02-24 03:55:58,BATCH-20260224-01
SKU-333559,C60,16.22,ZAR,Promo,2025-07-02 05:49:50,2025-07-09 05:49:50,PricingEngine,2026-02-24 03:55:58,BATCH-20260224-01
SKU-343749,C60,16.62,ZAR,Regular,2024-02-09 19:00:12,2024-03-09 19:00:12,PricingEngine,2026-02-24 03:55:58,BATCH-20260224-01
SKU-343749,C60,17.62,ZAR,Regular,2025-08-04 10:09:20,2025-09-04 10:09:20,PricingEngine,2026-02-24 03:55:58,BATCH-20260224-01
SKU-749194,C60,78.78,ZAR,Promo,2024-04-06 02:59:43,2024-04-13 02:59:43,PricingEngine,2026-02-24 03:55:58,BATCH-20260224-01
SKU-749194,CHK,83.51,ZAR,Promo,2025-11-23 11:05:15,2025-11-30 11:05:15,PricingEngine,2026-02-24 03:55:58,BATCH-20260224-01
SKU-897570,USV,21.57,ZAR,Regular,2024-05-08 05:27:35,2024-06-08 05:27:35,PricingEngine,2026-02-24 03:55:58,BATCH-20260224-01
SKU-897570,CHK,22.86,ZAR,Regular,2025-04-17 02:34:23,2025-05-17 02:34:23,PricingEngine,2026-02-24 03:55:58,BATCH-20260224-01
SKU-366970,USV,82.45,ZAR,Promo,2024-02-17 07:43:50,2024-02-24 07:43:50,PricingEngine,2026-02-24 03:55:58,BATCH-20260224-01
SKU-366970,CHK,87.4,ZAR,Regular,2025-01-03 21:10:51,2025-02-03 21:10:51,PricingEngine,2026-02-24 03:55:58,BATCH-20260224-01
SKU-319330,C60,34.14,ZAR,Promo,2024-11-21 20:39:18,2024-11-28 20:39:18,PricingEngine,2026-02-24 03:55:58,BATCH-20260224-01
SKU-319330,SHOP,36.19,ZAR,Regular,2025-09-18 08:17:08,2025-10-18 08:17:08,PricingEngine,2026-02-24 03:55:58,BATCH-20260224-01
SKU-274900,CHK,36.25,ZAR,Regular,2024-10-25 15:42:13,2024-11-25 15:42:13,PricingEngine,2026-02-24 03:55:58,BATCH-20260224-01
SKU-274900,C60,38.43,ZAR,Promo,2025-11-20 00:59:41,2025-11-27 00:59:41,PricingEngine,2026-02-24 03:55:58,BATCH-20260224-01
SKU-562804,SHOP,100.39,ZAR,Regular,2024-08-17 18:52:59,2024-09-17 18:52:59,PricingEngine,2026-02-24 03:55:58,BATCH-20260224-01
SKU-562804,C60,106.41,ZAR,Regular,2025-05-15 00:19:20,2025-06-15 00:19:20,PricingEngine,2026-02-24 03:55:58,BATCH-20260224-01
SKU-650261,SHOP,27.16,ZAR,Promo,2024-04-06 09:51:54,2024-04-13 09:51:54,PricingEngine,2026-02-24 03:55:58,BATCH-20260224-01
SKU-650261,SHOP,28.79,ZAR,Regular,2025-03-26 12:47:03,2025-04-26 12:47:03,PricingEngine,2026-02-24 03:55:58,BATCH-20260224-01
SKU-617320,SHOP,36.67,ZAR,Promo,2024-03-11 10:53:40,2024-03-18 10:53:40,PricingEngine,2026-02-24 03:55:58,BATCH-20260224-01
SKU-617320,SHOP,38.87,ZAR,Promo,2025-05-02 19:13:44,2025-05-09 19:13:44,PricingEngine,2026-02-24 03:55:58,BATCH-20260224-01
SKU-468924,CHK,15.38,ZAR,Regular,2024-10-09 21:27:50,2024-11-09 21:27:50,PricingEngine,2026-02-24 03:55:58,BATCH-20260224-01
SKU-468924,USV,16.3,ZAR,Promo,2025-06-12 06:05:36,2025-06-19 06:05:36,PricingEngine,2026-02-24 03:55:58,BATCH-20260224-01
SKU-976378,CHK,15.58,ZAR,Regular,2024-02-13 19:49:32,2024-03-13 19:49:32,PricingEngine,2026-02-24 03:55:58,BATCH-20260224-01
SKU-976378,CHK,16.52,ZAR,Promo,2025-01-16 00:43:23,2025-01-23 00:43:23,PricingEngine,2026-02-24 03:55:58,BATCH-20260224-01
SKU-531280,CHK,50.8,ZAR,Regular,2024-04-26 17:00:59,2024-05-26 17:00:59,PricingEngine,2026-02-24 03:55:58,BATCH-20260224-01
SKU-531280,C60,53.85,ZAR,Promo,2025-11-04 08:49:55,2025-11-11 08:49:55,PricingEngine,2026-02-24 03:55:58,BATCH-20260224-01
SKU-353545,SHOP,33.04,ZAR,Promo,2024-04-17 12:19:42,2024-04-24 12:19:42,PricingEngine,2026-02-24 03:55:58,BATCH-20260224-01
SKU-353545,USV,35.02,ZAR,Regular,2025-10-08 04:14:11,2025-11-08 04:14:11,PricingEngine,2026-02-24 03:55:58,BATCH-20260224-01
SKU-785794,SHOP,98.99,ZAR,Promo,2024-05-07 07:06:58,2024-05-14 07:06:58,PricingEngine,2026-02-24 03:55:58,BATCH-20260224-01
SKU-785794,CHK,104.93,ZAR,Regular,2025-07-04 01:20:47,2025-08-04 01:20:47,PricingEngine,2026-02-24 03:55:58,BATCH-20260224-01
SKU-860958,SHOP,121.17,ZAR,Regular,2024-07-13 06:23:20,2024-08-13 06:23:20,PricingEngine,2026-02-24 03:55:58,BATCH-20260224-01
SKU-860958,USV,128.44,ZAR,Promo,2025-07-22 00:38:49,2025-07-29 00:38:49,PricingEngine,2026-02-24 03:55:58,BATCH-20260224-01
SKU-938307,USV,36.35,ZAR,Regular,2024-01-11 00:27:49,2024-02-11 00:27:49,PricingEngine,2026-02-24 03:55:58,BATCH-20260224-01
SKU-938307,SHOP,38.53,ZAR,Regular,2025-06-16 16:19:19,2025-07-16 16:19:19,PricingEngine,2026-02-24 03:55:58,BATCH-20260224-01
SKU-480079,CHK,92.11,ZAR,Promo,2024-01-07 15:07:06,2024-01-14 15:07:06,PricingEngine,2026-02-24 03:55:58,BATCH-20260224-01
SKU-480079,USV,97.64,ZAR,Promo,2025-06-13 12:39:21,2025-06-20 12:39:21,PricingEngine,2026-02-24 03:55:58,BATCH-20260224-01
SKU-434213,USV,94.92,ZAR,Regular,2024-07-03 15:19:39,2024-08-03 15:19:39,PricingEngine,2026-02-24 03:55:58,BATCH-20260224-01
SKU-434213,SHOP,100.62,ZAR,Regular,2025-12-22 09:27:40,2026-01-22 09:27:40,PricingEngine,2026-02-24 03:55:58,BATCH-20260224-01
SKU-873786,C60,30.52,ZAR,Promo,2024-06-18 21:32:38,2024-06-25 21:32:38,PricingEngine,2026-02-24 03:55:58,BATCH-20260224-01
SKU-873786,CHK,32.35,ZAR,Promo,2025-08-09 06:15:42,2025-08-16 06:15:42,PricingEngine,2026-02-24 03:55:58,BATCH-20260224-01
SKU-576096,USV,36.12,ZAR,Promo,2024-07-04 20:25:25,2024-07-11 20:25:25,PricingEngine,2026-02-24 03:55:58,BATCH-20260224-01
SKU-576096,SHOP,38.29,ZAR,Regular,2025-04-07 07:51:15,2025-05-07 07:51:15,PricingEngine,2026-02-24 03:55:58,BATCH-20260224-01
SKU-174225,CHK,31.82,ZAR,Promo,2024-12-25 14:52:00,2025-01-01 14:52:00,PricingEngine,2026-02-24 03:55:58,BATCH-20260224-01
SKU-174225,CHK,33.73,ZAR,Promo,2025-01-16 23:52:47,2025-01-23 23:52:47,PricingEngine,2026-02-24 03:55:58,BATCH-20260224-01
SKU-247881,C60,24.3,ZAR,Regular,2024-07-03 20:11:24,2024-08-03 20:11:24,PricingEngine,2026-02-24 03:55:58,BATCH-20260224-01
SKU-247881,CHK,25.76,ZAR,Regular,2025-08-11 04:59:13,2025-09-11 04:59:13,PricingEngine,2026-02-24 03:55:58,BATCH-20260224-01
SKU-760293,C60,118.57,ZAR,Regular,2024-06-28 18:56:28,2024-07-28 18:56:28,PricingEngine,2026-02-24 03:55:58,BATCH-20260224-01
SKU-760293,SHOP,125.68,ZAR,Regular,2025-12-10 20:47:02,2026-01-10 20:47:02,PricingEngine,2026-02-24 03:55:58,BATCH-20260224-01
SKU-492291,SHOP,16.83,ZAR,Promo,2024-08-11 14:27:21,2024-08-18 14:27:21,PricingEngine,2026-02-24 03:55:58,BATCH-20260224-01
SKU-492291,USV,17.84,ZAR,Promo,2025-03-07 23:10:28,2025-03-14 23:10:28,PricingEngine,2026-02-24 03:55:58,BATCH-20260224-01
SKU-732647,C60,21.43,ZAR,Promo,2024-03-23 01:42:52,2024-03-30 01:42:52,PricingEngine,2026-02-24 03:55:58,BATCH-20260224-01
SKU-732647,USV,22.72,ZAR,Regular,2025-02-05 15:39:58,2025-03-05 15:39:58,PricingEngine,2026-02-24 03:55:58,BATCH-20260224-01
SKU-702201,C60,93.16,ZAR,Promo,2024-10-15 08:43:03,2024-10-22 08:43:03,PricingEngine,2026-02-24 03:55:58,BATCH-20260224-01
SKU-702201,CHK,98.75,ZAR,Promo,2025-10-12 23:49:40,2025-10-19 23:49:40,PricingEngine,2026-02-24 03:55:58,BATCH-20260224-01
SKU-448240,USV,20.83,ZAR,Promo,2024-02-27 06:27:36,2024-03-05 06:27:36,PricingEngine,2026-02-24 03:55:58,BATCH-20260224-01
SKU-448240,CHK,22.08,ZAR,Regular,2025-04-28 06:15:21,2025-05-28 06:15:21,PricingEngine,2026-02-24 03:55:58,BATCH-20260224-01
SKU-408945,SHOP,29.75,ZAR,Promo,2024-04-19 12:30:58,2024-04-26 12:30:58,PricingEngine,2026-02-24 03:55:58,BATCH-20260224-01
SKU-408945,SHOP,31.54,ZAR,Regular,2025-06-22 04:12:45,2025-07-22 04:12:45,PricingEngine,2026-02-24 03:55:58,BATCH-20260224-01
SKU-745249,CHK,86.37,ZAR,Regular,2024-09-09 10:55:17,2024-10-09 10:55:17,PricingEngine,2026-02-24 03:55:58,BATCH-20260224-01
SKU-745249,SHOP,91.55,ZAR,Regular,2025-10-04 00:43:53,2025-11-04 00:43:53,PricingEngine,2026-02-24 03:55:58,BATCH-20260224-01
SKU-495126,C60,27.77,ZAR,Regular,2024-07-14 10:21:53,2024-08-14 10:21:53,PricingEngine,2026-02-24 03:55:58,BATCH-20260224-01
SKU-495126,C60,29.44,ZAR,Promo,2025-07-14 21:37:33,2025-07-21 21:37:33,PricingEngine,2026-02-24 03:55:58,BATCH-20260224-01
SKU-855828,USV,16.34,ZAR,Regular,2024-02-28 05:40:44,2024-03-28 05:40:44,PricingEngine,2026-02-24 03:55:58,BATCH-20260224-01
SKU-855828,C60,17.32,ZAR,Regular,2025-04-13 06:18:04,2025-05-13 06:18:04,PricingEngine,2026-02-24 03:55:58,BATCH-20260224-01
SKU-325498,C60,19.79,ZAR,Regular,2024-01-06 01:15:29,2024-02-06 01:15:29,PricingEngine,2026-02-24 03:55:58,BATCH-20260224-01
SKU-325498,C60,20.98,ZAR,Regular,2025-01-06 18:18:56,2025-02-06 18:18:56,PricingEngine,2026-02-24 03:55:58,BATCH-20260224-01
SKU-400145,CHK,91.59,ZAR,Promo,2024-11-08 14:16:58,2024-11-15 14:16:58,PricingEngine,2026-02-24 03:55:58,BATCH-20260224-01
SKU-400145,USV,97.09,ZAR,Regular,2025-03-21 19:11:49,2025-04-21 19:11:49,PricingEngine,2026-02-24 03:55:58,BATCH-20260224-01
SKU-538165,USV,35.34,ZAR,Regular,2024-09-13 00:55:43,2024-10-13 00:55:43,PricingEngine,2026-02-24 03:55:58,BATCH-20260224-01
SKU-538165,SHOP,37.46,ZAR,Promo,2025-01-12 01:36:18,2025-01-19 01:36:18,PricingEngine,2026-02-24 03:55:58,BATCH-20260224-01
SKU-534412,CHK,85.51,ZAR,Regular,2024-11-23 08:10:49,2024-12-23 08:10:49,PricingEngine,2026-02-24 03:55:58,BATCH-20260224-01
SKU-534412,USV,90.64,ZAR,Promo,2025-12-17 12:26:40,2025-12-24 12:26:40,PricingEngine,2026-02-24 03:55:58,BATCH-20260224-01
SKU-425721,CHK,104.86,ZAR,Promo,2024-12-07 14:44:09,2024-12-14 14:44:09,PricingEngine,2026-02-24 03:55:58,BATCH-20260224-01
SKU-425721,USV,111.15,ZAR,Regular,2025-06-02 23:21:57,2025-07-02 23:21:57,PricingEngine,2026-02-24 03:55:58,BATCH-20260224-01
SKU-416600,SHOP,55.74,ZAR,Promo,2024-02-15 15:04:13,2024-02-22 15:04:13,PricingEngine,2026-02-24 03:55:58,BATCH-20260224-01
SKU-416600,C60,59.09,ZAR,Promo,2025-03-28 09:36:07,2025-04-04 09:36:07,PricingEngine,2026-02-24 03:55:58,BATCH-20260224-01
SKU-353488,CHK,35.36,ZAR,Regular,2024-04-26 10:55:58,2024-05-26 10:55:58,PricingEngine,2026-02-24 03:55:58,BATCH-20260224-01
SKU-353488,CHK,37.48,ZAR,Regular,2025-05-02 11:09:18,2025-06-02 11:09:18,PricingEngine,2026-02-24 03:55:58,BATCH-20260224-01
SKU-668603,CHK,21.47,ZAR,Promo,2024-08-06 14:42:10,2024-08-13 14:42:10,PricingEngine,2026-02-24 03:55:58,BATCH-20260224-01
SKU-668603,SHOP,22.76,ZAR,Promo,2025-01-22 07:54:53,2025-01-29 07:54:53,PricingEngine,2026-02-24 03:55:58,BATCH-20260224-01
SKU-941627,C60,118.82,ZAR,Regular,2024-10-12 13:15:22,2024-11-12 13:15:22,PricingEngine,2026-02-24 03:55:58,BATCH-20260224-01
SKU-941627,CHK,125.95,ZAR,Promo,2025-04-16 04:50:02,2025-04-23 04:50:02,PricingEngine,2026-02-24 03:55:58,BATCH-20260224-01
SKU-653851,USV,44.66,ZAR,Promo,2024-01-27 23:06:27,2024-02-03 23:06:27,PricingEngine,2026-02-24 03:55:58,BATCH-20260224-01
SKU-653851,SHOP,47.34,ZAR,Promo,2025-02-14 23:14:02,2025-02-21 23:14:02,PricingEngine,2026-02-24 03:55:58,BATCH-20260224-01
SKU-227944,SHOP,81.18,ZAR,Regular,2024-07-05 00:55:03,2024-08-05 00:55:03,PricingEngine,2026-02-24 03:55:58,BATCH-20260224-01
SKU-227944,CHK,86.05,ZAR,Regular,2025-06-19 00:08:52,2025-07-19 00:08:52,PricingEngine,2026-02-24 03:55:58,BATCH-20260224-01
SKU-734331,USV,18.65,ZAR,Promo,2024-07-12 05:53:45,2024-07-19 05:53:45,PricingEngine,2026-02-24 03:55:58,BATCH-20260224-01
SKU-734331,CHK,19.77,ZAR,Promo,2025-09-07 05:33:52,2025-09-14 05:33:52,PricingEngine,2026-02-24 03:55:58,BATCH-20260224-01
SKU-612964,USV,30.5,ZAR,Regular,2024-05-19 23:22:41,2024-06-19 23:22:41,PricingEngine,2026-02-24 03:55:58,BATCH-20260224-01
SKU-612964,C60,32.33,ZAR,Promo,2025-10-03 02:31:38,2025-10-10 02:31:38,PricingEngine,2026-02-24 03:55:58,BATCH-20260224-01
SKU-179941,SHOP,19.03,ZAR,Promo,2024-08-06 12:15:25,2024-08-13 12:15:25,PricingEngine,2026-02-24 03:55:58,BATCH-20260224-01
SKU-179941,USV,20.17,ZAR,Regular,2025-08-27 18:58:02,2025-09-27 18:58:02,PricingEngine,2026-02-24 03:55:58,BATCH-20260224-01
SKU-697185,USV,56.06,ZAR,Promo,2024-02-15 20:58:44,2024-02-22 20:58:44,PricingEngine,2026-02-24 03:55:58,BATCH-20260224-01
SKU-697185,CHK,59.42,ZAR,Regular,2025-09-28 17:00:01,2025-10-28 17:00:01,PricingEngine,2026-02-24 03:55:58,BATCH-20260224-01
SKU-446234,CHK,15.82,ZAR,Promo,2024-02-04 15:14:01,2024-02-11 15:14:01,PricingEngine,2026-02-24 03:55:58,BATCH-20260224-01
SKU-446234,SHOP,16.77,ZAR,Promo,2025-07-26 03:44:29,2025-08-02 03:44:29,PricingEngine,2026-02-24 03:55:58,BATCH-20260224-01
SKU-107320,SHOP,33.86,ZAR,Promo,2024-07-18 03:49:01,2024-07-25 03:49:01,PricingEngine,2026-02-24 03:55:58,BATCH-20260224-01
SKU-107320,SHOP,35.89,ZAR,Regular,2025-08-04 11:11:20,2025-09-04 11:11:20,PricingEngine,2026-02-24 03:55:58,BATCH-20260224-01
SKU-703596,SHOP,90.7,ZAR,Regular,2024-09-20 13:40:59,2024-10-20 13:40:59,PricingEngine,2026-02-24 03:55:58,BATCH-20260224-01
SKU-703596,USV,96.14,ZAR,Promo,2025-02-20 01:34:51,2025-02-27 01:34:51,PricingEngine,2026-02-24 03:55:58,BATCH-20260224-01
SKU-880546,CHK,54.05,ZAR,Regular,2024-10-27 16:59:44,2024-11-27 16:59:44,PricingEngine,2026-02-24 03:55:58,BATCH-20260224-01
SKU-880546,USV,57.29,ZAR,Promo,2025-06-02 02:24:17,2025-06-09 02:24:17,PricingEngine,2026-02-24 03:55:58,BATCH-20260224-01
SKU-998501,CHK,23.35,ZAR,Promo,2024-04-26 06:44:01,2024-05-03 06:44:01,PricingEngine,2026-02-24 03:55:58,BATCH-20260224-01
SKU-998501,CHK,24.75,ZAR,Promo,2025-05-01 03:46:14,2025-05-08 03:46:14,PricingEngine,2026-02-24 03:55:58,BATCH-20260224-01
SKU-519848,C60,87.71,ZAR,Regular,2024-12-08 19:02:48,2025-01-08 19:02:48,PricingEngine,2026-02-24 03:55:58,BATCH-20260224-01
SKU-519848,CHK,92.97,ZAR,Promo,2025-05-09 17:01:58,2025-05-16 17:01:58,PricingEngine,2026-02-24 03:55:58,BATCH-20260224-01
SKU-320230,SHOP,27.64,ZAR,Promo,2024-01-20 09:05:14,2024-01-27 09:05:14,PricingEngine,2026-02-24 03:55:58,BATCH-20260224-01
SKU-320230,C60,29.3,ZAR,Promo,2025-04-04 22:27:25,2025-04-11 22:27:25,PricingEngine,2026-02-24 03:55:58,BATCH-20260224-01
SKU-207933,CHK,89.26,ZAR,Regular,2024-11-28 00:42:59,2024-12-28 00:42:59,PricingEngine,2026-02-24 03:55:58,BATCH-20260224-01
SKU-207933,CHK,94.62,ZAR,Promo,2025-04-28 13:57:05,2025-05-05 13:57:05,PricingEngine,2026-02-24 03:55:58,BATCH-20260224-01
SKU-859842,CHK,16.44,ZAR,Promo,2024-02-12 08:03:37,2024-02-19 08:03:37,PricingEngine,2026-02-24 03:55:58,BATCH-20260224-01
SKU-859842,CHK,17.43,ZAR,Regular,2025-08-09 03:58:30,2025-09-09 03:58:30,PricingEngine,2026-02-24 03:55:58,BATCH-20260224-01
SKU-342108,USV,16.16,ZAR,Regular,2024-05-08 09:08:26,2024-06-08 09:08:26,PricingEngine,2026-02-24 03:55:58,BATCH-20260224-01
SKU-342108,CHK,17.13,ZAR,Regular,2025-02-08 11:50:33,2025-03-08 11:50:33,PricingEngine,2026-02-24 03:55:58,BATCH-20260224-01
SKU-152635,CHK,16.01,ZAR,Regular,2024-11-04 20:54:07,2024-12-04 20:54:07,PricingEngine,2026-02-24 03:55:58,BATCH-20260224-01
SKU-152635,SHOP,16.97,ZAR,Promo,2025-07-03 09:40:43,2025-07-10 09:40:43,PricingEngine,2026-02-24 03:55:58,BATCH-20260224-01
SKU-503677,CHK,29.67,ZAR,Promo,2024-06-28 18:13:41,2024-07-05 18:13:41,PricingEngine,2026-02-24 03:55:58,BATCH-20260224-01
SKU-503677,CHK,31.45,ZAR,Promo,2025-06-12 16:03:25,2025-06-19 16:03:25,PricingEngine,2026-02-24 03:55:58,BATCH-20260224-01
SKU-334518,SHOP,37.13,ZAR,Regular,2024-10-02 18:48:54,2024-11-02 18:48:54,PricingEngine,2026-02-24 03:55:58,BATCH-20260224-01
SKU-334518,CHK,39.36,ZAR,Promo,2025-09-25 22:44:19,2025-10-02 22:44:19,PricingEngine,2026-02-24 03:55:58,BATCH-20260224-01
SKU-300937,SHOP,79.34,ZAR,Regular,2024-07-13 08:27:18,2024-08-13 08:27:18,PricingEngine,2026-02-24 03:55:58,BATCH-20260224-01
SKU-300937,USV,84.1,ZAR,Promo,2025-01-05 02:46:30,2025-01-12 02:46:30,PricingEngine,2026-02-24 03:55:58,BATCH-20260224-01
SKU-810166,CHK,21.04,ZAR,Regular,2024-11-13 17:10:34,2024-12-13 17:10:34,PricingEngine,2026-02-24 03:55:58,BATCH-20260224-01
SKU-810166,USV,22.3,ZAR,Regular,2025-03-02 07:34:14,2025-04-02 07:34:14,PricingEngine,2026-02-24 03:55:58,BATCH-20260224-01
SKU-799427,USV,16.51,ZAR,Regular,2024-11-05 05:44:50,2024-12-05 05:44:50,PricingEngine,2026-02-24 03:55:58,BATCH-20260224-01
SKU-799427,C60,17.5,ZAR,Promo,2025-02-03 10:25:32,2025-02-10 10:25:32,PricingEngine,2026-02-24 03:55:58,BATCH-20260224-01
SKU-186230,SHOP,16.56,ZAR,Promo,2024-06-08 20:49:35,2024-06-15 20:49:35,PricingEngine,2026-02-24 03:55:58,BATCH-20260224-01
SKU-186230,CHK,17.55,ZAR,Regular,2025-07-24 06:39:00,2025-08-24 06:39:00,PricingEngine,2026-02-24 03:55:58,BATCH-20260224-01
SKU-948553,SHOP,41.48,ZAR,Regular,2024-12-10 15:30:33,2025-01-10 15:30:33,PricingEngine,2026-02-24 03:55:58,BATCH-20260224-01
SKU-948553,CHK,43.97,ZAR,Promo,2025-03-03 22:52:23,2025-03-10 22:52:23,PricingEngine,2026-02-24 03:55:58,BATCH-20260224-01
SKU-486114,USV,100.82,ZAR,Promo,2024-05-13 09:45:36,2024-05-20 09:45:36,PricingEngine,2026-02-24 03:55:58,BATCH-20260224-01
SKU-486114,C60,106.87,ZAR,Regular,2025-02-18 00:26:52,2025-03-18 00:26:52,PricingEngine,2026-02-24 03:55:58,BATCH-20260224-01
SKU-582177,C60,86.34,ZAR,Promo,2024-10-04 18:39:18,2024-10-11 18:39:18,PricingEngine,2026-02-24 03:55:58,BATCH-20260224-01
SKU-582177,SHOP,91.52,ZAR,Promo,2025-04-08 03:07:48,2025-04-15 03:07:48,PricingEngine,2026-02-24 03:55:58,BATCH-20260224-01
SKU-804398,USV,37.67,ZAR,Regular,2024-10-13 23:12:05,2024-11-13 23:12:05,PricingEngine,2026-02-24 03:55:58,BATCH-20260224-01
SKU-804398,USV,39.93,ZAR,Promo,2025-01-16 17:58:07,2025-01-23 17:58:07,PricingEngine,2026-02-24 03:55:58,BATCH-20260224-01
SKU-313059,SHOP,18.57,ZAR,Promo,2024-01-07 10:52:08,2024-01-14 10:52:08,PricingEngine,2026-02-24 03:55:58,BATCH-20260224-01
SKU-313059,SHOP,19.68,ZAR,Regular,2025-03-12 11:17:18,2025-04-12 11:17:18,PricingEngine,2026-02-24 03:55:58,BATCH-20260224-01
SKU-185873,SHOP,16.96,ZAR,Regular,2024-03-18 23:30:48,2024-04-18 23:30:48,PricingEngine,2026-02-24 03:55:58,BATCH-20260224-01
SKU-185873,USV,17.98,ZAR,Promo,2025-09-05 14:58:45,2025-09-12 14:58:45,PricingEngine,2026-02-24 03:55:58,BATCH-20260224-01
SKU-883798,CHK,14.49,ZAR,Promo,2024-04-09 17:45:55,2024-04-16 17:45:55,PricingEngine,2026-02-24 03:55:58,BATCH-20260224-01
SKU-883798,USV,15.36,ZAR,Promo,2025-06-16 01:43:36,2025-06-23 01:43:36,PricingEngine,2026-02-24 03:55:58,BATCH-20260224-01
SKU-126847,SHOP,24.48,ZAR,Promo,2024-08-08 20:45:56,2024-08-15 20:45:56,PricingEngine,2026-02-24 03:55:58,BATCH-20260224-01
SKU-126847,CHK,25.95,ZAR,Promo,2025-09-22 08:57:55,2025-09-29 08:57:55,PricingEngine,2026-02-24 03:55:58,BATCH-20260224-01
SKU-168480,USV,31.28,ZAR,Promo,2024-02-15 08:15:16,2024-02-22 08:15:16,PricingEngine,2026-02-24 03:55:58,BATCH-20260224-01
SKU-168480,USV,33.16,ZAR,Promo,2025-02-23 11:28:18,2025-03-02 11:28:18,PricingEngine,2026-02-24 03:55:58,BATCH-20260224-01
SKU-140085,CHK,16.8,ZAR,Promo,2024-05-21 19:19:30,2024-05-28 19:19:30,PricingEngine,2026-02-24 03:55:58,BATCH-20260224-01
SKU-140085,SHOP,17.81,ZAR,Regular,2025-02-12 22:05:54,2025-03-12 22:05:54,PricingEngine,2026-02-24 03:55:58,BATCH-20260224-01
SKU-373786,SHOP,15.86,ZAR,Promo,2024-11-01 07:24:50,2024-11-08 07:24:50,PricingEngine,2026-02-24 03:55:58,BATCH-20260224-01
SKU-373786,C60,16.81,ZAR,Regular,2025-01-10 10:47:33,2025-02-10 10:47:33,PricingEngine,2026-02-24 03:55:58,BATCH-20260224-01
SKU-669018,C60,31.51,ZAR,Promo,2024-11-19 01:06:02,2024-11-26 01:06:02,PricingEngine,2026-02-24 03:55:58,BATCH-20260224-01
SKU-669018,USV,33.4,ZAR,Regular,2025-01-10 02:27:08,2025-02-10 02:27:08,PricingEngine,2026-02-24 03:55:58,BATCH-20260224-01
SKU-933224,SHOP,32.13,ZAR,Promo,2024-06-18 14:34:11,2024-06-25 14:34:11,PricingEngine,2026-02-24 03:55:58,BATCH-20260224-01
SKU-933224,C60,34.06,ZAR,Promo,2025-03-07 17:33:01,2025-03-14 17:33:01,PricingEngine,2026-02-24 03:55:58,BATCH-20260224-01
SKU-591528,USV,35.65,ZAR,Regular,2024-06-19 15:48:18,2024-07-19 15:48:18,PricingEngine,2026-02-24 03:55:58,BATCH-20260224-01
SKU-591528,CHK,37.79,ZAR,Regular,2025-08-19 18:54:29,2025-09-19 18:54:29,PricingEngine,2026-02-24 03:55:58,BATCH-20260224-01
SKU-844526,C60,35.56,ZAR,Regular,2024-05-17 11:50:47,2024-06-17 11:50:47,PricingEngine,2026-02-24 03:55:58,BATCH-20260224-01
SKU-844526,C60,37.69,ZAR,Regular,2025-02-25 03:06:33,2025-03-25 03:06:33,PricingEngine,2026-02-24 03:55:58,BATCH-20260224-01
SKU-252062,CHK,80.38,ZAR,Regular,2024-06-24 19:31:06,2024-07-24 19:31:06,PricingEngine,2026-02-24 03:55:58,BATCH-20260224-01
SKU-252062,C60,85.2,ZAR,Promo,2025-04-23 19:00:52,2025-04-30 19:00:52,PricingEngine,2026-02-24 03:55:58,BATCH-20260224-01
SKU-652115,SHOP,37.56,ZAR,Promo,2024-02-23 21:14:47,2024-03-01 21:14:47,PricingEngine,2026-02-24 03:55:58,BATCH-20260224-01
SKU-652115,C60,39.81,ZAR,Regular,2025-08-02 07:15:15,2025-09-02 07:15:15,PricingEngine,2026-02-24 03:55:58,BATCH-20260224-01
SKU-143607,SHOP,81.28,ZAR,Promo,2024-03-02 02:21:03,2024-03-09 02:21:03,PricingEngine,2026-02-24 03:55:58,BATCH-20260224-01
SKU-143607,CHK,86.16,ZAR,Regular,2025-07-15 12:24:13,2025-08-15 12:24:13,PricingEngine,2026-02-24 03:55:58,BATCH-20260224-01
SKU-492286,SHOP,15.0,ZAR,Promo,2024-08-23 20:28:10,2024-08-30 20:28:10,PricingEngine,2026-02-24 03:55:58,BATCH-20260224-01
SKU-492286,C60,15.9,ZAR,Regular,2025-11-16 13:39:02,2025-12-16 13:39:02,PricingEngine,2026-02-24 03:55:58,BATCH-20260224-01
SKU-357249,USV,36.11,ZAR,Regular,2024-08-10 16:56:31,2024-09-10 16:56:31,PricingEngine,2026-02-24 03:55:58,BATCH-20260224-01
SKU-357249,USV,38.28,ZAR,Regular,2025-11-20 03:29:22,2025-12-20 03:29:22,PricingEngine,2026-02-24 03:55:58,BATCH-20260224-01
SKU-358005,CHK,24.35,ZAR,Promo,2024-11-08 15:38:09,2024-11-15 15:38:09,PricingEngine,2026-02-24 03:55:58,BATCH-20260224-01
SKU-358005,USV,25.81,ZAR,Regular,2025-09-05 20:51:02,2025-10-05 20:51:02,PricingEngine,2026-02-24 03:55:58,BATCH-20260224-01
SKU-961563,C60,25.35,ZAR,Regular,2024-02-28 06:06:33,2024-03-28 06:06:33,PricingEngine,2026-02-24 03:55:58,BATCH-20260224-01
SKU-961563,SHOP,26.87,ZAR,Regular,2025-10-11 03:57:13,2025-11-11 03:57:13,PricingEngine,2026-02-24 03:55:58,BATCH-20260224-01
SKU-390145,CHK,24.14,ZAR,Regular,2024-11-06 13:46:01,2024-12-06 13:46:01,PricingEngine,2026-02-24 03:55:58,BATCH-20260224-01
SKU-390145,SHOP,25.59,ZAR,Promo,2025-12-28 15:55:45,2026-01-04 15:55:45,PricingEngine,2026-02-24 03:55:58,BATCH-20260224-01
SKU-206725,SHOP,91.15,ZAR,Promo,2024-05-06 11:16:11,2024-05-13 11:16:11,PricingEngine,2026-02-24 03:55:58,BATCH-20260224-01
SKU-206725,SHOP,96.62,ZAR,Regular,2025-01-06 00:11:10,2025-02-06 00:11:10,PricingEngine,2026-02-24 03:55:58,BATCH-20260224-01
SKU-741450,USV,18.79,ZAR,Promo,2024-05-16 01:07:44,2024-05-23 01:07:44,PricingEngine,2026-02-24 03:55:58,BATCH-20260224-01
SKU-741450,SHOP,19.92,ZAR,Promo,2025-12-27 03:02:10,2026-01-03 03:02:10,PricingEngine,2026-02-24 03:55:58,BATCH-20260224-01
SKU-356224,USV,94.22,ZAR,Regular,2024-02-28 03:09:58,2024-03-28 03:09:58,PricingEngine,2026-02-24 03:55:58,BATCH-20260224-01
SKU-356224,C60,99.87,ZAR,Regular,2025-09-27 19:49:24,2025-10-27 19:49:24,PricingEngine,2026-02-24 03:55:58,BATCH-20260224-01
SKU-748217,SHOP,22.65,ZAR,Regular,2024-01-04 08:10:01,2024-02-04 08:10:01,PricingEngine,2026-02-24 03:55:58,BATCH-20260224-01
SKU-748217,USV,24.01,ZAR,Promo,2025-04-28 08:52:29,2025-05-05 08:52:29,PricingEngine,2026-02-24 03:55:58,BATCH-20260224-01
SKU-229109,C60,16.8,ZAR,Regular,2024-09-02 16:20:34,2024-10-02 16:20:34,PricingEngine,2026-02-24 03:55:58,BATCH-20260224-01
SKU-229109,C60,17.81,ZAR,Regular,2025-08-01 12:15:26,2025-09-01 12:15:26,PricingEngine,2026-02-24 03:55:58,BATCH-20260224-01
SKU-536101,CHK,22.14,ZAR,Regular,2024-08-08 06:21:26,2024-09-08 06:21:26,PricingEngine,2026-02-24 03:55:58,BATCH-20260224-01
SKU-536101,C60,23.47,ZAR,Promo,2025-04-08 11:49:29,2025-04-15 11:49:29,PricingEngine,2026-02-24 03:55:58,BATCH-20260224-01
SKU-125633,USV,33.97,ZAR,Regular,2024-12-06 01:18:06,2025-01-06 01:18:06,PricingEngine,2026-02-24 03:55:58,BATCH-20260224-01
SKU-125633,SHOP,36.01,ZAR,Regular,2025-01-13 00:04:16,2025-02-13 00:04:16,PricingEngine,2026-02-24 03:55:58,BATCH-20260224-01
SKU-443476,SHOP,16.3,ZAR,Promo,2024-07-01 03:10:04,2024-07-08 03:10:04,PricingEngine,2026-02-24 03:55:58,BATCH-20260224-01
SKU-443476,C60,17.28,ZAR,Regular,2025-11-12 05:45:14,2025-12-12 05:45:14,PricingEngine,2026-02-24 03:55:58,BATCH-20260224-01
SKU-296439,USV,32.03,ZAR,Regular,2024-01-26 22:53:56,2024-02-26 22:53:56,PricingEngine,2026-02-24 03:55:58,BATCH-20260224-01
SKU-296439,SHOP,33.95,ZAR,Regular,2025-03-19 10:49:15,2025-04-19 10:49:15,PricingEngine,2026-02-24 03:55:58,BATCH-20260224-01
SKU-564400,CHK,85.38,ZAR,Promo,2024-10-09 00:43:51,2024-10-16 00:43:51,PricingEngine,2026-02-24 03:55:58,BATCH-20260224-01
SKU-564400,USV,90.5,ZAR,Regular,2025-09-16 00:02:05,2025-10-16 00:02:05,PricingEngine,2026-02-24 03:55:58,BATCH-20260224-01
SKU-523467,C60,34.77,ZAR,Regular,2024-04-04 00:43:54,2024-05-04 00:43:54,PricingEngine,2026-02-24 03:55:58,BATCH-20260224-01
SKU-523467,USV,36.86,ZAR,Promo,2025-04-17 23:30:33,2025-04-24 23:30:33,PricingEngine,2026-02-24 03:55:58,BATCH-20260224-01
SKU-372091,CHK,85.83,ZAR,Regular,2024-06-10 23:08:23,2024-07-10 23:08:23,PricingEngine,2026-02-24 03:55:58,BATCH-20260224-01
SKU-372091,SHOP,90.98,ZAR,Regular,2025-03-12 08:01:41,2025-04-12 08:01:41,PricingEngine,2026-02-24 03:55:58,BATCH-20260224-01
SKU-681770,USV,19.8,ZAR,Regular,2024-02-11 06:48:25,2024-03-11 06:48:25,PricingEngine,2026-02-24 03:55:58,BATCH-20260224-01
SKU-681770,SHOP,20.99,ZAR,Promo,2025-04-06 12:16:35,2025-04-13 12:16:35,PricingEngine,2026-02-24 03:55:58,BATCH-20260224-01
SKU-790633,SHOP,15.7,ZAR,Promo,2024-02-07 18:49:30,2024-02-14 18:49:30,PricingEngine,2026-02-24 03:55:58,BATCH-20260224-01
SKU-790633,SHOP,16.64,ZAR,Regular,2025-07-11 20:15:43,2025-08-11 20:15:43,PricingEngine,2026-02-24 03:55:58,BATCH-20260224-01
SKU-882447,CHK,18.33,ZAR,Promo,2024-05-21 17:16:27,2024-05-28 17:16:27,PricingEngine,2026-02-24 03:55:58,BATCH-20260224-01
SKU-882447,C60,19.43,ZAR,Regular,2025-05-12 02:19:28,2025-06-12 02:19:28,PricingEngine,2026-02-24 03:55:58,BATCH-20260224-01
SKU-782434,CHK,18.3,ZAR,Regular,2024-08-05 07:14:10,2024-09-05 07:14:10,PricingEngine,2026-02-24 03:55:58,BATCH-20260224-01
SKU-782434,C60,19.4,ZAR,Regular,2025-06-03 07:13:09,2025-07-03 07:13:09,PricingEngine,2026-02-24 03:55:58,BATCH-20260224-01
SKU-370431,SHOP,34.55,ZAR,Promo,2024-04-14 01:40:35,2024-04-21 01:40:35,PricingEngine,2026-02-24 03:55:58,BATCH-20260224-01
SKU-370431,C60,36.62,ZAR,Promo,2025-01-08 03:40:27,2025-01-15 03:40:27,PricingEngine,2026-02-24 03:55:58,BATCH-20260224-01
SKU-843377,USV,14.71,ZAR,Regular,2024-04-10 23:27:17,2024-05-10 23:27:17,PricingEngine,2026-02-24 03:55:58,BATCH-20260224-01
SKU-843377,C60,15.59,ZAR,Regular,2025-06-06 23:39:04,2025-07-06 23:39:04,PricingEngine,2026-02-24 03:55:58,BATCH-20260224-01
SKU-223994,SHOP,21.67,ZAR,Promo,2024-01-03 01:17:13,2024-01-10 01:17:13,PricingEngine,2026-02-24 03:55:58,BATCH-20260224-01
SKU-223994,C60,22.97,ZAR,Regular,2025-03-21 05:05:54,2025-04-21 05:05:54,PricingEngine,2026-02-24 03:55:58,BATCH-20260224-01
SKU-122833,USV,27.32,ZAR,Regular,2024-09-03 05:12:29,2024-10-03 05:12:29,PricingEngine,2026-02-24 03:55:58,BATCH-20260224-01
SKU-122833,C60,28.96,ZAR,Regular,2025-12-04 03:12:48,2026-01-04 03:12:48,PricingEngine,2026-02-24 03:55:58,BATCH-20260224-01
SKU-570961,SHOP,30.66,ZAR,Promo,2024-03-08 12:03:48,2024-03-15 12:03:48,PricingEngine,2026-02-24 03:55:58,BATCH-20260224-01
SKU-570961,C60,32.5,ZAR,Regular,2025-10-09 15:23:16,2025-11-09 15:23:16,PricingEngine,2026-02-24 03:55:58,BATCH-20260224-01
SKU-510478,USV,26.53,ZAR,Regular,2024-01-25 06:33:53,2024-02-25 06:33:53,PricingEngine,2026-02-24 03:55:58,BATCH-20260224-01
SKU-510478,SHOP,28.12,ZAR,Regular,2025-06-14 17:21:34,2025-07-14 17:21:34,PricingEngine,2026-02-24 03:55:58,BATCH-20260224-01
SKU-351229,USV,36.99,ZAR,Promo,2024-12-04 12:47:21,2024-12-11 12:47:21,PricingEngine,2026-02-24 03:55:58,BATCH-20260224-01
SKU-351229,C60,39.21,ZAR,Promo,2025-03-09 16:26:17,2025-03-16 16:26:17,PricingEngine,2026-02-24 03:55:58,BATCH-20260224-01
SKU-413375,SHOP,30.25,ZAR,Regular,2024-04-20 23:44:27,2024-05-20 23:44:27,PricingEngine,2026-02-24 03:55:58,BATCH-20260224-01
SKU-413375,SHOP,32.07,ZAR,Regular,2025-06-23 01:29:43,2025-07-23 01:29:43,PricingEngine,2026-02-24 03:55:58,BATCH-20260224-01
SKU-154443,SHOP,27.29,ZAR,Promo,2024-06-07 08:11:41,2024-06-14 08:11:41,PricingEngine,2026-02-24 03:55:58,BATCH-20260224-01
SKU-154443,C60,28.93,ZAR,Regular,2025-07-06 10:36:42,2025-08-06 10:36:42,PricingEngine,2026-02-24 03:55:58,BATCH-20260224-01
SKU-621943,SHOP,91.32,ZAR,Regular,2024-10-09 05:49:13,2024-11-09 05:49:13,PricingEngine,2026-02-24 03:55:58,BATCH-20260224-01
SKU-621943,C60,96.8,ZAR,Regular,2025-11-02 05:58:59,2025-12-02 05:58:59,PricingEngine,2026-02-24 03:55:58,BATCH-20260224-01
SKU-472822,C60,116.19,ZAR,Regular,2024-02-06 00:20:04,2024-03-06 00:20:04,PricingEngine,2026-02-24 03:55:58,BATCH-20260224-01
SKU-472822,C60,123.16,ZAR,Promo,2025-04-28 03:47:17,2025-05-05 03:47:17,PricingEngine,2026-02-24 03:55:58,BATCH-20260224-01
SKU-794400,C60,23.72,ZAR,Regular,2024-08-08 05:44:05,2024-09-08 05:44:05,PricingEngine,2026-02-24 03:55:58,BATCH-20260224-01
SKU-794400,SHOP,25.14,ZAR,Regular,2025-03-01 09:22:08,2025-04-01 09:22:08,PricingEngine,2026-02-24 03:55:58,BATCH-20260224-01
SKU-423878,USV,83.74,ZAR,Regular,2024-01-14 08:31:24,2024-02-14 08:31:24,PricingEngine,2026-02-24 03:55:58,BATCH-20260224-01
SKU-423878,SHOP,88.77,ZAR,Regular,2025-03-14 23:10:01,2025-04-14 23:10:01,PricingEngine,2026-02-24 03:55:58,BATCH-20260224-01
SKU-543365,SHOP,30.8,ZAR,Regular,2024-02-01 19:06:21,2024-03-01 19:06:21,PricingEngine,2026-02-24 03:55:58,BATCH-20260224-01
SKU-543365,CHK,32.65,ZAR,Regular,2025-09-08 03:09:16,2025-10-08 03:09:16,PricingEngine,2026-02-24 03:55:58,BATCH-20260224-01
SKU-288815,C60,100.96,ZAR,Regular,2024-02-24 19:50:26,2024-03-24 19:50:26,PricingEngine,2026-02-24 03:55:58,BATCH-20260224-01
SKU-288815,USV,107.02,ZAR,Promo,2025-01-12 10:20:34,2025-01-19 10:20:34,PricingEngine,2026-02-24 03:55:58,BATCH-20260224-01
SKU-665727,CHK,37.09,ZAR,Regular,2024-05-10 08:14:41,2024-06-10 08:14:41,PricingEngine,2026-02-24 03:55:58,BATCH-20260224-01
SKU-665727,C60,39.32,ZAR,Promo,2025-05-10 23:31:11,2025-05-17 23:31:11,PricingEngine,2026-02-24 03:55:58,BATCH-20260224-01
SKU-479539,USV,21.29,ZAR,Promo,2024-02-02 22:21:03,2024-02-09 22:21:03,PricingEngine,2026-02-24 03:55:58,BATCH-20260224-01
SKU-479539,CHK,22.57,ZAR,Regular,2025-07-07 12:38:37,2025-08-07 12:38:37,PricingEngine,2026-02-24 03:55:58,BATCH-20260224-01
SKU-671093,C60,14.43,ZAR,Promo,2024-12-03 14:05:29,2024-12-10 14:05:29,PricingEngine,2026-02-24 03:55:58,BATCH-20260224-01
SKU-671093,SHOP,15.3,ZAR,Regular,2025-07-13 01:02:33,2025-08-13 01:02:33,PricingEngine,2026-02-24 03:55:58,BATCH-20260224-01
SKU-490567,CHK,31.0,ZAR,Promo,2024-06-09 08:33:04,2024-06-16 08:33:04,PricingEngine,2026-02-24 03:55:58,BATCH-20260224-01
SKU-490567,USV,32.86,ZAR,Promo,2025-10-04 06:35:45,2025-10-11 06:35:45,PricingEngine,2026-02-24 03:55:58,BATCH-20260224-01
SKU-356699,USV,85.41,ZAR,Promo,2024-05-03 09:09:41,2024-05-10 09:09:41,PricingEngine,2026-02-24 03:55:58,BATCH-20260224-01
SKU-356699,CHK,90.54,ZAR,Regular,2025-03-16 15:31:38,2025-04-16 15:31:38,PricingEngine,2026-02-24 03:55:58,BATCH-20260224-01
SKU-974989,SHOP,14.66,ZAR,Regular,2024-03-03 22:41:09,2024-04-03 22:41:09,PricingEngine,2026-02-24 03:55:58,BATCH-20260224-01
SKU-974989,USV,15.54,ZAR,Promo,2025-11-27 09:57:08,2025-12-04 09:57:08,PricingEngine,2026-02-24 03:55:58,BATCH-20260224-01
SKU-952862,CHK,21.33,ZAR,Promo,2024-11-26 23:51:31,2024-12-03 23:51:31,PricingEngine,2026-02-24 03:55:58,BATCH-20260224-01
SKU-952862,SHOP,22.61,ZAR,Regular,2025-07-10 07:07:53,2025-08-10 07:07:53,PricingEngine,2026-02-24 03:55:58,BATCH-20260224-01
SKU-163652,USV,34.96,ZAR,Promo,2024-07-07 03:51:03,2024-07-14 03:51:03,PricingEngine,2026-02-24 03:55:58,BATCH-20260224-01
SKU-163652,USV,37.06,ZAR,Promo,2025-12-13 18:17:17,2025-12-20 18:17:17,PricingEngine,2026-02-24 03:55:58,BATCH-20260224-01
SKU-170857,SHOP,16.75,ZAR,Promo,2024-10-08 16:21:46,2024-10-15 16:21:46,PricingEngine,2026-02-24 03:55:58,BATCH-20260224-01
SKU-170857,C60,17.76,ZAR,Promo,2025-10-26 23:55:33,2025-11-02 23:55:33,PricingEngine,2026-02-24 03:55:58,BATCH-20260224-01
SKU-576540,CHK,26.92,ZAR,Promo,2024-07-16 16:34:50,2024-07-23 16:34:50,PricingEngine,2026-02-24 03:55:58,BATCH-20260224-01
SKU-576540,C60,28.54,ZAR,Regular,2025-03-26 10:20:09,2025-04-26 10:20:09,PricingEngine,2026-02-24 03:55:58,BATCH-20260224-01
SKU-382149,C60,37.28,ZAR,Regular,2024-07-16 11:13:21,2024-08-16 11:13:21,PricingEngine,2026-02-24 03:55:58,BATCH-20260224-01
SKU-382149,CHK,39.52,ZAR,Regular,2025-02-05 16:14:47,2025-03-05 16:14:47,PricingEngine,2026-02-24 03:55:58,BATCH-20260224-01
SKU-584217,USV,19.43,ZAR,Regular,2024-07-17 22:46:58,2024-08-17 22:46:58,PricingEngine,2026-02-24 03:55:58,BATCH-20260224-01
SKU-584217,C60,20.6,ZAR,Regular,2025-06-24 22:11:38,2025-07-24 22:11:38,PricingEngine,2026-02-24 03:55:58,BATCH-20260224-01
SKU-696978,CHK,50.19,ZAR,Promo,2024-08-20 09:02:48,2024-08-27 09:02:48,PricingEngine,2026-02-24 03:55:58,BATCH-20260224-01
SKU-696978,C60,53.2,ZAR,Promo,2025-06-05 23:29:08,2025-06-12 23:29:08,PricingEngine,2026-02-24 03:55:58,BATCH-20260224-01
SKU-189256,CHK,90.49,ZAR,Promo,2024-03-24 19:21:14,2024-03-31 19:21:14,PricingEngine,2026-02-24 03:55:58,BATCH-20260224-01
SKU-189256,SHOP,95.92,ZAR,Regular,2025-07-11 02:15:41,2025-08-11 02:15:41,PricingEngine,2026-02-24 03:55:58,BATCH-20260224-01
SKU-841055,USV,20.11,ZAR,Promo,2024-02-17 13:00:51,2024-02-24 13:00:51,PricingEngine,2026-02-24 03:55:58,BATCH-20260224-01
SKU-841055,SHOP,21.32,ZAR,Regular,2025-03-16 12:05:39,2025-04-16 12:05:39,PricingEngine,2026-02-24 03:55:58,BATCH-20260224-01
SKU-295911,C60,28.36,ZAR,Promo,2024-09-24 19:07:44,2024-10-01 19:07:44,PricingEngine,2026-02-24 03:55:58,BATCH-20260224-01
SKU-295911,SHOP,30.06,ZAR,Regular,2025-05-05 04:05:30,2025-06-05 04:05:30,PricingEngine,2026-02-24 03:55:58,BATCH-20260224-01
SKU-406519,USV,47.56,ZAR,Promo,2024-11-27 13:08:48,2024-12-04 13:08:48,PricingEngine,2026-02-24 03:55:58,BATCH-20260224-01
SKU-406519,C60,50.41,ZAR,Promo,2025-04-17 15:01:07,2025-04-24 15:01:07,PricingEngine,2026-02-24 03:55:58,BATCH-20260224-01
SKU-727092,SHOP,19.01,ZAR,Promo,2024-10-17 20:22:14,2024-10-24 20:22:14,PricingEngine,2026-02-24 03:55:58,BATCH-20260224-01
SKU-727092,C60,20.15,ZAR,Regular,2025-04-06 06:05:18,2025-05-06 06:05:18,PricingEngine,2026-02-24 03:55:58,BATCH-20260224-01
SKU-970715,SHOP,16.53,ZAR,Promo,2024-10-04 16:04:50,2024-10-11 16:04:50,PricingEngine,2026-02-24 03:55:58,BATCH-20260224-01
SKU-970715,C60,17.52,ZAR,Promo,2025-05-28 02:40:50,2025-06-04 02:40:50,PricingEngine,2026-02-24 03:55:58,BATCH-20260224-01
SKU-825966,C60,21.13,ZAR,Promo,2024-03-14 08:13:20,2024-03-21 08:13:20,PricingEngine,2026-02-24 03:55:58,BATCH-20260224-01
SKU-825966,C60,22.4,ZAR,Promo,2025-07-20 08:06:09,2025-07-27 08:06:09,PricingEngine,2026-02-24 03:55:58,BATCH-20260224-01
SKU-434387,C60,44.4,ZAR,Promo,2024-04-10 19:32:50,2024-04-17 19:32:50,PricingEngine,2026-02-24 03:55:58,BATCH-20260224-01
SKU-434387,CHK,47.06,ZAR,Promo,2025-05-17 18:10:30,2025-05-24 18:10:30,PricingEngine,2026-02-24 03:55:58,BATCH-20260224-01
SKU-830763,CHK,80.36,ZAR,Regular,2024-01-10 12:53:07,2024-02-10 12:53:07,PricingEngine,2026-02-24 03:55:58,BATCH-20260224-01
SKU-830763,CHK,85.18,ZAR,Regular,2025-12-05 12:29:57,2026-01-05 12:29:57,PricingEngine,2026-02-24 03:55:58,BATCH-20260224-01
SKU-570554,USV,38.89,ZAR,Promo,2024-05-25 22:39:34,2024-06-01 22:39:34,PricingEngine,2026-02-24 03:55:58,BATCH-20260224-01
SKU-570554,USV,41.22,ZAR,Promo,2025-06-16 00:40:48,2025-06-23 00:40:48,PricingEngine,2026-02-24 03:55:58,BATCH-20260224-01
SKU-339082,CHK,84.99,ZAR,Regular,2024-07-20 19:10:55,2024-08-20 19:10:55,PricingEngine,2026-02-24 03:55:58,BATCH-20260224-01
SKU-339082,SHOP,90.09,ZAR,Promo,2025-09-17 17:28:41,2025-09-24 17:28:41,PricingEngine,2026-02-24 03:55:58,BATCH-20260224-01
SKU-347528,SHOP,30.8,ZAR,Promo,2024-08-19 07:59:43,2024-08-26 07:59:43,PricingEngine,2026-02-24 03:55:58,BATCH-20260224-01
SKU-347528,USV,32.65,ZAR,Regular,2025-02-25 17:07:24,2025-03-25 17:07:24,PricingEngine,2026-02-24 03:55:58,BATCH-20260224-01
SKU-623925,SHOP,51.28,ZAR,Regular,2024-07-15 13:16:49,2024-08-15 13:16:49,PricingEngine,2026-02-24 03:55:58,BATCH-20260224-01
SKU-623925,CHK,54.36,ZAR,Promo,2025-12-05 01:19:30,2025-12-12 01:19:30,PricingEngine,2026-02-24 03:55:58,BATCH-20260224-01
SKU-527411,C60,15.86,ZAR,Regular,2024-05-16 05:01:43,2024-06-16 05:01:43,PricingEngine,2026-02-24 03:55:58,BATCH-20260224-01
SKU-527411,USV,16.81,ZAR,Promo,2025-02-06 22:40:16,2025-02-13 22:40:16,PricingEngine,2026-02-24 03:55:58,BATCH-20260224-01
SKU-838302,C60,19.89,ZAR,Regular,2024-10-22 09:16:29,2024-11-22 09:16:29,PricingEngine,2026-02-24 03:55:58,BATCH-20260224-01
SKU-838302,CHK,21.08,ZAR,Promo,2025-04-08 01:33:59,2025-04-15 01:33:59,PricingEngine,2026-02-24 03:55:58,BATCH-20260224-01
SKU-640132,SHOP,18.27,ZAR,Promo,2024-12-04 15:53:28,2024-12-11 15:53:28,PricingEngine,2026-02-24 03:55:58,BATCH-20260224-01
SKU-640132,SHOP,19.37,ZAR,Promo,2025-03-25 05:51:09,2025-04-01 05:51:09,PricingEngine,2026-02-24 03:55:58,BATCH-20260224-01
SKU-117858,USV,16.08,ZAR,Promo,2024-12-15 17:12:27,2024-12-22 17:12:27,PricingEngine,2026-02-24 03:55:58,BATCH-20260224-01
SKU-117858,SHOP,17.05,ZAR,Promo,2025-06-04 18:31:25,2025-06-11 18:31:25,PricingEngine,2026-02-24 03:55:58,BATCH-20260224-01
SKU-501673,CHK,21.73,ZAR,Regular,2024-07-23 20:59:59,2024-08-23 20:59:59,PricingEngine,2026-02-24 03:55:58,BATCH-20260224-01
SKU-501673,SHOP,23.03,ZAR,Regular,2025-10-27 07:04:17,2025-11-27 07:04:17,PricingEngine,2026-02-24 03:55:58,BATCH-20260224-01
SKU-297493,C60,25.72,ZAR,Promo,2024-11-14 19:35:35,2024-11-21 19:35:35,PricingEngine,2026-02-24 03:55:58,BATCH-20260224-01
SKU-297493,SHOP,27.26,ZAR,Regular,2025-05-20 13:02:10,2025-06-20 13:02:10,PricingEngine,2026-02-24 03:55:58,BATCH-20260224-01
SKU-815333,USV,32.13,ZAR,Promo,2024-10-22 07:14:28,2024-10-29 07:14:28,PricingEngine,2026-02-24 03:55:58,BATCH-20260224-01
SKU-815333,SHOP,34.06,ZAR,Regular,2025-04-09 05:41:51,2025-05-09 05:41:51,PricingEngine,2026-02-24 03:55:58,BATCH-20260224-01
SKU-896301,SHOP,19.44,ZAR,Promo,2024-10-21 20:31:08,2024-10-28 20:31:08,PricingEngine,2026-02-24 03:55:58,BATCH-20260224-01
SKU-896301,SHOP,20.61,ZAR,Regular,2025-10-12 06:02:48,2025-11-12 06:02:48,PricingEngine,2026-02-24 03:55:58,BATCH-20260224-01
SKU-131437,C60,17.05,ZAR,Regular,2024-04-05 23:05:48,2024-05-05 23:05:48,PricingEngine,2026-02-24 03:55:58,BATCH-20260224-01
SKU-131437,SHOP,18.07,ZAR,Promo,2025-06-25 22:00:23,2025-07-02 22:00:23,PricingEngine,2026-02-24 03:55:58,BATCH-20260224-01
SKU-559270,CHK,34.68,ZAR,Promo,2024-08-15 00:27:01,2024-08-22 00:27:01,PricingEngine,2026-02-24 03:55:58,BATCH-20260224-01
SKU-559270,CHK,36.76,ZAR,Promo,2025-08-06 06:51:39,2025-08-13 06:51:39,PricingEngine,2026-02-24 03:55:58,BATCH-20260224-01
SKU-312128,CHK,74.67,ZAR,Promo,2024-11-07 17:57:46,2024-11-14 17:57:46,PricingEngine,2026-02-24 03:55:58,BATCH-20260224-01
SKU-312128,USV,79.15,ZAR,Regular,2025-09-20 16:04:19,2025-10-20 16:04:19,PricingEngine,2026-02-24 03:55:58,BATCH-20260224-01
SKU-332672,SHOP,21.79,ZAR,Regular,2024-08-12 04:06:29,2024-09-12 04:06:29,PricingEngine,2026-02-24 03:55:58,BATCH-20260224-01
SKU-332672,SHOP,23.1,ZAR,Regular,2025-07-15 22:23:08,2025-08-15 22:23:08,PricingEngine,2026-02-24 03:55:58,BATCH-20260224-01
SKU-973886,SHOP,47.96,ZAR,Regular,2024-05-26 04:18:38,2024-06-26 04:18:38,PricingEngine,2026-02-24 03:55:58,BATCH-20260224-01
SKU-973886,CHK,50.84,ZAR,Promo,2025-11-10 14:09:01,2025-11-17 14:09:01,PricingEngine,2026-02-24 03:55:58,BATCH-20260224-01
SKU-896596,SHOP,23.15,ZAR,Regular,2024-09-04 22:31:53,2024-10-04 22:31:53,PricingEngine,2026-02-24 03:55:58,BATCH-20260224-01
SKU-896596,C60,24.54,ZAR,Regular,2025-12-21 06:53:58,2026-01-21 06:53:58,PricingEngine,2026-02-24 03:55:58,BATCH-20260224-01
SKU-430434,CHK,19.82,ZAR,Promo,2024-05-20 03:31:38,2024-05-27 03:31:38,PricingEngine,2026-02-24 03:55:58,BATCH-20260224-01
SKU-430434,CHK,21.01,ZAR,Promo,2025-04-21 23:54:16,2025-04-28 23:54:16,PricingEngine,2026-02-24 03:55:58,BATCH-20260224-01
SKU-148736,C60,29.5,ZAR,Promo,2024-08-12 01:59:09,2024-08-19 01:59:09,PricingEngine,2026-02-24 03:55:58,BATCH-20260224-01
SKU-148736,C60,31.27,ZAR,Regular,2025-11-11 22:04:33,2025-12-11 22:04:33,PricingEngine,2026-02-24 03:55:58,BATCH-20260224-01
SKU-691332,USV,22.08,ZAR,Regular,2024-08-19 07:07:57,2024-09-19 07:07:57,PricingEngine,2026-02-24 03:55:58,BATCH-20260224-01
SKU-691332,USV,23.41,ZAR,Promo,2025-05-21 20:27:26,2025-05-28 20:27:26,PricingEngine,2026-02-24 03:55:58,BATCH-20260224-01
SKU-644708,SHOP,34.91,ZAR,Promo,2024-07-27 00:45:19,2024-08-03 00:45:19,PricingEngine,2026-02-24 03:55:58,BATCH-20260224-01
SKU-644708,CHK,37.01,ZAR,Promo,2025-10-14 10:59:56,2025-10-21 10:59:56,PricingEngine,2026-02-24 03:55:58,BATCH-20260224-01
SKU-852199,C60,20.38,ZAR,Regular,2024-12-27 10:45:43,2025-01-27 10:45:43,PricingEngine,2026-02-24 03:55:58,BATCH-20260224-01
SKU-852199,USV,21.6,ZAR,Promo,2025-02-07 14:07:19,2025-02-14 14:07:19,PricingEngine,2026-02-24 03:55:58,BATCH-20260224-01
SKU-164033,CHK,18.16,ZAR,Promo,2024-01-23 01:11:09,2024-01-30 01:11:09,PricingEngine,2026-02-24 03:55:58,BATCH-20260224-01
SKU-164033,C60,19.25,ZAR,Regular,2025-02-01 14:38:53,2025-03-01 14:38:53,PricingEngine,2026-02-24 03:55:58,BATCH-20260224-01
SKU-710818,USV,23.13,ZAR,Promo,2024-07-04 18:03:59,2024-07-11 18:03:59,PricingEngine,2026-02-24 03:55:58,BATCH-20260224-01
SKU-710818,SHOP,24.52,ZAR,Regular,2025-11-12 08:29:31,2025-12-12 08:29:31,PricingEngine,2026-02-24 03:55:58,BATCH-20260224-01
SKU-834475,USV,15.06,ZAR,Promo,2024-07-11 11:20:54,2024-07-18 11:20:54,PricingEngine,2026-02-24 03:55:58,BATCH-20260224-01
SKU-834475,SHOP,15.96,ZAR,Regular,2025-02-17 01:21:10,2025-03-17 01:21:10,PricingEngine,2026-02-24 03:55:58,BATCH-20260224-01
SKU-974109,C60,21.72,ZAR,Promo,2024-12-18 16:13:45,2024-12-25 16:13:45,PricingEngine,2026-02-24 03:55:58,BATCH-20260224-01
SKU-974109,SHOP,23.02,ZAR,Regular,2025-10-14 19:03:59,2025-11-14 19:03:59,PricingEngine,2026-02-24 03:55:58,BATCH-20260224-01
SKU-981685,SHOP,17.96,ZAR,Regular,2024-11-22 16:56:46,2024-12-22 16:56:46,PricingEngine,2026-02-24 03:55:58,BATCH-20260224-01
SKU-981685,USV,19.04,ZAR,Regular,2025-07-06 11:54:13,2025-08-06 11:54:13,PricingEngine,2026-02-24 03:55:58,BATCH-20260224-01
SKU-448134,CHK,24.3,ZAR,Regular,2024-03-24 21:06:43,2024-04-24 21:06:43,PricingEngine,2026-02-24 03:55:58,BATCH-20260224-01
SKU-448134,SHOP,25.76,ZAR,Promo,2025-03-27 19:34:43,2025-04-03 19:34:43,PricingEngine,2026-02-24 03:55:58,BATCH-20260224-01
SKU-398953,SHOP,14.47,ZAR,Promo,2024-10-21 03:33:08,2024-10-28 03:33:08,PricingEngine,2026-02-24 03:55:58,BATCH-20260224-01
SKU-398953,C60,15.34,ZAR,Regular,2025-04-06 15:26:29,2025-05-06 15:26:29,PricingEngine,2026-02-24 03:55:58,BATCH-20260224-01
SKU-266967,CHK,33.77,ZAR,Promo,2024-12-14 01:15:27,2024-12-21 01:15:27,PricingEngine,2026-02-24 03:55:58,BATCH-20260224-01
SKU-266967,SHOP,35.8,ZAR,Promo,2025-08-21 16:49:22,2025-08-28 16:49:22,PricingEngine,2026-02-24 03:55:58,BATCH-20260224-01
SKU-511277,USV,36.85,ZAR,Regular,2024-11-01 00:54:46,2024-12-01 00:54:46,PricingEngine,2026-02-24 03:55:58,BATCH-20260224-01
SKU-511277,USV,39.06,ZAR,Regular,2025-05-17 03:18:14,2025-06-17 03:18:14,PricingEngine,2026-02-24 03:55:58,BATCH-20260224-01
SKU-524969,CHK,35.29,ZAR,Regular,2024-03-09 22:41:59,2024-04-09 22:41:59,PricingEngine,2026-02-24 03:55:58,BATCH-20260224-01
SKU-524969,C60,37.41,ZAR,Regular,2025-11-27 12:58:04,2025-12-27 12:58:04,PricingEngine,2026-02-24 03:55:58,BATCH-20260224-01
SKU-552024,SHOP,32.01,ZAR,Promo,2024-12-28 16:26:51,2025-01-04 16:26:51,PricingEngine,2026-02-24 03:55:58,BATCH-20260224-01
SKU-552024,C60,33.93,ZAR,Regular,2025-03-14 07:38:38,2025-04-14 07:38:38,PricingEngine,2026-02-24 03:55:58,BATCH-20260224-01
SKU-321353,USV,36.45,ZAR,Promo,2024-10-13 18:41:05,2024-10-20 18:41:05,PricingEngine,2026-02-24 03:55:58,BATCH-20260224-01
SKU-321353,USV,38.64,ZAR,Regular,2025-11-20 07:36:16,2025-12-20 07:36:16,PricingEngine,2026-02-24 03:55:58,BATCH-20260224-01
SKU-993593,CHK,18.43,ZAR,Regular,2024-02-27 08:13:31,2024-03-27 08:13:31,PricingEngine,2026-02-24 03:55:58,BATCH-20260224-01
SKU-993593,USV,19.54,ZAR,Promo,2025-01-19 09:14:34,2025-01-26 09:14:34,PricingEngine,2026-02-24 03:55:58,BATCH-20260224-01
SKU-811928,CHK,34.91,ZAR,Regular,2024-06-28 13:03:57,2024-07-28 13:03:57,PricingEngine,2026-02-24 03:55:58,BATCH-20260224-01
SKU-811928,SHOP,37.01,ZAR,Regular,2025-07-04 09:58:29,2025-08-04 09:58:29,PricingEngine,2026-02-24 03:55:58,BATCH-20260224-01
SKU-587865,USV,86.09,ZAR,Promo,2024-07-18 14:16:56,2024-07-25 14:16:56,PricingEngine,2026-02-24 03:55:58,BATCH-20260224-01
SKU-587865,USV,91.26,ZAR,Regular,2025-07-08 07:29:26,2025-08-08 07:29:26,PricingEngine,2026-02-24 03:55:58,BATCH-20260224-01
SKU-777605,SHOP,34.56,ZAR,Promo,2024-01-11 09:49:46,2024-01-18 09:49:46,PricingEngine,2026-02-24 03:55:58,BATCH-20260224-01
SKU-777605,C60,36.63,ZAR,Promo,2025-03-28 19:12:35,2025-04-04 19:12:35,PricingEngine,2026-02-24 03:55:58,BATCH-20260224-01
SKU-444942,SHOP,19.01,ZAR,Regular,2024-06-21 09:22:21,2024-07-21 09:22:21,PricingEngine,2026-02-24 03:55:58,BATCH-20260224-01
SKU-444942,C60,20.15,ZAR,Promo,2025-06-23 17:37:49,2025-06-30 17:37:49,PricingEngine,2026-02-24 03:55:58,BATCH-20260224-01
SKU-137238,USV,17.85,ZAR,Regular,2024-06-19 00:05:54,2024-07-19 00:05:54,PricingEngine,2026-02-24 03:55:58,BATCH-20260224-01
SKU-137238,USV,18.92,ZAR,Regular,2025-08-07 15:39:28,2025-09-07 15:39:28,PricingEngine,2026-02-24 03:55:58,BATCH-20260224-01
SKU-133813,USV,16.57,ZAR,Promo,2024-11-03 23:48:46,2024-11-10 23:48:46,PricingEngine,2026-02-24 03:55:58,BATCH-20260224-01
SKU-133813,SHOP,17.56,ZAR,Promo,2025-08-16 13:01:08,2025-08-23 13:01:08,PricingEngine,2026-02-24 03:55:58,BATCH-20260224-01
SKU-619015,USV,15.51,ZAR,Regular,2024-07-02 18:27:04,2024-08-02 18:27:04,PricingEngine,2026-02-24 03:55:58,BATCH-20260224-01
SKU-619015,C60,16.44,ZAR,Promo,2025-09-07 16:31:23,2025-09-14 16:31:23,PricingEngine,2026-02-24 03:55:58,BATCH-20260224-01
SKU-549512,USV,34.24,ZAR,Regular,2024-04-15 15:39:19,2024-05-15 15:39:19,PricingEngine,2026-02-24 03:55:58,BATCH-20260224-01
SKU-549512,USV,36.3,ZAR,Promo,2025-09-10 13:10:25,2025-09-17 13:10:25,PricingEngine,2026-02-24 03:55:58,BATCH-20260224-01
SKU-854055,CHK,20.34,ZAR,Promo,2024-09-20 02:26:15,2024-09-27 02:26:15,PricingEngine,2026-02-24 03:55:58,BATCH-20260224-01
SKU-854055,SHOP,21.56,ZAR,Regular,2025-11-20 18:19:16,2025-12-20 18:19:16,PricingEngine,2026-02-24 03:55:58,BATCH-20260224-01
SKU-811920,CHK,15.72,ZAR,Regular,2024-01-06 02:18:46,2024-02-06 02:18:46,PricingEngine,2026-02-24 03:55:58,BATCH-20260224-01
SKU-811920,USV,16.66,ZAR,Promo,2025-10-28 23:34:06,2025-11-04 23:34:06,PricingEngine,2026-02-24 03:55:58,BATCH-20260224-01
SKU-794856,CHK,15.55,ZAR,Regular,2024-06-17 18:04:20,2024-07-17 18:04:20,PricingEngine,2026-02-24 03:55:58,BATCH-20260224-01
SKU-794856,CHK,16.48,ZAR,Regular,2025-09-11 10:02:54,2025-10-11 10:02:54,PricingEngine,2026-02-24 03:55:58,BATCH-20260224-01
SKU-127620,CHK,70.09,ZAR,Regular,2024-06-23 14:23:47,2024-07-23 14:23:47,PricingEngine,2026-02-24 03:55:58,BATCH-20260224-01
SKU-127620,USV,74.3,ZAR,Promo,2025-01-12 22:47:22,2025-01-19 22:47:22,PricingEngine,2026-02-24 03:55:58,BATCH-20260224-01
SKU-946039,C60,80.78,ZAR,Regular,2024-03-05 20:16:53,2024-04-05 20:16:53,PricingEngine,2026-02-24 03:55:58,BATCH-20260224-01
SKU-946039,USV,85.63,ZAR,Promo,2025-05-09 23:38:11,2025-05-16 23:38:11,PricingEngine,2026-02-24 03:55:58,BATCH-20260224-01
SKU-504400,CHK,14.5,ZAR,Regular,2024-11-05 09:20:52,2024-12-05 09:20:52,PricingEngine,2026-02-24 03:55:58,BATCH-20260224-01
SKU-504400,USV,15.37,ZAR,Regular,2025-01-25 18:35:13,2025-02-25 18:35:13,PricingEngine,2026-02-24 03:55:58,BATCH-20260224-01
SKU-880468,USV,19.82,ZAR,Promo,2024-09-03 21:23:45,2024-09-10 21:23:45,PricingEngine,2026-02-24 03:55:58,BATCH-20260224-01
SKU-880468,CHK,21.01,ZAR,Promo,2025-09-20 13:33:00,2025-09-27 13:33:00,PricingEngine,2026-02-24 03:55:58,BATCH-20260224-01
SKU-608438,C60,27.34,ZAR,Regular,2024-12-17 13:51:41,2025-01-17 13:51:41,PricingEngine,2026-02-24 03:55:58,BATCH-20260224-01
SKU-608438,C60,28.98,ZAR,Regular,2025-05-20 23:05:06,2025-06-20 23:05:06,PricingEngine,2026-02-24 03:55:58,BATCH-20260224-01
SKU-352804,USV,75.37,ZAR,Promo,2024-12-03 15:50:42,2024-12-10 15:50:42,PricingEngine,2026-02-24 03:55:58,BATCH-20260224-01
SKU-352804,CHK,79.89,ZAR,Regular,2025-11-04 23:48:23,2025-12-04 23:48:23,PricingEngine,2026-02-24 03:55:58,BATCH-20260224-01
SKU-265881,SHOP,53.24,ZAR,Promo,2024-05-11 01:10:55,2024-05-18 01:10:55,PricingEngine,2026-02-24 03:55:58,BATCH-20260224-01
SKU-265881,C60,56.44,ZAR,Promo,2025-04-04 17:28:00,2025-04-11 17:28:00,PricingEngine,2026-02-24 03:55:58,BATCH-20260224-01
SKU-277008,SHOP,76.91,ZAR,Regular,2024-05-17 08:37:00,2024-06-17 08:37:00,PricingEngine,2026-02-24 03:55:58,BATCH-20260224-01
SKU-277008,SHOP,81.53,ZAR,Regular,2025-12-21 01:34:54,2026-01-21 01:34:54,PricingEngine,2026-02-24 03:55:58,BATCH-20260224-01
SKU-462184,USV,23.73,ZAR,Promo,2024-06-23 01:55:39,2024-06-30 01:55:39,PricingEngine,2026-02-24 03:55:58,BATCH-20260224-01
SKU-462184,USV,25.15,ZAR,Promo,2025-06-11 07:58:16,2025-06-18 07:58:16,PricingEngine,2026-02-24 03:55:58,BATCH-20260224-01
SKU-871213,C60,102.82,ZAR,Regular,2024-11-28 02:56:57,2024-12-28 02:56:57,PricingEngine,2026-02-24 03:55:58,BATCH-20260224-01
SKU-871213,C60,108.99,ZAR,Promo,2025-12-01 09:18:15,2025-12-08 09:18:15,PricingEngine,2026-02-24 03:55:58,BATCH-20260224-01
SKU-137097,USV,14.16,ZAR,Regular,2024-07-10 16:30:19,2024-08-10 16:30:19,PricingEngine,2026-02-24 03:55:58,BATCH-20260224-01
SKU-137097,C60,15.01,ZAR,Promo,2025-12-17 02:04:12,2025-12-24 02:04:12,PricingEngine,2026-02-24 03:55:58,BATCH-20260224-01
SKU-937592,SHOP,52.46,ZAR,Promo,2024-10-16 18:14:00,2024-10-23 18:14:00,PricingEngine,2026-02-24 03:55:58,BATCH-20260224-01
SKU-937592,C60,55.61,ZAR,Regular,2025-05-08 00:03:40,2025-06-08 00:03:40,PricingEngine,2026-02-24 03:55:58,BATCH-20260224-01
SKU-560129,CHK,20.01,ZAR,Promo,2024-08-15 20:17:20,2024-08-22 20:17:20,PricingEngine,2026-02-24 03:55:58,BATCH-20260224-01
SKU-560129,CHK,21.21,ZAR,Regular,2025-05-11 12:47:27,2025-06-11 12:47:27,PricingEngine,2026-02-24 03:55:58,BATCH-20260224-01
SKU-205614,USV,16.86,ZAR,Regular,2024-02-22 14:33:33,2024-03-22 14:33:33,PricingEngine,2026-02-24 03:55:58,BATCH-20260224-01
SKU-205614,CHK,17.87,ZAR,Promo,2025-07-04 10:40:34,2025-07-11 10:40:34,PricingEngine,2026-02-24 03:55:58,BATCH-20260224-01
SKU-491954,C60,15.34,ZAR,Promo,2024-12-12 08:44:52,2024-12-19 08:44:52,PricingEngine,2026-02-24 03:55:58,BATCH-20260224-01
SKU-491954,USV,16.26,ZAR,Regular,2025-01-21 01:37:47,2025-02-21 01:37:47,PricingEngine,2026-02-24 03:55:58,BATCH-20260224-01
SKU-285557,CHK,51.65,ZAR,Promo,2024-09-02 13:42:52,2024-09-09 13:42:52,PricingEngine,2026-02-24 03:55:58,BATCH-20260224-01
SKU-285557,SHOP,54.75,ZAR,Regular,2025-07-21 12:04:12,2025-08-21 12:04:12,PricingEngine,2026-02-24 03:55:58,BATCH-20260224-01
SKU-156399,CHK,54.79,ZAR,Regular,2024-12-14 16:11:33,2025-01-14 16:11:33,PricingEngine,2026-02-24 03:55:58,BATCH-20260224-01
SKU-156399,USV,58.08,ZAR,Promo,2025-12-26 09:42:23,2026-01-02 09:42:23,PricingEngine,2026-02-24 03:55:58,BATCH-20260224-01
SKU-776424,C60,14.47,ZAR,Regular,2024-06-02 02:35:05,2024-07-02 02:35:05,PricingEngine,2026-02-24 03:55:58,BATCH-20260224-01
SKU-776424,CHK,15.34,ZAR,Promo,2025-02-08 13:32:19,2025-02-15 13:32:19,PricingEngine,2026-02-24 03:55:58,BATCH-20260224-01
SKU-853911,CHK,14.93,ZAR,Promo,2024-03-04 11:48:04,2024-03-11 11:48:04,PricingEngine,2026-02-24 03:55:58,BATCH-20260224-01
SKU-853911,SHOP,15.83,ZAR,Regular,2025-02-15 16:33:40,2025-03-15 16:33:40,PricingEngine,2026-02-24 03:55:58,BATCH-20260224-01
SKU-380187,CHK,21.31,ZAR,Promo,2024-01-26 05:20:06,2024-02-02 05:20:06,PricingEngine,2026-02-24 03:55:58,BATCH-20260224-01
SKU-380187,USV,22.59,ZAR,Promo,2025-03-18 02:48:16,2025-03-25 02:48:16,PricingEngine,2026-02-24 03:55:58,BATCH-20260224-01
SKU-819889,C60,13.75,ZAR,Promo,2024-12-01 06:09:27,2024-12-08 06:09:27,PricingEngine,2026-02-24 03:55:58,BATCH-20260224-01
SKU-819889,C60,14.58,ZAR,Promo,2025-06-25 05:20:32,2025-07-02 05:20:32,PricingEngine,2026-02-24 03:55:58,BATCH-20260224-01
SKU-844369,CHK,90.97,ZAR,Promo,2024-01-23 21:55:35,2024-01-30 21:55:35,PricingEngine,2026-02-24 03:55:58,BATCH-20260224-01
SKU-844369,C60,96.43,ZAR,Promo,2025-11-03 03:47:00,2025-11-10 03:47:00,PricingEngine,2026-02-24 03:55:58,BATCH-20260224-01
SKU-582143,SHOP,16.53,ZAR,Promo,2024-09-09 08:34:36,2024-09-16 08:34:36,PricingEngine,2026-02-24 03:55:58,BATCH-20260224-01
SKU-582143,C60,17.52,ZAR,Regular,2025-09-13 08:06:25,2025-10-13 08:06:25,PricingEngine,2026-02-24 03:55:58,BATCH-20260224-01
SKU-364302,SHOP,31.76,ZAR,Promo,2024-07-22 00:13:42,2024-07-29 00:13:42,PricingEngine,2026-02-24 03:55:58,BATCH-20260224-01
SKU-364302,SHOP,33.67,ZAR,Regular,2025-10-16 01:43:40,2025-11-16 01:43:40,PricingEngine,2026-02-24 03:55:58,BATCH-20260224-01
SKU-489320,CHK,25.79,ZAR,Regular,2024-01-02 06:21:04,2024-02-02 06:21:04,PricingEngine,2026-02-24 03:55:58,BATCH-20260224-01
SKU-489320,SHOP,27.34,ZAR,Promo,2025-07-09 08:57:28,2025-07-16 08:57:28,PricingEngine,2026-02-24 03:55:58,BATCH-20260224-01
SKU-778923,USV,35.74,ZAR,Promo,2024-09-14 04:59:32,2024-09-21 04:59:32,PricingEngine,2026-02-24 03:55:58,BATCH-20260224-01
SKU-778923,USV,37.89,ZAR,Regular,2025-08-13 04:10:49,2025-09-13 04:10:49,PricingEngine,2026-02-24 03:55:58,BATCH-20260224-01
SKU-824172,C60,32.55,ZAR,Regular,2024-09-10 15:59:22,2024-10-10 15:59:22,PricingEngine,2026-02-24 03:55:58,BATCH-20260224-01
SKU-824172,C60,34.5,ZAR,Promo,2025-04-08 09:38:33,2025-04-15 09:38:33,PricingEngine,2026-02-24 03:55:58,BATCH-20260224-01
SKU-242436,C60,83.58,ZAR,Regular,2024-11-15 20:31:13,2024-12-15 20:31:13,PricingEngine,2026-02-24 03:55:58,BATCH-20260224-01
SKU-242436,C60,88.6,ZAR,Promo,2025-07-08 14:02:37,2025-07-15 14:02:37,PricingEngine,2026-02-24 03:55:58,BATCH-20260224-01
SKU-647635,SHOP,33.92,ZAR,Regular,2024-05-12 20:56:04,2024-06-12 20:56:04,PricingEngine,2026-02-24 03:55:58,BATCH-20260224-01
SKU-647635,CHK,35.96,ZAR,Regular,2025-09-18 09:44:55,2025-10-18 09:44:55,PricingEngine,2026-02-24 03:55:58,BATCH-20260224-01
SKU-375936,C60,33.8,ZAR,Promo,2024-02-19 19:21:13,2024-02-26 19:21:13,PricingEngine,2026-02-24 03:55:58,BATCH-20260224-01
SKU-375936,CHK,35.83,ZAR,Regular,2025-02-20 21:03:25,2025-03-20 21:03:25,PricingEngine,2026-02-24 03:55:58,BATCH-20260224-01
SKU-242100,C60,37.43,ZAR,Promo,2024-05-22 07:30:34,2024-05-29 07:30:34,PricingEngine,2026-02-24 03:55:58,BATCH-20260224-01
SKU-242100,USV,39.68,ZAR,Regular,2025-06-15 11:11:04,2025-07-15 11:11:04,PricingEngine,2026-02-24 03:55:58,BATCH-20260224-01
SKU-666866,CHK,39.52,ZAR,Regular,2024-10-14 23:09:13,2024-11-14 23:09:13,PricingEngine,2026-02-24 03:55:58,BATCH-20260224-01
SKU-666866,C60,41.89,ZAR,Promo,2025-02-07 04:40:15,2025-02-14 04:40:15,PricingEngine,2026-02-24 03:55:58,BATCH-20260224-01
SKU-777536,C60,16.31,ZAR,Regular,2024-05-25 04:27:30,2024-06-25 04:27:30,PricingEngine,2026-02-24 03:55:58,BATCH-20260224-01
SKU-777536,CHK,17.29,ZAR,Promo,2025-07-01 21:56:49,2025-07-08 21:56:49,PricingEngine,2026-02-24 03:55:58,BATCH-20260224-01
SKU-472023,USV,27.83,ZAR,Promo,2024-11-07 00:30:25,2024-11-14 00:30:25,PricingEngine,2026-02-24 03:55:58,BATCH-20260224-01
SKU-472023,CHK,29.5,ZAR,Promo,2025-07-13 09:49:15,2025-07-20 09:49:15,PricingEngine,2026-02-24 03:55:58,BATCH-20260224-01
SKU-474181,C60,16.67,ZAR,Promo,2024-08-10 16:49:05,2024-08-17 16:49:05,PricingEngine,2026-02-24 03:55:58,BATCH-20260224-01
SKU-474181,USV,17.67,ZAR,Regular,2025-09-06 08:44:42,2025-10-06 08:44:42,PricingEngine,2026-02-24 03:55:58,BATCH-20260224-01
SKU-736860,CHK,101.25,ZAR,Promo,2024-10-06 00:31:52,2024-10-13 00:31:52,PricingEngine,2026-02-24 03:55:58,BATCH-20260224-01
SKU-736860,CHK,107.33,ZAR,Regular,2025-02-21 19:41:47,2025-03-21 19:41:47,PricingEngine,2026-02-24 03:55:58,BATCH-20260224-01
SKU-357464,USV,20.17,ZAR,Regular,2024-02-13 19:24:05,2024-03-13 19:24:05,PricingEngine,2026-02-24 03:55:58,BATCH-20260224-01
SKU-357464,SHOP,21.38,ZAR,Regular,2025-04-01 09:43:38,2025-05-01 09:43:38,PricingEngine,2026-02-24 03:55:58,BATCH-20260224-01
SKU-338574,USV,32.74,ZAR,Regular,2024-08-02 04:04:05,2024-09-02 04:04:05,PricingEngine,2026-02-24 03:55:58,BATCH-20260224-01
SKU-338574,SHOP,34.71,ZAR,Promo,2025-09-24 15:56:09,2025-10-01 15:56:09,PricingEngine,2026-02-24 03:55:58,BATCH-20260224-01
SKU-154339,SHOP,30.25,ZAR,Promo,2024-10-07 03:11:03,2024-10-14 03:11:03,PricingEngine,2026-02-24 03:55:58,BATCH-20260224-01
SKU-154339,SHOP,32.07,ZAR,Regular,2025-05-21 03:09:47,2025-06-21 03:09:47,PricingEngine,2026-02-24 03:55:58,BATCH-20260224-01
SKU-280348,CHK,32.41,ZAR,Regular,2024-12-27 07:15:07,2025-01-27 07:15:07,PricingEngine,2026-02-24 03:55:58,BATCH-20260224-01
SKU-280348,USV,34.36,ZAR,Promo,2025-01-19 21:03:07,2025-01-26 21:03:07,PricingEngine,2026-02-24 03:55:58,BATCH-20260224-01
SKU-563732,SHOP,22.39,ZAR,Regular,2024-05-28 10:28:04,2024-06-28 10:28:04,PricingEngine,2026-02-24 03:55:58,BATCH-20260224-01
SKU-563732,CHK,23.73,ZAR,Promo,2025-04-16 22:59:54,2025-04-23 22:59:54,PricingEngine,2026-02-24 03:55:58,BATCH-20260224-01
SKU-351259,USV,15.97,ZAR,Regular,2024-06-06 08:11:48,2024-07-06 08:11:48,PricingEngine,2026-02-24 03:55:58,BATCH-20260224-01
SKU-351259,C60,16.93,ZAR,Regular,2025-03-25 22:00:11,2025-04-25 22:00:11,PricingEngine,2026-02-24 03:55:58,BATCH-20260224-01
SKU-609123,CHK,14.12,ZAR,Regular,2024-10-02 15:27:22,2024-11-02 15:27:22,PricingEngine,2026-02-24 03:55:58,BATCH-20260224-01
SKU-609123,CHK,14.97,ZAR,Regular,2025-05-22 18:42:52,2025-06-22 18:42:52,PricingEngine,2026-02-24 03:55:58,BATCH-20260224-01
SKU-425688,CHK,18.54,ZAR,Promo,2024-03-13 22:55:30,2024-03-20 22:55:30,PricingEngine,2026-02-24 03:55:58,BATCH-20260224-01
SKU-425688,CHK,19.65,ZAR,Promo,2025-04-14 18:49:19,2025-04-21 18:49:19,PricingEngine,2026-02-24 03:55:58,BATCH-20260224-01
SKU-644336,CHK,40.21,ZAR,Regular,2024-01-06 19:05:59,2024-02-06 19:05:59,PricingEngine,2026-02-24 03:55:58,BATCH-20260224-01
SKU-644336,SHOP,42.62,ZAR,Regular,2025-04-25 12:08:01,2025-05-25 12:08:01,PricingEngine,2026-02-24 03:55:58,BATCH-20260224-01
SKU-397728,CHK,134.47,ZAR,Regular,2024-06-06 00:40:23,2024-07-06 00:40:23,PricingEngine,2026-02-24 03:55:58,BATCH-20260224-01
SKU-397728,C60,142.54,ZAR,Regular,2025-12-06 14:19:02,2026-01-06 14:19:02,PricingEngine,2026-02-24 03:55:58,BATCH-20260224-01
SKU-231119,SHOP,29.36,ZAR,Regular,2024-12-04 00:27:16,2025-01-04 00:27:16,PricingEngine,2026-02-24 03:55:58,BATCH-20260224-01
SKU-231119,USV,31.12,ZAR,Promo,2025-02-07 11:22:58,2025-02-14 11:22:58,PricingEngine,2026-02-24 03:55:58,BATCH-20260224-01
SKU-835536,C60,17.31,ZAR,Promo,2024-08-24 03:11:22,2024-08-31 03:11:22,PricingEngine,2026-02-24 03:55:58,BATCH-20260224-01
SKU-835536,USV,18.35,ZAR,Promo,2025-12-05 09:58:22,2025-12-12 09:58:22,PricingEngine,2026-02-24 03:55:58,BATCH-20260224-01
SKU-141881,C60,36.06,ZAR,Promo,2024-03-23 09:37:40,2024-03-30 09:37:40,PricingEngine,2026-02-24 03:55:58,BATCH-20260224-01
SKU-141881,CHK,38.22,ZAR,Regular,2025-09-20 11:24:19,2025-10-20 11:24:19,PricingEngine,2026-02-24 03:55:58,BATCH-20260224-01
SKU-145722,CHK,37.38,ZAR,Regular,2024-04-27 19:54:09,2024-05-27 19:54:09,PricingEngine,2026-02-24 03:55:58,BATCH-20260224-01
SKU-145722,USV,39.62,ZAR,Promo,2025-05-04 12:39:34,2025-05-11 12:39:34,PricingEngine,2026-02-24 03:55:58,BATCH-20260224-01
SKU-285938,C60,30.38,ZAR,Promo,2024-12-28 10:25:47,2025-01-04 10:25:47,PricingEngine,2026-02-24 03:55:58,BATCH-20260224-01
SKU-285938,SHOP,32.2,ZAR,Regular,2025-05-20 18:06:40,2025-06-20 18:06:40,PricingEngine,2026-02-24 03:55:58,BATCH-20260224-01
SKU-520735,SHOP,16.21,ZAR,Promo,2024-07-11 02:26:34,2024-07-18 02:26:34,PricingEngine,2026-02-24 03:55:58,BATCH-20260224-01
SKU-520735,SHOP,17.18,ZAR,Regular,2025-06-07 21:19:58,2025-07-07 21:19:58,PricingEngine,2026-02-24 03:55:58,BATCH-20260224-01
SKU-180244,USV,48.33,ZAR,Promo,2024-09-13 14:26:45,2024-09-20 14:26:45,PricingEngine,2026-02-24 03:55:58,BATCH-20260224-01
SKU-180244,CHK,51.23,ZAR,Promo,2025-08-19 23:31:39,2025-08-26 23:31:39,PricingEngine,2026-02-24 03:55:58,BATCH-20260224-01
SKU-499240,CHK,102.7,ZAR,Promo,2024-02-26 23:31:22,2024-03-04 23:31:22,PricingEngine,2026-02-24 03:55:58,BATCH-20260224-01
SKU-499240,SHOP,108.86,ZAR,Promo,2025-08-04 08:50:21,2025-08-11 08:50:21,PricingEngine,2026-02-24 03:55:58,BATCH-20260224-01
SKU-953754,SHOP,55.4,ZAR,Regular,2024-10-04 02:38:41,2024-11-04 02:38:41,PricingEngine,2026-02-24 03:55:58,BATCH-20260224-01
SKU-953754,USV,58.72,ZAR,Promo,2025-08-16 00:53:49,2025-08-23 00:53:49,PricingEngine,2026-02-24 03:55:58,BATCH-20260224-01
SKU-673089,C60,22.16,ZAR,Regular,2024-12-04 15:29:02,2025-01-04 15:29:02,PricingEngine,2026-02-24 03:55:58,BATCH-20260224-01
SKU-673089,CHK,23.49,ZAR,Promo,2025-11-19 14:37:45,2025-11-26 14:37:45,PricingEngine,2026-02-24 03:55:58,BATCH-20260224-01
SKU-161195,C60,13.63,ZAR,Promo,2024-04-18 06:33:37,2024-04-25 06:33:37,PricingEngine,2026-02-24 03:55:58,BATCH-20260224-01
SKU-161195,SHOP,14.45,ZAR,Regular,2025-04-26 14:30:01,2025-05-26 14:30:01,PricingEngine,2026-02-24 03:55:58,BATCH-20260224-01
SKU-372791,CHK,49.77,ZAR,Promo,2024-01-14 22:35:33,2024-01-21 22:35:33,PricingEngine,2026-02-24 03:55:58,BATCH-20260224-01
SKU-372791,C60,52.76,ZAR,Regular,2025-09-07 20:47:36,2025-10-07 20:47:36,PricingEngine,2026-02-24 03:55:58,BATCH-20260224-01
SKU-535450,C60,55.31,ZAR,Regular,2024-09-22 02:07:55,2024-10-22 02:07:55,PricingEngine,2026-02-24 03:55:58,BATCH-20260224-01
SKU-535450,C60,58.63,ZAR,Promo,2025-03-22 17:29:47,2025-03-29 17:29:47,PricingEngine,2026-02-24 03:55:58,BATCH-20260224-01
SKU-287535,USV,20.28,ZAR,Promo,2024-05-22 22:49:18,2024-05-29 22:49:18,PricingEngine,2026-02-24 03:55:58,BATCH-20260224-01
SKU-287535,C60,21.5,ZAR,Promo,2025-01-13 12:00:16,2025-01-20 12:00:16,PricingEngine,2026-02-24 03:55:58,BATCH-20260224-01
SKU-923414,C60,24.57,ZAR,Promo,2024-06-14 23:36:50,2024-06-21 23:36:50,PricingEngine,2026-02-24 03:55:58,BATCH-20260224-01
SKU-923414,USV,26.04,ZAR,Promo,2025-10-01 20:09:09,2025-10-08 20:09:09,PricingEngine,2026-02-24 03:55:58,BATCH-20260224-01
SKU-228067,C60,84.01,ZAR,Promo,2024-11-08 20:44:52,2024-11-15 20:44:52,PricingEngine,2026-02-24 03:55:58,BATCH-20260224-01
SKU-228067,C60,89.05,ZAR,Promo,2025-02-21 00:07:11,2025-02-28 00:07:11,PricingEngine,2026-02-24 03:55:58,BATCH-20260224-01
SKU-650580,CHK,22.29,ZAR,Promo,2024-09-28 15:00:03,2024-10-05 15:00:03,PricingEngine,2026-02-24 03:55:58,BATCH-20260224-01
SKU-650580,C60,23.63,ZAR,Promo,2025-07-16 12:07:23,2025-07-23 12:07:23,PricingEngine,2026-02-24 03:55:58,BATCH-20260224-01
SKU-197251,USV,103.27,ZAR,Promo,2024-09-02 15:29:20,2024-09-09 15:29:20,PricingEngine,2026-02-24 03:55:58,BATCH-20260224-01
SKU-197251,CHK,109.47,ZAR,Promo,2025-02-08 21:03:40,2025-02-15 21:03:40,PricingEngine,2026-02-24 03:55:58,BATCH-20260224-01
SKU-974473,C60,89.23,ZAR,Promo,2024-10-28 19:05:33,2024-11-04 19:05:33,PricingEngine,2026-02-24 03:55:58,BATCH-20260224-01
SKU-974473,USV,94.58,ZAR,Regular,2025-10-04 08:21:52,2025-11-04 08:21:52,PricingEngine,2026-02-24 03:55:58,BATCH-20260224-01
SKU-642916,SHOP,28.82,ZAR,Promo,2024-08-12 12:48:57,2024-08-19 12:48:57,PricingEngine,2026-02-24 03:55:58,BATCH-20260224-01
SKU-642916,C60,30.55,ZAR,Regular,2025-12-26 22:21:49,2026-01-26 22:21:49,PricingEngine,2026-02-24 03:55:58,BATCH-20260224-01
SKU-838975,SHOP,23.72,ZAR,Regular,2024-05-24 14:22:21,2024-06-24 14:22:21,PricingEngine,2026-02-24 03:55:58,BATCH-20260224-01
SKU-838975,USV,25.14,ZAR,Promo,2025-08-10 20:03:43,2025-08-17 20:03:43,PricingEngine,2026-02-24 03:55:58,BATCH-20260224-01
SKU-478406,SHOP,44.08,ZAR,Regular,2024-02-03 04:23:36,2024-03-03 04:23:36,PricingEngine,2026-02-24 03:55:58,BATCH-20260224-01
SKU-478406,CHK,46.73,ZAR,Promo,2025-05-16 17:31:01,2025-05-23 17:31:01,PricingEngine,2026-02-24 03:55:58,BATCH-20260224-01
SKU-357387,USV,85.16,ZAR,Promo,2024-08-14 23:04:28,2024-08-21 23:04:28,PricingEngine,2026-02-24 03:55:58,BATCH-20260224-01
SKU-357387,CHK,90.27,ZAR,Promo,2025-10-19 19:07:40,2025-10-26 19:07:40,PricingEngine,2026-02-24 03:55:58,BATCH-20260224-01
SKU-234333,C60,18.95,ZAR,Promo,2024-04-27 02:18:57,2024-05-04 02:18:57,PricingEngine,2026-02-24 03:55:58,BATCH-20260224-01
SKU-234333,USV,20.09,ZAR,Regular,2025-04-11 09:11:06,2025-05-11 09:11:06,PricingEngine,2026-02-24 03:55:58,BATCH-20260224-01
SKU-882615,C60,32.85,ZAR,Promo,2024-08-04 02:13:23,2024-08-11 02:13:23,PricingEngine,2026-02-24 03:55:58,BATCH-20260224-01
SKU-882615,SHOP,34.82,ZAR,Regular,2025-04-23 04:08:25,2025-05-23 04:08:25,PricingEngine,2026-02-24 03:55:58,BATCH-20260224-01
SKU-119245,USV,16.8,ZAR,Promo,2024-10-22 03:46:34,2024-10-29 03:46:34,PricingEngine,2026-02-24 03:55:58,BATCH-20260224-01
SKU-119245,USV,17.81,ZAR,Regular,2025-06-21 15:13:39,2025-07-21 15:13:39,PricingEngine,2026-02-24 03:55:58,BATCH-20260224-01
SKU-903580,C60,30.74,ZAR,Promo,2024-06-17 03:43:49,2024-06-24 03:43:49,PricingEngine,2026-02-24 03:55:58,BATCH-20260224-01
SKU-903580,USV,32.59,ZAR,Promo,2025-02-19 23:45:30,2025-02-26 23:45:30,PricingEngine,2026-02-24 03:55:58,BATCH-20260224-01
SKU-892495,C60,15.94,ZAR,Promo,2024-06-18 08:11:36,2024-06-25 08:11:36,PricingEngine,2026-02-24 03:55:58,BATCH-20260224-01
SKU-892495,CHK,16.9,ZAR,Promo,2025-07-10 02:58:46,2025-07-17 02:58:46,PricingEngine,2026-02-24 03:55:58,BATCH-20260224-01
SKU-836602,CHK,21.1,ZAR,Regular,2024-12-27 17:54:58,2025-01-27 17:54:58,PricingEngine,2026-02-24 03:55:58,BATCH-20260224-01
SKU-836602,CHK,22.37,ZAR,Promo,2025-05-24 12:58:49,2025-05-31 12:58:49,PricingEngine,2026-02-24 03:55:58,BATCH-20260224-01
SKU-734745,C60,27.74,ZAR,Regular,2024-11-16 11:38:56,2024-12-16 11:38:56,PricingEngine,2026-02-24 03:55:58,BATCH-20260224-01
SKU-734745,SHOP,29.41,ZAR,Promo,2025-10-01 09:18:27,2025-10-08 09:18:27,PricingEngine,2026-02-24 03:55:58,BATCH-20260224-01
SKU-417439,USV,94.44,ZAR,Regular,2024-08-02 01:25:09,2024-09-02 01:25:09,PricingEngine,2026-02-24 03:55:58,BATCH-20260224-01
SKU-417439,SHOP,100.11,ZAR,Regular,2025-11-19 15:28:32,2025-12-19 15:28:32,PricingEngine,2026-02-24 03:55:58,BATCH-20260224-01
SKU-817867,CHK,34.61,ZAR,Promo,2024-04-27 01:09:15,2024-05-04 01:09:15,PricingEngine,2026-02-24 03:55:58,BATCH-20260224-01
SKU-817867,SHOP,36.69,ZAR,Promo,2025-07-12 18:35:04,2025-07-19 18:35:04,PricingEngine,2026-02-24 03:55:58,BATCH-20260224-01
SKU-586762,SHOP,97.73,ZAR,Promo,2024-05-11 10:01:02,2024-05-18 10:01:02,PricingEngine,2026-02-24 03:55:58,BATCH-20260224-01
SKU-586762,CHK,103.59,ZAR,Promo,2025-02-12 13:03:35,2025-02-19 13:03:35,PricingEngine,2026-02-24 03:55:58,BATCH-20260224-01
SKU-924802,USV,30.35,ZAR,Promo,2024-09-18 11:48:58,2024-09-25 11:48:58,PricingEngine,2026-02-24 03:55:58,BATCH-20260224-01
SKU-924802,C60,32.17,ZAR,Regular,2025-07-18 02:58:10,2025-08-18 02:58:10,PricingEngine,2026-02-24 03:55:58,BATCH-20260224-01
SKU-388627,SHOP,86.35,ZAR,Regular,2024-01-15 14:06:27,2024-02-15 14:06:27,PricingEngine,2026-02-24 03:55:58,BATCH-20260224-01
SKU-388627,C60,91.53,ZAR,Promo,2025-10-05 14:52:16,2025-10-12 14:52:16,PricingEngine,2026-02-24 03:55:58,BATCH-20260224-01
SKU-272809,C60,127.7,ZAR,Regular,2024-01-13 13:38:52,2024-02-13 13:38:52,PricingEngine,2026-02-24 03:55:58,BATCH-20260224-01
SKU-272809,C60,135.36,ZAR,Regular,2025-12-17 05:51:12,2026-01-17 05:51:12,PricingEngine,2026-02-24 03:55:58,BATCH-20260224-01
SKU-850647,CHK,22.57,ZAR,Promo,2024-03-04 22:27:13,2024-03-11 22:27:13,PricingEngine,2026-02-24 03:55:58,BATCH-20260224-01
SKU-850647,USV,23.92,ZAR,Regular,2025-02-15 13:36:42,2025-03-15 13:36:42,PricingEngine,2026-02-24 03:55:58,BATCH-20260224-01
SKU-179375,USV,32.06,ZAR,Regular,2024-09-03 11:29:01,2024-10-03 11:29:01,PricingEngine,2026-02-24 03:55:58,BATCH-20260224-01
SKU-179375,SHOP,33.98,ZAR,Regular,2025-06-19 17:23:55,2025-07-19 17:23:55,PricingEngine,2026-02-24 03:55:58,BATCH-20260224-01
SKU-813170,USV,37.44,ZAR,Regular,2024-06-19 01:20:52,2024-07-19 01:20:52,PricingEngine,2026-02-24 03:55:58,BATCH-20260224-01
SKU-813170,USV,39.69,ZAR,Regular,2025-07-13 18:21:45,2025-08-13 18:21:45,PricingEngine,2026-02-24 03:55:58,BATCH-20260224-01
SKU-953152,CHK,17.54,ZAR,Promo,2024-10-14 18:32:49,2024-10-21 18:32:49,PricingEngine,2026-02-24 03:55:58,BATCH-20260224-01
SKU-953152,CHK,18.59,ZAR,Regular,2025-01-17 07:55:42,2025-02-17 07:55:42,PricingEngine,2026-02-24 03:55:58,BATCH-20260224-01
SKU-812188,C60,22.46,ZAR,Promo,2024-06-12 04:36:38,2024-06-19 04:36:38,PricingEngine,2026-02-24 03:55:58,BATCH-20260224-01
SKU-812188,C60,23.81,ZAR,Regular,2025-02-14 08:16:14,2025-03-14 08:16:14,PricingEngine,2026-02-24 03:55:58,BATCH-20260224-01
SKU-540880,CHK,77.4,ZAR,Regular,2024-02-26 15:28:40,2024-03-26 15:28:40,PricingEngine,2026-02-24 03:55:58,BATCH-20260224-01
SKU-540880,C60,82.04,ZAR,Promo,2025-10-05 23:31:50,2025-10-12 23:31:50,PricingEngine,2026-02-24 03:55:58,BATCH-20260224-01
SKU-898714,CHK,23.47,ZAR,Promo,2024-09-09 05:30:37,2024-09-16 05:30:37,PricingEngine,2026-02-24 03:55:58,BATCH-20260224-01
SKU-898714,SHOP,24.88,ZAR,Regular,2025-09-22 04:49:04,2025-10-22 04:49:04,PricingEngine,2026-02-24 03:55:58,BATCH-20260224-01
SKU-987216,CHK,79.25,ZAR,Regular,2024-09-18 09:11:57,2024-10-18 09:11:57,PricingEngine,2026-02-24 03:55:58,BATCH-20260224-01
SKU-987216,C60,84.01,ZAR,Promo,2025-08-19 00:36:27,2025-08-26 00:36:27,PricingEngine,2026-02-24 03:55:58,BATCH-20260224-01
SKU-738391,CHK,93.78,ZAR,Promo,2024-10-10 16:55:47,2024-10-17 16:55:47,PricingEngine,2026-02-24 03:55:58,BATCH-20260224-01
SKU-738391,SHOP,99.41,ZAR,Promo,2025-12-15 01:58:15,2025-12-22 01:58:15,PricingEngine,2026-02-24 03:55:58,BATCH-20260224-01
SKU-914080,USV,50.54,ZAR,Regular,2024-10-05 21:37:08,2024-11-05 21:37:08,PricingEngine,2026-02-24 03:55:58,BATCH-20260224-01
SKU-914080,CHK,53.57,ZAR,Promo,2025-02-08 13:16:54,2025-02-15 13:16:54,PricingEngine,2026-02-24 03:55:58,BATCH-20260224-01
SKU-825601,CHK,15.48,ZAR,Promo,2024-08-25 22:45:25,2024-09-01 22:45:25,PricingEngine,2026-02-24 03:55:58,BATCH-20260224-01
SKU-825601,CHK,16.41,ZAR,Regular,2025-07-08 20:09:57,2025-08-08 20:09:57,PricingEngine,2026-02-24 03:55:58,BATCH-20260224-01
SKU-545559,SHOP,40.75,ZAR,Regular,2024-02-28 08:52:35,2024-03-28 08:52:35,PricingEngine,2026-02-24 03:55:58,BATCH-20260224-01
SKU-545559,CHK,43.2,ZAR,Regular,2025-01-25 09:16:13,2025-02-25 09:16:13,PricingEngine,2026-02-24 03:55:58,BATCH-20260224-01
SKU-997464,CHK,18.98,ZAR,Promo,2024-02-05 05:09:12,2024-02-12 05:09:12,PricingEngine,2026-02-24 03:55:58,BATCH-20260224-01
SKU-997464,USV,20.12,ZAR,Promo,2025-03-27 01:15:05,2025-04-03 01:15:05,PricingEngine,2026-02-24 03:55:58,BATCH-20260224-01
SKU-890423,CHK,29.12,ZAR,Promo,2024-09-20 08:00:15,2024-09-27 08:00:15,PricingEngine,2026-02-24 03:55:58,BATCH-20260224-01
SKU-890423,CHK,30.87,ZAR,Regular,2025-09-04 15:00:27,2025-10-04 15:00:27,PricingEngine,2026-02-24 03:55:58,BATCH-20260224-01
SKU-464829,CHK,23.6,ZAR,Promo,2024-05-17 16:43:56,2024-05-24 16:43:56,PricingEngine,2026-02-24 03:55:58,BATCH-20260224-01
SKU-464829,C60,25.02,ZAR,Regular,2025-01-06 15:56:31,2025-02-06 15:56:31,PricingEngine,2026-02-24 03:55:58,BATCH-20260224-01
SKU-285561,SHOP,16.21,ZAR,Promo,2024-04-03 22:05:22,2024-04-10 22:05:22,PricingEngine,2026-02-24 03:55:58,BATCH-20260224-01
SKU-285561,CHK,17.18,ZAR,Regular,2025-05-06 00:51:46,2025-06-06 00:51:46,PricingEngine,2026-02-24 03:55:58,BATCH-20260224-01
SKU-372471,USV,19.51,ZAR,Regular,2024-04-16 05:02:18,2024-05-16 05:02:18,PricingEngine,2026-02-24 03:55:58,BATCH-20260224-01
SKU-372471,USV,20.68,ZAR,Promo,2025-03-23 16:13:44,2025-03-30 16:13:44,PricingEngine,2026-02-24 03:55:58,BATCH-20260224-01
SKU-781028,USV,91.24,ZAR,Regular,2024-10-26 12:56:42,2024-11-26 12:56:42,PricingEngine,2026-02-24 03:55:58,BATCH-20260224-01
SKU-781028,SHOP,96.72,ZAR,Regular,2025-03-05 09:06:38,2025-04-05 09:06:38,PricingEngine,2026-02-24 03:55:58,BATCH-20260224-01
SKU-114932,CHK,37.83,ZAR,Promo,2024-05-22 00:31:52,2024-05-29 00:31:52,PricingEngine,2026-02-24 03:55:58,BATCH-20260224-01
SKU-114932,USV,40.1,ZAR,Promo,2025-10-05 19:26:56,2025-10-12 19:26:56,PricingEngine,2026-02-24 03:55:58,BATCH-20260224-01
SKU-740478,USV,17.45,ZAR,Promo,2024-11-27 08:55:52,2024-12-04 08:55:52,PricingEngine,2026-02-24 03:55:58,BATCH-20260224-01
SKU-740478,USV,18.5,ZAR,Regular,2025-04-12 10:08:42,2025-05-12 10:08:42,PricingEngine,2026-02-24 03:55:58,BATCH-20260224-01
SKU-388720,SHOP,123.16,ZAR,Regular,2024-04-20 00:33:35,2024-05-20 00:33:35,PricingEngine,2026-02-24 03:55:58,BATCH-20260224-01
SKU-388720,USV,130.55,ZAR,Regular,2025-08-06 20:56:44,2025-09-06 20:56:44,PricingEngine,2026-02-24 03:55:58,BATCH-20260224-01
SKU-283961,CHK,76.56,ZAR,Regular,2024-12-23 21:55:11,2025-01-23 21:55:11,PricingEngine,2026-02-24 03:55:58,BATCH-20260224-01
SKU-283961,CHK,81.15,ZAR,Regular,2025-12-28 03:49:13,2026-01-28 03:49:13,PricingEngine,2026-02-24 03:55:58,BATCH-20260224-01
SKU-551949,C60,99.65,ZAR,Regular,2024-01-24 13:51:53,2024-02-24 13:51:53,PricingEngine,2026-02-24 03:55:58,BATCH-20260224-01
SKU-551949,C60,105.63,ZAR,Regular,2025-12-28 12:18:30,2026-01-28 12:18:30,PricingEngine,2026-02-24 03:55:58,BATCH-20260224-01
SKU-109799,USV,16.54,ZAR,Promo,2024-11-10 15:10:26,2024-11-17 15:10:26,PricingEngine,2026-02-24 03:55:58,BATCH-20260224-01
SKU-109799,CHK,17.53,ZAR,Promo,2025-09-06 03:23:30,2025-09-13 03:23:30,PricingEngine,2026-02-24 03:55:58,BATCH-20260224-01
SKU-375361,CHK,16.62,ZAR,Regular,2024-10-26 19:56:48,2024-11-26 19:56:48,PricingEngine,2026-02-24 03:55:58,BATCH-20260224-01
SKU-375361,USV,17.62,ZAR,Regular,2025-03-18 08:25:06,2025-04-18 08:25:06,PricingEngine,2026-02-24 03:55:58,BATCH-20260224-01
SKU-620304,C60,27.53,ZAR,Regular,2024-03-06 07:44:04,2024-04-06 07:44:04,PricingEngine,2026-02-24 03:55:58,BATCH-20260224-01
SKU-620304,CHK,29.18,ZAR,Regular,2025-12-26 22:08:24,2026-01-26 22:08:24,PricingEngine,2026-02-24 03:55:58,BATCH-20260224-01
SKU-913542,C60,13.99,ZAR,Promo,2024-01-10 02:16:51,2024-01-17 02:16:51,PricingEngine,2026-02-24 03:55:58,BATCH-20260224-01
SKU-913542,C60,14.83,ZAR,Regular,2025-09-06 14:16:47,2025-10-06 14:16:47,PricingEngine,2026-02-24 03:55:58,BATCH-20260224-01
SKU-872105,SHOP,19.84,ZAR,Regular,2024-08-04 04:00:05,2024-09-04 04:00:05,PricingEngine,2026-02-24 03:55:58,BATCH-20260224-01
SKU-872105,USV,21.03,ZAR,Regular,2025-10-07 00:36:26,2025-11-07 00:36:26,PricingEngine,2026-02-24 03:55:58,BATCH-20260224-01
SKU-721730,SHOP,19.89,ZAR,Regular,2024-07-05 21:57:55,2024-08-05 21:57:55,PricingEngine,2026-02-24 03:55:58,BATCH-20260224-01
SKU-721730,CHK,21.08,ZAR,Promo,2025-01-13 00:48:23,2025-01-20 00:48:23,PricingEngine,2026-02-24 03:55:58,BATCH-20260224-01
SKU-541842,USV,17.85,ZAR,Promo,2024-02-10 20:16:20,2024-02-17 20:16:20,PricingEngine,2026-02-24 03:55:58,BATCH-20260224-01
SKU-541842,C60,18.92,ZAR,Regular,2025-12-27 05:22:04,2026-01-27 05:22:04,PricingEngine,2026-02-24 03:55:58,BATCH-20260224-01
SKU-442568,C60,85.14,ZAR,Promo,2024-06-08 00:28:11,2024-06-15 00:28:11,PricingEngine,2026-02-24 03:55:58,BATCH-20260224-01
SKU-442568,C60,90.25,ZAR,Regular,2025-07-12 15:46:24,2025-08-12 15:46:24,PricingEngine,2026-02-24 03:55:58,BATCH-20260224-01
SKU-766677,C60,16.67,ZAR,Regular,2024-09-07 14:45:06,2024-10-07 14:45:06,PricingEngine,2026-02-24 03:55:58,BATCH-20260224-01
SKU-766677,CHK,17.67,ZAR,Regular,2025-05-16 07:12:40,2025-06-16 07:12:40,PricingEngine,2026-02-24 03:55:58,BATCH-20260224-01
SKU-411483,USV,84.43,ZAR,Promo,2024-10-19 12:25:00,2024-10-26 12:25:00,PricingEngine,2026-02-24 03:55:58,BATCH-20260224-01
SKU-411483,USV,89.5,ZAR,Promo,2025-03-02 21:52:25,2025-03-09 21:52:25,PricingEngine,2026-02-24 03:55:58,BATCH-20260224-01
SKU-390745,C60,27.65,ZAR,Promo,2024-06-01 17:41:13,2024-06-08 17:41:13,PricingEngine,2026-02-24 03:55:58,BATCH-20260224-01
SKU-390745,SHOP,29.31,ZAR,Promo,2025-04-24 03:08:15,2025-05-01 03:08:15,PricingEngine,2026-02-24 03:55:58,BATCH-20260224-01
SKU-346782,SHOP,23.12,ZAR,Regular,2024-12-16 22:57:17,2025-01-16 22:57:17,PricingEngine,2026-02-24 03:55:58,BATCH-20260224-01
SKU-346782,USV,24.51,ZAR,Regular,2025-08-04 23:38:27,2025-09-04 23:38:27,PricingEngine,2026-02-24 03:55:58,BATCH-20260224-01
SKU-889811,CHK,30.5,ZAR,Regular,2024-08-28 20:33:46,2024-09-28 20:33:46,PricingEngine,2026-02-24 03:55:58,BATCH-20260224-01
SKU-889811,USV,32.33,ZAR,Promo,2025-12-22 22:07:26,2025-12-29 22:07:26,PricingEngine,2026-02-24 03:55:58,BATCH-20260224-01
SKU-878083,CHK,15.85,ZAR,Regular,2024-11-26 20:37:31,2024-12-26 20:37:31,PricingEngine,2026-02-24 03:55:58,BATCH-20260224-01
SKU-878083,C60,16.8,ZAR,Regular,2025-04-02 17:24:14,2025-05-02 17:24:14,PricingEngine,2026-02-24 03:55:58,BATCH-20260224-01
SKU-328877,USV,13.92,ZAR,Regular,2024-10-04 03:52:19,2024-11-04 03:52:19,PricingEngine,2026-02-24 03:55:58,BATCH-20260224-01
SKU-328877,USV,14.76,ZAR,Promo,2025-06-13 18:57:51,2025-06-20 18:57:51,PricingEngine,2026-02-24 03:55:58,BATCH-20260224-01
SKU-658585,SHOP,20.91,ZAR,Regular,2024-10-24 23:30:00,2024-11-24 23:30:00,PricingEngine,2026-02-24 03:55:58,BATCH-20260224-01
SKU-658585,USV,22.17,ZAR,Promo,2025-03-14 06:54:08,2025-03-21 06:54:08,PricingEngine,2026-02-24 03:55:58,BATCH-20260224-01
SKU-167069,C60,18.54,ZAR,Regular,2024-01-04 17:52:20,2024-02-04 17:52:20,PricingEngine,2026-02-24 03:55:58,BATCH-20260224-01
SKU-167069,CHK,19.65,ZAR,Regular,2025-11-15 00:59:17,2025-12-15 00:59:17,PricingEngine,2026-02-24 03:55:58,BATCH-20260224-01
SKU-963510,USV,35.05,ZAR,Regular,2024-07-01 07:26:22,2024-08-01 07:26:22,PricingEngine,2026-02-24 03:55:58,BATCH-20260224-01
SKU-963510,C60,37.15,ZAR,Regular,2025-12-22 00:38:19,2026-01-22 00:38:19,PricingEngine,2026-02-24 03:55:58,BATCH-20260224-01
SKU-934297,USV,36.2,ZAR,Promo,2024-10-09 12:56:19,2024-10-16 12:56:19,PricingEngine,2026-02-24 03:55:58,BATCH-20260224-01
SKU-934297,CHK,38.37,ZAR,Promo,2025-08-05 07:40:59,2025-08-12 07:40:59,PricingEngine,2026-02-24 03:55:58,BATCH-20260224-01
SKU-844034,C60,18.96,ZAR,Promo,2024-03-22 05:50:29,2024-03-29 05:50:29,PricingEngine,2026-02-24 03:55:58,BATCH-20260224-01
SKU-844034,USV,20.1,ZAR,Regular,2025-04-18 06:13:25,2025-05-18 06:13:25,PricingEngine,2026-02-24 03:55:58,BATCH-20260224-01
SKU-652506,USV,32.5,ZAR,Regular,2024-12-24 07:32:15,2025-01-24 07:32:15,PricingEngine,2026-02-24 03:55:58,BATCH-20260224-01
SKU-652506,USV,34.45,ZAR,Regular,2025-07-09 06:51:23,2025-08-09 06:51:23,PricingEngine,2026-02-24 03:55:58,BATCH-20260224-01
SKU-588945,USV,96.39,ZAR,Regular,2024-02-07 04:09:48,2024-03-07 04:09:48,PricingEngine,2026-02-24 03:55:58,BATCH-20260224-01
SKU-588945,C60,102.17,ZAR,Promo,2025-08-12 02:22:41,2025-08-19 02:22:41,PricingEngine,2026-02-24 03:55:58,BATCH-20260224-01
SKU-862365,SHOP,25.25,ZAR,Regular,2024-03-03 13:48:33,2024-04-03 13:48:33,PricingEngine,2026-02-24 03:55:58,BATCH-20260224-01
SKU-862365,CHK,26.77,ZAR,Promo,2025-09-01 13:27:14,2025-09-08 13:27:14,PricingEngine,2026-02-24 03:55:58,BATCH-20260224-01
SKU-543215,C60,55.26,ZAR,Regular,2024-04-07 05:44:13,2024-05-07 05:44:13,PricingEngine,2026-02-24 03:55:58,BATCH-20260224-01
SKU-543215,C60,58.58,ZAR,Promo,2025-06-11 21:38:05,2025-06-18 21:38:05,PricingEngine,2026-02-24 03:55:58,BATCH-20260224-01
SKU-998762,SHOP,22.7,ZAR,Regular,2024-07-21 22:21:23,2024-08-21 22:21:23,PricingEngine,2026-02-24 03:55:58,BATCH-20260224-01
SKU-998762,SHOP,24.06,ZAR,Regular,2025-05-06 05:57:22,2025-06-06 05:57:22,PricingEngine,2026-02-24 03:55:58,BATCH-20260224-01
SKU-970314,USV,20.88,ZAR,Regular,2024-03-07 17:49:48,2024-04-07 17:49:48,PricingEngine,2026-02-24 03:55:58,BATCH-20260224-01
SKU-970314,CHK,22.13,ZAR,Promo,2025-04-03 00:57:42,2025-04-10 00:57:42,PricingEngine,2026-02-24 03:55:58,BATCH-20260224-01
SKU-755983,SHOP,20.86,ZAR,Regular,2024-04-26 09:14:52,2024-05-26 09:14:52,PricingEngine,2026-02-24 03:55:58,BATCH-20260224-01
SKU-755983,SHOP,22.11,ZAR,Promo,2025-12-12 00:45:14,2025-12-19 00:45:14,PricingEngine,2026-02-24 03:55:58,BATCH-20260224-01
SKU-372446,C60,32.32,ZAR,Regular,2024-12-03 04:57:46,2025-01-03 04:57:46,PricingEngine,2026-02-24 03:55:58,BATCH-20260224-01
SKU-372446,SHOP,34.26,ZAR,Promo,2025-12-20 20:36:31,2025-12-27 20:36:31,PricingEngine,2026-02-24 03:55:58,BATCH-20260224-01
SKU-241846,C60,13.92,ZAR,Regular,2024-12-08 07:25:45,2025-01-08 07:25:45,PricingEngine,2026-02-24 03:55:58,BATCH-20260224-01
SKU-241846,CHK,14.76,ZAR,Regular,2025-07-19 15:37:57,2025-08-19 15:37:57,PricingEngine,2026-02-24 03:55:58,BATCH-20260224-01
SKU-257115,USV,35.36,ZAR,Promo,2024-04-04 18:11:28,2024-04-11 18:11:28,PricingEngine,2026-02-24 03:55:58,BATCH-20260224-01
SKU-257115,SHOP,37.48,ZAR,Regular,2025-08-26 10:56:13,2025-09-26 10:56:13,PricingEngine,2026-02-24 03:55:58,BATCH-20260224-01
SKU-452405,SHOP,22.13,ZAR,Regular,2024-04-22 23:13:26,2024-05-22 23:13:26,PricingEngine,2026-02-24 03:55:58,BATCH-20260224-01
SKU-452405,USV,23.46,ZAR,Regular,2025-01-22 13:51:17,2025-02-22 13:51:17,PricingEngine,2026-02-24 03:55:58,BATCH-20260224-01
SKU-770825,CHK,19.79,ZAR,Promo,2024-04-07 00:14:00,2024-04-14 00:14:00,PricingEngine,2026-02-24 03:55:58,BATCH-20260224-01
SKU-770825,SHOP,20.98,ZAR,Promo,2025-10-04 18:12:07,2025-10-11 18:12:07,PricingEngine,2026-02-24 03:55:58,BATCH-20260224-01
SKU-971818,CHK,16.25,ZAR,Promo,2024-03-21 12:46:09,2024-03-28 12:46:09,PricingEngine,2026-02-24 03:55:58,BATCH-20260224-01
SKU-971818,CHK,17.23,ZAR,Promo,2025-08-15 19:55:27,2025-08-22 19:55:27,PricingEngine,2026-02-24 03:55:58,BATCH-20260224-01
SKU-177709,USV,50.57,ZAR,Promo,2024-01-28 04:58:53,2024-02-04 04:58:53,PricingEngine,2026-02-24 03:55:58,BATCH-20260224-01
SKU-177709,C60,53.6,ZAR,Promo,2025-07-13 11:42:12,2025-07-20 11:42:12,PricingEngine,2026-02-24 03:55:58,BATCH-20260224-01
SKU-319264,C60,29.64,ZAR,Regular,2024-06-07 04:14:53,2024-07-07 04:14:53,PricingEngine,2026-02-24 03:55:58,BATCH-20260224-01
SKU-319264,C60,31.42,ZAR,Promo,2025-09-25 07:25:10,2025-10-02 07:25:10,PricingEngine,2026-02-24 03:55:58,BATCH-20260224-01
SKU-796941,USV,23.01,ZAR,Regular,2024-12-27 11:42:17,2025-01-27 11:42:17,PricingEngine,2026-02-24 03:55:58,BATCH-20260224-01
SKU-796941,C60,24.39,ZAR,Promo,2025-02-15 16:01:57,2025-02-22 16:01:57,PricingEngine,2026-02-24 03:55:58,BATCH-20260224-01
SKU-468309,CHK,29.25,ZAR,Regular,2024-09-27 11:56:58,2024-10-27 11:56:58,PricingEngine,2026-02-24 03:55:58,BATCH-20260224-01
SKU-468309,USV,31.01,ZAR,Promo,2025-11-14 05:30:33,2025-11-21 05:30:33,PricingEngine,2026-02-24 03:55:58,BATCH-20260224-01
SKU-657682,CHK,33.64,ZAR,Regular,2024-08-22 20:48:34,2024-09-22 20:48:34,PricingEngine,2026-02-24 03:55:58,BATCH-20260224-01
SKU-657682,C60,35.66,ZAR,Promo,2025-04-06 20:46:29,2025-04-13 20:46:29,PricingEngine,2026-02-24 03:55:58,BATCH-20260224-01
SKU-360919,CHK,31.9,ZAR,Promo,2024-01-24 05:46:46,2024-01-31 05:46:46,PricingEngine,2026-02-24 03:55:58,BATCH-20260224-01
SKU-360919,SHOP,33.81,ZAR,Regular,2025-04-13 19:17:54,2025-05-13 19:17:54,PricingEngine,2026-02-24 03:55:58,BATCH-20260224-01
SKU-751158,USV,34.32,ZAR,Promo,2024-08-10 01:08:02,2024-08-17 01:08:02,PricingEngine,2026-02-24 03:55:58,BATCH-20260224-01
SKU-751158,CHK,36.38,ZAR,Regular,2025-05-15 08:51:01,2025-06-15 08:51:01,PricingEngine,2026-02-24 03:55:58,BATCH-20260224-01
SKU-670131,USV,18.95,ZAR,Promo,2024-08-21 22:45:05,2024-08-28 22:45:05,PricingEngine,2026-02-24 03:55:58,BATCH-20260224-01
SKU-670131,SHOP,20.09,ZAR,Promo,2025-02-18 02:02:02,2025-02-25 02:02:02,PricingEngine,2026-02-24 03:55:58,BATCH-20260224-01
