product_sku,product_name,brand,division,category,pack_size,variant,standard_cost,supplier_name,source_system,load_timestamp,batch_id
SKU-171991,Freshmark Potatoes,Freshmark,Fresh Food,Produce,2,,30.38,Freshmark,SAP_ERP,2026-02-24 04:09:53,BATCH-20260224-01
SKU-467710,Coca-Cola Coca-Cola Original,Coca-Cola,Beverages,Drinks & Beverages,2,,23.74,Coca-Cola Beverages SA,SAP_ERP,2026-02-24 04:09:53,BATCH-20260224-01
SKU-321389,Handy Andy Ammonia Floor Cleaner,Handy Andy,Household,Cleaning Supplies,750,,32.68,Unilever,SAP_ERP,2026-02-24 04:09:53,BATCH-20260224-01
SKU-994501,Sasko Premium White Bread,Sasko,Fresh Food,Bakery,1,,16.0,Pioneer Foods,SAP_ERP,2026-02-24 04:09:53,BATCH-20260224-01
SKU-897009,Clover Full Cream Milk,Clover,Fresh Food,Dairy & Eggs,2,,32.41,Clover SA,SAP_ERP,2026-02-24 04:09:53,BATCH-20260224-01
SKU-151111,Cadbury Dairy Milk Chocolate Slab,Cadbury,Grocery Essentials,Snacks & Confectionery,150,,26.61,Mondelez,SAP_ERP,2026-02-24 04:09:53,BATCH-20260224-01
SKU-645405,Nulaid Large Eggs,Nulaid,Fresh Food,Dairy & Eggs,18,,51.7,Quantum Foods,SAP_ERP,2026-02-24 04:09:53,BATCH-20260224-01
SKU-222998,Rainbow Chicken Fresh Whole Chicken,Rainbow Chicken,Fresh Food,Meat & Poultry,1.5,,73.4,RCL Foods,SAP_ERP,2026-02-24 04:09:53,BATCH-20260224-01
SKU-948580,Steakhouse Classic Beef T-Bone Steak,Steakhouse Classic,Fresh Food,Meat & Poultry,1,,117.85,Shoprite House Brand,SAP_ERP,2026-02-24 04:09:53,BATCH-20260224-01
SKU-854835,Clover Low Fat Milk,Clover,Fresh Food,Dairy & Eggs,2,,34.09,Clover SA,SAP_ERP,2026-02-24 04:09:53,BATCH-20260224-01
SKU-743575,Ladismith Cheddar Cheese,Ladismith,Fresh Food,Dairy & Eggs,400,,54.11,Woodlands Dairy,SAP_ERP,2026-02-24 04:09:53,BATCH-20260224-01
SKU-863971,Rainbow Chicken Chicken Mixed Portions (IQF),Rainbow Chicken,Fresh Food,Meat & Poultry,2,,103.51,RCL Foods,SAP_ERP,2026-02-24 04:09:53,BATCH-20260224-01
SKU-888950,Simba Smoked Beef Chips,Simba,Grocery Essentials,Snacks & Confectionery,120,,17.9,PepsiCo,SAP_ERP,2026-02-24 04:09:53,BATCH-20260224-01
SKU-737999,Championship Boerewors Thick Boerewors,Championship Boerewors,Fresh Food,Meat & Poultry,1,,92.98,Shoprite Private Label,SAP_ERP,2026-02-24 04:09:53,BATCH-20260224-01
SKU-474971,Clover Full Cream Milk,Clover,Fresh Food,Dairy & Eggs,2,,34.23,Clover SA,SAP_ERP,2026-02-24 04:09:53,BATCH-20260224-01
SKU-558929,Simba Smoked Beef Chips,Simba,Grocery Essentials,Snacks & Confectionery,120,,16.98,PepsiCo,SAP_ERP,2026-02-24 04:09:53,BATCH-20260224-01
SKU-912465,Nulaid Extra Large Eggs,Nulaid,Fresh Food,Dairy & Eggs,30,,76.56,Quantum Foods,SAP_ERP,2026-02-24 04:09:53,BATCH-20260224-01
SKU-588262,Simba Cheese & Onion Chips,Simba,Grocery Essentials,Snacks & Confectionery,120,,18.65,PepsiCo,SAP_ERP,2026-02-24 04:09:53,BATCH-20260224-01
SKU-135879,Steakhouse Classic Beef T-Bone Steak,Steakhouse Classic,Fresh Food,Meat & Poultry,1,,110.15,Shoprite House Brand,SAP_ERP,2026-02-24 04:09:53,BATCH-20260224-01
SKU-162269,Cadbury Dairy Milk Chocolate Slab,Cadbury,Grocery Essentials,Snacks & Confectionery,150,,28.92,Mondelez,SAP_ERP,2026-02-24 04:09:53,BATCH-20260224-01
SKU-678923,Lays Lightly Salted Chips,Lays,Grocery Essentials,Snacks & Confectionery,120,,21.4,PepsiCo,SAP_ERP,2026-02-24 04:09:53,BATCH-20260224-01
SKU-885626,Liqui Fruit 100% Fruit Juice,Liqui Fruit,Beverages,Drinks & Beverages,1,,24.75,Pioneer Foods,SAP_ERP,2026-02-24 04:09:53,BATCH-20260224-01
SKU-257254,Freshmark Onions,Freshmark,Fresh Food,Produce,1,,20.88,Freshmark,SAP_ERP,2026-02-24 04:09:53,BATCH-20260224-01
SKU-364885,Omo Auto Washing Powder,Omo,,Cleaning Supplies,2,,88.48,Unilever,SAP_ERP,2026-02-24 04:09:53,BATCH-20260224-01
SKU-256162,Freshmark Apples,Freshmark,Fresh Food,Produce,1.5,,24.61,Freshmark,SAP_ERP,2026-02-24 04:09:53,BATCH-20260224-01
SKU-432742,Nulaid Large Eggs,Nulaid,Fresh Food,Dairy & Eggs,18,,46.17,Quantum Foods,SAP_ERP,2026-02-24 04:09:53,BATCH-20260224-01
SKU-239400,Championship Boerewors Thick Boerewors,Championship Boerewors,Fresh Food,Meat & Poultry,1,,85.43,Shoprite Private Label,SAP_ERP,2026-02-24 04:09:53,BATCH-20260224-01
SKU-297690,Parmalat Cheddar Cheese,Parmalat,Fresh Food,Dairy & Eggs,400,,56.57,Parmalat,SAP_ERP,2026-02-24 04:09:53,BATCH-20260224-01
SKU-712265,Crystal Valley Plain Yoghurt,Crystal Valley,Fresh Food,Dairy & Eggs,1,,34.53,Lancewood,SAP_ERP,2026-02-24 04:09:53,BATCH-20260224-01
SKU-830746,Country Fair Chicken Braaipack,Country Fair,Fresh Food,Meat & Poultry,1.5,,94.64,Astral Foods,SAP_ERP,2026-02-24 04:09:53,BATCH-20260224-01
SKU-733988,Blue Ribbon White Bread,Blue Ribbon,Fresh Food,Bakery,1,,17.27,Premier FMCG,SAP_ERP,2026-02-24 04:09:53,BATCH-20260224-01
SKU-455538,Albany Hot Dog Rolls,Albany,Fresh Food,Bakery,6,,18.21,Tiger Brands,SAP_ERP,2026-02-24 04:09:53,BATCH-20260224-01
SKU-709850,Blue Ribbon White Bread,Blue Ribbon,Fresh Food,Bakery,1,,16.29,Premier FMCG,SAP_ERP,2026-02-24 04:09:53,BATCH-20260224-01
SKU-412497,Clover Low Fat Milk,Clover,Fresh Food,Dairy & Eggs,2,,35.84,Clover SA,SAP_ERP,2026-02-24 04:09:53,BATCH-20260224-01
SKU-529926,NikNaks Cheese Snacks,NikNaks,Grocery Essentials,Snacks & Confectionery,135,,16.39,PepsiCo,SAP_ERP,2026-02-24 04:09:53,BATCH-20260224-01
SKU-984558,Oros Orange Squash,Oros,Beverages,Drinks & Beverages,2,,44.34,Tiger Brands,SAP_ERP,2026-02-24 04:09:53,BATCH-20260224-01
SKU-623531,Liqui Fruit 100% Fruit Juice,Liqui Fruit,Beverages,Drinks & Beverages,1,,27.38,Pioneer Foods,SAP_ERP,2026-02-24 04:09:53,BATCH-20260224-01
SKU-854211,Steakhouse Classic Beef T-Bone Steak,Steakhouse Classic,Fresh Food,Meat & Poultry,1,,136.92,Shoprite House Brand,SAP_ERP,2026-02-24 04:09:53,BATCH-20260224-01
SKU-160964,Nulaid Extra Large Eggs,Nulaid,Fresh Food,Dairy & Eggs,30,,77.53,Quantum Foods,SAP_ERP,2026-02-24 04:09:53,BATCH-20260224-01
SKU-681443,Sunlight Dishwashing Liquid,Sunlight,Household,Cleaning Supplies,750,,29.08,Unilever,SAP_ERP,2026-02-24 04:09:53,BATCH-20260224-01
SKU-173774,Steakhouse Classic Beef T-Bone Steak,Steakhouse Classic,Fresh Food,Meat & Poultry,1,,138.4,Shoprite House Brand,SAP_ERP,2026-02-24 04:09:53,BATCH-20260224-01
SKU-488952,Nature's Choice Bananas,,Fresh Food,Produce,1,,22.07,Freshmark,SAP_ERP,2026-02-24 04:09:53,BATCH-20260224-01
SKU-522882,Freshmark Potatoes,Freshmark,Fresh Food,Produce,2,,35.82,Freshmark,SAP_ERP,2026-02-24 04:09:53,BATCH-20260224-01
SKU-102031,Freshmark Potatoes,Freshmark,Fresh Food,Produce,2,,34.3,Freshmark,SAP_ERP,2026-02-24 04:09:53,BATCH-20260224-01
SKU-913856,NikNaks Cheese Snacks,NikNaks,Grocery Essentials,Snacks & Confectionery,135,,14.15,PepsiCo,SAP_ERP,2026-02-24 04:09:53,BATCH-20260224-01
SKU-244367,Nulaid Extra Large Eggs,Nulaid,Fresh Food,Dairy & Eggs,30,,84.29,Quantum Foods,SAP_ERP,2026-02-24 04:09:53,BATCH-20260224-01
SKU-670414,Cadbury Dairy Milk Chocolate Slab,Cadbury,Grocery Essentials,Snacks & Confectionery,150,,27.46,Mondelez,SAP_ERP,2026-02-24 04:09:53,BATCH-20260224-01
SKU-427312,Coca-Cola Coca-Cola No Sugar,Coca-Cola,Beverages,Drinks & Beverages,2,,24.95,Coca-Cola Beverages SA,SAP_ERP,2026-02-24 04:09:53,BATCH-20260224-01
SKU-427312,Coca-Cola Coca-Cola No Sugar,Coca-Cola,Beverages,Drinks & Beverages,2,,24.95,Coca-Cola Beverages SA,SAP_ERP,2026-02-24 04:09:53,BATCH-20260224-01
SKU-986709,Nature's Choice Bananas,Nature's Choice,Fresh Food,Produce,1,,20.14,Freshmark,SAP_ERP,2026-02-24 04:09:53,BATCH-20260224-01
SKU-714696,Beacon Sweets Pack,Beacon,Grocery Essentials,Snacks & Confectionery,100,,18.57,Tiger Brands,SAP_ERP,2026-02-24 04:09:53,BATCH-20260224-01
SKU-114718,Steakhouse Classic Beef T-Bone Steak,Steakhouse Classic,Fresh Food,Meat & Poultry,1,,110.29,Shoprite House Brand,SAP_ERP,2026-02-24 04:09:53,BATCH-20260224-01
SKU-110057,Beacon Sweets Pack,Beacon,Grocery Essentials,Snacks & Confectionery,100,,16.25,Tiger Brands,SAP_ERP,2026-02-24 04:09:53,BATCH-20260224-01
SKU-198223,Sunlight Dishwashing Liquid,Sunlight,Household,Cleaning Supplies,750,,32.8,Unilever,SAP_ERP,2026-02-24 04:09:53,BATCH-20260224-01
SKU-789933,Championship Boerewors Thick Boerewors,Championship Boerewors,Fresh Food,Meat & Poultry,1,,86.23,Shoprite Private Label,SAP_ERP,2026-02-24 04:09:53,BATCH-20260224-01
SKU-817276,Rainbow Chicken Chicken Mixed Portions (IQF),Rainbow Chicken,Fresh Food,Meat & Poultry,2,,98.55,RCL Foods,SAP_ERP,2026-02-24 04:09:53,BATCH-20260224-01
SKU-131548,Liqui Fruit 100% Fruit Juice,Liqui Fruit,Beverages,Drinks & Beverages,1,,23.87,Pioneer Foods,SAP_ERP,2026-02-24 04:09:53,BATCH-20260224-01
SKU-276050,Cappy Orange Juice Blend,Cappy,Beverages,Drinks & Beverages,1.5,,29.8,Coca-Cola Beverages SA,SAP_ERP,2026-02-24 04:09:53,BATCH-20260224-01
SKU-490454,Rainbow Chicken Fresh Whole Chicken,Rainbow Chicken,Fresh Food,Meat & Poultry,1.5,,73.46,RCL Foods,SAP_ERP,2026-02-24 04:09:53,BATCH-20260224-01
SKU-897034,Ladismith Cheddar Cheese,Ladismith,Fresh Food,Dairy & Eggs,400,,53.99,Woodlands Dairy,SAP_ERP,2026-02-24 04:09:53,BATCH-20260224-01
SKU-987178,Liqui Fruit 100% Fruit Juice,Liqui Fruit,Beverages,Drinks & Beverages,1,,23.75,Pioneer Foods,SAP_ERP,2026-02-24 04:09:53,BATCH-20260224-01
SKU-131253,Cadbury Dairy Milk Chocolate Slab,Cadbury,Grocery Essentials,Snacks & Confectionery,150,,31.29,Mondelez,SAP_ERP,2026-02-24 04:09:53,BATCH-20260224-01
SKU-209839,Nulaid Large Eggs,Nulaid,Fresh Food,Dairy & Eggs,18,,47.0,Quantum Foods,SAP_ERP,2026-02-24 04:09:53,BATCH-20260224-01
SKU-963441,Nature's Choice Bananas,Nature's Choice,Fresh Food,Produce,1,,23.5,Freshmark,SAP_ERP,2026-02-24 04:09:53,BATCH-20260224-01
SKU-237613,Crystal Valley Plain Yoghurt,Crystal Valley,Fresh Food,Dairy & Eggs,1,,32.03,Lancewood,SAP_ERP,2026-02-24 04:09:53,BATCH-20260224-01
SKU-766048,Omo Auto Washing Powder,Omo,Household,Cleaning Supplies,2,,100.73,Unilever,SAP_ERP,2026-02-24 04:09:53,BATCH-20260224-01
SKU-943176,Cappy Orange Juice Blend,Cappy,Beverages,Drinks & Beverages,1.5,,29.03,Coca-Cola Beverages SA,SAP_ERP,2026-02-24 04:09:53,BATCH-20260224-01
SKU-821470,Domestos Thick Bleach,Domestos,Household,Cleaning Supplies,750,,37.56,Unilever,SAP_ERP,2026-02-24 04:09:53,BATCH-20260224-01
SKU-377447,Albany Hot Dog Rolls,Albany,Fresh Food,Bakery,6,,20.58,Tiger Brands,SAP_ERP,2026-02-24 04:09:53,BATCH-20260224-01
SKU-780463,Cadbury Dairy Milk Chocolate Slab,Cadbury,Grocery Essentials,Snacks & Confectionery,150,,31.82,Mondelez,SAP_ERP,2026-02-24 04:09:53,BATCH-20260224-01
SKU-338922,Sunbake Brown Bread,Sunbake,Fresh Food,Bakery,1,,13.46,RCL Foods,SAP_ERP,2026-02-24 04:09:53,BATCH-20260224-01
SKU-497591,Farmbest Pork Chops,Farmbest,Fresh Food,Meat & Poultry,1,,93.32,Farmbest,SAP_ERP,2026-02-24 04:09:53,BATCH-20260224-01
SKU-811790,Beacon Sweets Pack,Beacon,Grocery Essentials,Snacks & Confectionery,100,,19.69,Tiger Brands,SAP_ERP,2026-02-24 04:09:53,BATCH-20260224-01
SKU-521159,Nulaid Extra Large Eggs,Nulaid,Fresh Food,Dairy & Eggs,30,,81.88,Quantum Foods,SAP_ERP,2026-02-24 04:09:53,BATCH-20260224-01
SKU-235973,Sasko Premium White Bread,Sasko,Fresh Food,Bakery,1,,15.87,Pioneer Foods,SAP_ERP,2026-02-24 04:09:53,BATCH-20260224-01
SKU-133098,Albany Brown Bread,Albany,Fresh Food,Bakery,1,,13.02,Tiger Brands,SAP_ERP,2026-02-24 04:09:53,BATCH-20260224-01
SKU-794849,Freshmark Onions,Freshmark,Fresh Food,Produce,1,,15.04,Freshmark,SAP_ERP,2026-02-24 04:09:53,BATCH-20260224-01
SKU-663603,Coca-Cola Coca-Cola No Sugar,Coca-Cola,Beverages,Drinks & Beverages,2,,25.88,Coca-Cola Beverages SA,SAP_ERP,2026-02-24 04:09:53,BATCH-20260224-01
SKU-916643,Nature's Choice Bananas,Nature's Choice,Fresh Food,Produce,1,,24.84,Freshmark,SAP_ERP,2026-02-24 04:09:53,BATCH-20260224-01
SKU-544888,Blue Ribbon White Bread,Blue Ribbon,Fresh Food,Bakery,1,,17.09,Premier FMCG,SAP_ERP,2026-02-24 04:09:53,BATCH-20260224-01
SKU-668905,Parmalat Cheddar Cheese,Parmalat,Fresh Food,Dairy & Eggs,400,,58.81,Parmalat,SAP_ERP,2026-02-24 04:09:53,BATCH-20260224-01
SKU-746025,Albany Brown Bread,Albany,Fresh Food,Bakery,1,,13.41,Tiger Brands,SAP_ERP,2026-02-24 04:09:53,BATCH-20260224-01
SKU-234555,Freshmark Potatoes,Freshmark,Fresh Food,Produce,2,,32.6,Freshmark,SAP_ERP,2026-02-24 04:09:53,BATCH-20260224-01
SKU-835561,Championship Boerewors Thick Boerewors,Championship Boerewors,Fresh Food,Meat & Poultry,1,,98.18,Shoprite Private Label,SAP_ERP,2026-02-24 04:09:53,BATCH-20260224-01
SKU-442073,Oros Orange Squash,Oros,Beverages,Drinks & Beverages,2,,42.34,Tiger Brands,SAP_ERP,2026-02-24 04:09:53,BATCH-20260224-01
SKU-975391,NikNaks Cheese Snacks,NikNaks,Grocery Essentials,Snacks & Confectionery,135,,15.57,PepsiCo,SAP_ERP,2026-02-24 04:09:53,BATCH-20260224-01
SKU-705938,Coca-Cola Coca-Cola Original,Coca-Cola,Beverages,Drinks & Beverages,2,,25.98,Coca-Cola Beverages SA,SAP_ERP,2026-02-24 04:09:53,BATCH-20260224-01
SKU-370212,Handy Andy Ammonia Floor Cleaner,Handy Andy,Household,Cleaning Supplies,750,,31.72,Unilever,SAP_ERP,2026-02-24 04:09:53,BATCH-20260224-01
SKU-981957,Omo Auto Washing Powder,Omo,Household,Cleaning Supplies,2,,90.14,Unilever,SAP_ERP,2026-02-24 04:09:53,BATCH-20260224-01
SKU-616731,Handy Andy Ammonia Floor Cleaner,Handy Andy,Household,Cleaning Supplies,750,,27.0,Unilever,SAP_ERP,2026-02-24 04:09:53,BATCH-20260224-01
SKU-930324,Blue Ribbon White Bread,Blue Ribbon,Fresh Food,Bakery,1,,15.11,Premier FMCG,SAP_ERP,2026-02-24 04:09:53,BATCH-20260224-01
SKU-930324,Blue Ribbon White Bread,Blue Ribbon,Fresh Food,Bakery,1,,15.11,Premier FMCG,SAP_ERP,2026-02-24 04:09:54,BATCH-20260224-01
SKU-826439,Lays Lightly Salted Chips,Lays,Grocery Essentials,Snacks & Confectionery,120,,20.32,PepsiCo,SAP_ERP,2026-02-24 04:09:53,BATCH-20260224-01
SKU-475707,Albany Brown Bread,Albany,Fresh Food,Bakery,1,,16.59,Tiger Brands,SAP_ERP,2026-02-24 04:09:53,BATCH-20260224-01
SKU-376176,Clover Low Fat Milk,Clover,Fresh Food,Dairy & Eggs,2,,33.58,Clover SA,SAP_ERP,2026-02-24 04:09:53,BATCH-20260224-01
SKU-675999,Coca-Cola Coca-Cola Original,Coca-Cola,Beverages,Drinks & Beverages,2,,22.45,Coca-Cola Beverages SA,SAP_ERP,2026-02-24 04:09:53,BATCH-20260224-01
SKU-215141,ZZ2 Tomatoes,ZZ2,Fresh Food,Produce,1,,22.72,ZZ2,SAP_ERP,2026-02-24 04:09:53,BATCH-20260224-01
SKU-283609,Omo Auto Washing Powder,Omo,Household,Cleaning Supplies,2,,87.87,Unilever,SAP_ERP,2026-02-24 04:09:53,BATCH-20260224-01
SKU-904573,Freshmark Potatoes,Freshmark,Fresh Food,Produce,2,,38.02,Freshmark,SAP_ERP,2026-02-24 04:09:53,BATCH-20260224-01
SKU-339284,Freshmark Apples,Freshmark,Fresh Food,Produce,1.5,,31.16,Freshmark,SAP_ERP,2026-02-24 04:09:53,BATCH-20260224-01
SKU-859487,Freshmark Onions,Freshmark,Fresh Food,Produce,1,,21.95,Freshmark,SAP_ERP,2026-02-24 04:09:53,BATCH-20260224-01
SKU-757333,Parmalat Cheddar Cheese,Parmalat,Fresh Food,Dairy & Eggs,400,,50.64,Parmalat,SAP_ERP,2026-02-24 04:09:53,BATCH-20260224-01
SKU-190395,Blue Ribbon White Bread,Blue Ribbon,Fresh Food,Bakery,1,,17.5,Premier FMCG,SAP_ERP,2026-02-24 04:09:53,BATCH-20260224-01
SKU-443350,Albany Hot Dog Rolls,Albany,Fresh Food,Bakery,6,,20.79,Tiger Brands,SAP_ERP,2026-02-24 04:09:53,BATCH-20260224-01
SKU-178634,Clover Low Fat Milk,Clover,Fresh Food,Dairy & Eggs,2,,34.19,Clover SA,SAP_ERP,2026-02-24 04:09:53,BATCH-20260224-01
SKU-653788,Championship Boerewors Thick Boerewors,Championship Boerewors,Fresh Food,Meat & Poultry,1,,89.62,Shoprite Private Label,SAP_ERP,2026-02-24 04:09:53,BATCH-20260224-01
SKU-681244,Farmbest Pork Chops,Farmbest,Fresh Food,Meat & Poultry,1,,82.22,Farmbest,SAP_ERP,2026-02-24 04:09:53,BATCH-20260224-01
SKU-721545,Albany Brown Bread,Albany,Fresh Food,Bakery,1,,16.58,Tiger Brands,SAP_ERP,2026-02-24 04:09:53,BATCH-20260224-01
SKU-210411,Doritos Sweet Chilli Pepper Chips,Doritos,Grocery Essentials,Snacks & Confectionery,145,,18.59,PepsiCo,SAP_ERP,2026-02-24 04:09:53,BATCH-20260224-01
SKU-642318,Sunbake Brown Bread,Sunbake,Fresh Food,Bakery,1,,13.88,RCL Foods,SAP_ERP,2026-02-24 04:09:53,BATCH-20260224-01
SKU-681712,Parmalat Cheddar Cheese,Parmalat,Fresh Food,Dairy & Eggs,400,,54.99,Parmalat,SAP_ERP,2026-02-24 04:09:53,BATCH-20260224-01
SKU-681712,Parmalat Cheddar Cheese,Parmalat,Fresh Food,Dairy & Eggs,400,,54.99,Parmalat,SAP_ERP,2026-02-24 04:09:54,BATCH-20260224-01
SKU-673287,Sasko Premium White Bread,Sasko,Fresh Food,Bakery,1,,16.05,Pioneer Foods,SAP_ERP,2026-02-24 04:09:53,BATCH-20260224-01
SKU-878266,Parmalat Cheddar Cheese,Parmalat,Fresh Food,Dairy & Eggs,400,,52.28,Parmalat,SAP_ERP,2026-02-24 04:09:53,BATCH-20260224-01
SKU-724424,Freshmark Potatoes,Freshmark,Fresh Food,Produce,2,,31.06,Freshmark,SAP_ERP,2026-02-24 04:09:53,BATCH-20260224-01
SKU-214032,Lays Lightly Salted Chips,Lays,Grocery Essentials,Snacks & Confectionery,120,,21.78,PepsiCo,SAP_ERP,2026-02-24 04:09:53,BATCH-20260224-01
SKU-401711,Freshmark Onions,Freshmark,Fresh Food,Produce,1,,15.87,Freshmark,SAP_ERP,2026-02-24 04:09:53,BATCH-20260224-01
SKU-800627,Lays Lightly Salted Chips,Lays,Grocery Essentials,Snacks & Confectionery,120,,18.74,PepsiCo,SAP_ERP,2026-02-24 04:09:53,BATCH-20260224-01
SKU-774951,Nulaid Large Eggs,Nulaid,Fresh Food,Dairy & Eggs,18,,51.75,Quantum Foods,SAP_ERP,2026-02-24 04:09:53,BATCH-20260224-01
SKU-431708,Freshmark Onions,Freshmark,Fresh Food,Produce,1,,16.5,Freshmark,SAP_ERP,2026-02-24 04:09:53,BATCH-20260224-01
SKU-451753,Nature's Choice Bananas,Nature's Choice,Fresh Food,Produce,1,,19.46,Freshmark,SAP_ERP,2026-02-24 04:09:53,BATCH-20260224-01
SKU-745658,Handy Andy Ammonia Floor Cleaner,Handy Andy,Household,Cleaning Supplies,750,,32.13,Unilever,SAP_ERP,2026-02-24 04:09:53,BATCH-20260224-01
SKU-289820,Domestos Thick Bleach,Domestos,Household,Cleaning Supplies,750,,34.36,Unilever,SAP_ERP,2026-02-24 04:09:53,BATCH-20260224-01
SKU-153153,Blue Ribbon White Bread,Blue Ribbon,Fresh Food,Bakery,1,,17.45,Premier FMCG,SAP_ERP,2026-02-24 04:09:53,BATCH-20260224-01
SKU-407884,Handy Andy Ammonia Floor Cleaner,Handy Andy,Household,Cleaning Supplies,750,,27.98,Unilever,SAP_ERP,2026-02-24 04:09:53,BATCH-20260224-01
SKU-247974,Freshmark Potatoes,Freshmark,Fresh Food,Produce,2,,35.82,Freshmark,SAP_ERP,2026-02-24 04:09:53,BATCH-20260224-01
SKU-886127,Handy Andy Ammonia Floor Cleaner,Handy Andy,Household,Cleaning Supplies,750,,29.98,Unilever,SAP_ERP,2026-02-24 04:09:53,BATCH-20260224-01
SKU-547957,Blue Ribbon White Bread,Blue Ribbon,Fresh Food,Bakery,1,,14.65,Premier FMCG,SAP_ERP,2026-02-24 04:09:53,BATCH-20260224-01
SKU-328955,Nulaid Large Eggs,Nulaid,Fresh Food,Dairy & Eggs,18,,50.3,Quantum Foods,SAP_ERP,2026-02-24 04:09:53,BATCH-20260224-01
SKU-883335,Clover Low Fat Milk,Clover,Fresh Food,Dairy & Eggs,2,,32.97,Clover SA,SAP_ERP,2026-02-24 04:09:53,BATCH-20260224-01
SKU-741262,Championship Boerewors Thick Boerewors,Championship Boerewors,Fresh Food,Meat & Poultry,1,,89.22,Shoprite Private Label,SAP_ERP,2026-02-24 04:09:53,BATCH-20260224-01
SKU-871250,Albany Hot Dog Rolls,Albany,Fresh Food,Bakery,6,,20.6,Tiger Brands,SAP_ERP,2026-02-24 04:09:53,BATCH-20260224-01
SKU-799167,Lays Lightly Salted Chips,Lays,Grocery Essentials,Snacks & Confectionery,120,,21.39,PepsiCo,SAP_ERP,2026-02-24 04:09:53,BATCH-20260224-01
SKU-156510,ZZ2 Tomatoes,ZZ2,Fresh Food,Produce,1,,20.99,ZZ2,SAP_ERP,2026-02-24 04:09:53,BATCH-20260224-01
SKU-144893,ZZ2 Tomatoes,ZZ2,Fresh Food,Produce,1,,25.65,ZZ2,SAP_ERP,2026-02-24 04:09:53,BATCH-20260224-01
SKU-511501,Albany White Bread,Albany,Fresh Food,Bakery,1,,15.53,Tiger Brands,SAP_ERP,2026-02-24 04:09:53,BATCH-20260224-01
SKU-230994,Coca-Cola Coca-Cola Original,Coca-Cola,,Drinks & Beverages,2,,24.89,Coca-Cola Beverages SA,SAP_ERP,2026-02-24 04:09:53,BATCH-20260224-01
SKU-268831,Championship Boerewors Thick Boerewors,Championship Boerewors,Fresh Food,Meat & Poultry,1,,94.05,Shoprite Private Label,SAP_ERP,2026-02-24 04:09:53,BATCH-20260224-01
SKU-168573,Oros Orange Squash,Oros,Beverages,Drinks & Beverages,2,,43.43,Tiger Brands,SAP_ERP,2026-02-24 04:09:53,BATCH-20260224-01
SKU-198560,Simba Cheese & Onion Chips,Simba,Grocery Essentials,Snacks & Confectionery,120,,17.46,PepsiCo,SAP_ERP,2026-02-24 04:09:53,BATCH-20260224-01
SKU-205960,Cappy Orange Juice Blend,Cappy,Beverages,Drinks & Beverages,1.5,,30.9,Coca-Cola Beverages SA,SAP_ERP,2026-02-24 04:09:53,BATCH-20260224-01
SKU-825711,Coca-Cola Coca-Cola Original,Coca-Cola,Beverages,Drinks & Beverages,2,,21.5,Coca-Cola Beverages SA,SAP_ERP,2026-02-24 04:09:53,BATCH-20260224-01
SKU-686534,Nulaid Extra Large Eggs,Nulaid,Fresh Food,Dairy & Eggs,30,,75.79,Quantum Foods,SAP_ERP,2026-02-24 04:09:53,BATCH-20260224-01
SKU-733842,Danone NutriDay Plain Yoghurt,Danone,Fresh Food,Dairy & Eggs,1,,36.87,Danone,SAP_ERP,2026-02-24 04:09:53,BATCH-20260224-01
SKU-721374,NikNaks Cheese Snacks,NikNaks,Grocery Essentials,Snacks & Confectionery,135,,16.71,PepsiCo,SAP_ERP,2026-02-24 04:09:53,BATCH-20260224-01
SKU-639793,ZZ2 Tomatoes,ZZ2,Fresh Food,Produce,1,,21.72,ZZ2,SAP_ERP,2026-02-24 04:09:53,BATCH-20260224-01
SKU-885470,Crystal Valley Plain Yoghurt,Crystal Valley,Fresh Food,Dairy & Eggs,1,,33.33,Lancewood,SAP_ERP,2026-02-24 04:09:53,BATCH-20260224-01
SKU-526895,Championship Boerewors Thick Boerewors,Championship Boerewors,Fresh Food,Meat & Poultry,1,,85.11,Shoprite Private Label,SAP_ERP,2026-02-24 04:09:53,BATCH-20260224-01
SKU-425848,Sunbake Brown Bread,Sunbake,Fresh Food,Bakery,1,,15.48,RCL Foods,SAP_ERP,2026-02-24 04:09:53,BATCH-20260224-01
SKU-425659,Clover Low Fat Milk,Clover,Fresh Food,Dairy & Eggs,2,,35.39,Clover SA,SAP_ERP,2026-02-24 04:09:53,BATCH-20260224-01
SKU-385655,ZZ2 Tomatoes,ZZ2,Fresh Food,Produce,1,,21.95,ZZ2,SAP_ERP,2026-02-24 04:09:53,BATCH-20260224-01
SKU-181610,Freshmark Onions,Freshmark,Fresh Food,Produce,1,,19.39,Freshmark,SAP_ERP,2026-02-24 04:09:53,BATCH-20260224-01
SKU-111740,Nulaid Extra Large Eggs,Nulaid,Fresh Food,Dairy & Eggs,30,,83.16,Quantum Foods,SAP_ERP,2026-02-24 04:09:53,BATCH-20260224-01
SKU-935201,Albany Hot Dog Rolls,Albany,Fresh Food,Bakery,6,,22.63,Tiger Brands,SAP_ERP,2026-02-24 04:09:53,BATCH-20260224-01
SKU-833105,Omo Auto Washing Powder,Omo,Household,Cleaning Supplies,2,,95.37,Unilever,SAP_ERP,2026-02-24 04:09:53,BATCH-20260224-01
SKU-715855,Sunlight Dishwashing Liquid,Sunlight,Household,Cleaning Supplies,750,,30.75,Unilever,SAP_ERP,2026-02-24 04:09:53,BATCH-20260224-01
SKU-874242,Ladismith Cheddar Cheese,Ladismith,Fresh Food,Dairy & Eggs,400,,55.43,Woodlands Dairy,SAP_ERP,2026-02-24 04:09:53,BATCH-20260224-01
SKU-980654,Omo Auto Washing Powder,Omo,Household,Cleaning Supplies,2,,103.68,Unilever,SAP_ERP,2026-02-24 04:09:53,BATCH-20260224-01
SKU-164165,Country Fair Chicken Braaipack,Country Fair,Fresh Food,Meat & Poultry,1.5,,87.18,Astral Foods,SAP_ERP,2026-02-24 04:09:53,BATCH-20260224-01
SKU-243071,ZZ2 Tomatoes,ZZ2,Fresh Food,Produce,1,,22.05,ZZ2,SAP_ERP,2026-02-24 04:09:53,BATCH-20260224-01
SKU-809246,Lays Lightly Salted Chips,Lays,Grocery Essentials,Snacks & Confectionery,120,,18.47,PepsiCo,SAP_ERP,2026-02-24 04:09:53,BATCH-20260224-01
SKU-350038,Handy Andy Ammonia Floor Cleaner,Handy Andy,Household,Cleaning Supplies,750,,27.78,Unilever,SAP_ERP,2026-02-24 04:09:53,BATCH-20260224-01
SKU-757812,Nulaid Extra Large Eggs,Nulaid,Fresh Food,Dairy & Eggs,30,,84.68,Quantum Foods,SAP_ERP,2026-02-24 04:09:53,BATCH-20260224-01
SKU-217473,Beacon Sweets Pack,Beacon,Grocery Essentials,Snacks & Confectionery,100,,15.25,Tiger Brands,SAP_ERP,2026-02-24 04:09:53,BATCH-20260224-01
SKU-786262,Albany Brown Bread,Albany,Fresh Food,Bakery,1,,14.98,Tiger Brands,SAP_ERP,2026-02-24 04:09:53,BATCH-20260224-01
SKU-101745,Freshmark Onions,Freshmark,Fresh Food,Produce,1,,19.59,Freshmark,SAP_ERP,2026-02-24 04:09:53,BATCH-20260224-01
SKU-174532,NikNaks Cheese Snacks,NikNaks,Grocery Essentials,Snacks & Confectionery,135,,16.5,PepsiCo,SAP_ERP,2026-02-24 04:09:53,BATCH-20260224-01
SKU-336437,Blue Ribbon White Bread,Blue Ribbon,Fresh Food,Bakery,1,,17.2,Premier FMCG,SAP_ERP,2026-02-24 04:09:53,BATCH-20260224-01
SKU-925610,Simba Smoked Beef Chips,Simba,Grocery Essentials,Snacks & Confectionery,120,,19.97,PepsiCo,SAP_ERP,2026-02-24 04:09:53,BATCH-20260224-01
SKU-684839,Rainbow Chicken Chicken Mixed Portions (IQF),Rainbow Chicken,Fresh Food,Meat & Poultry,2,,99.79,RCL Foods,SAP_ERP,2026-02-24 04:09:53,BATCH-20260224-01
SKU-716514,ZZ2 Tomatoes,ZZ2,,Produce,1,,27.91,ZZ2,SAP_ERP,2026-02-24 04:09:53,BATCH-20260224-01
SKU-983313,Omo Auto Washing Powder,Omo,Household,Cleaning Supplies,2,,94.11,Unilever,SAP_ERP,2026-02-24 04:09:53,BATCH-20260224-01
SKU-983313,Omo Auto Washing Powder,Omo,Household,Cleaning Supplies,2,,94.11,Unilever,SAP_ERP,2026-02-24 04:09:53,BATCH-20260224-01
SKU-582378,Doritos Sweet Chilli Pepper Chips,Doritos,Grocery Essentials,Snacks & Confectionery,145,,19.03,PepsiCo,SAP_ERP,2026-02-24 04:09:53,BATCH-20260224-01
SKU-243815,Clover Full Cream Milk,Clover,Fresh Food,Dairy & Eggs,2,,34.53,Clover SA,SAP_ERP,2026-02-24 04:09:53,BATCH-20260224-01
SKU-715665,Rainbow Chicken Chicken Mixed Portions (IQF),Rainbow Chicken,Fresh Food,Meat & Poultry,2,,99.69,RCL Foods,SAP_ERP,2026-02-24 04:09:53,BATCH-20260224-01
SKU-710907,Beacon Sweets Pack,Beacon,Grocery Essentials,Snacks & Confectionery,100,,17.01,Tiger Brands,SAP_ERP,2026-02-24 04:09:53,BATCH-20260224-01
SKU-501698,Country Fair Chicken Braaipack,Country Fair,Fresh Food,Meat & Poultry,1.5,,93.66,Astral Foods,SAP_ERP,2026-02-24 04:09:53,BATCH-20260224-01
SKU-943025,Blue Ribbon White Bread,Blue Ribbon,Fresh Food,Bakery,1,,14.99,Premier FMCG,SAP_ERP,2026-02-24 04:09:53,BATCH-20260224-01
SKU-792855,Freshmark Apples,Freshmark,Fresh Food,Produce,1.5,,27.23,Freshmark,SAP_ERP,2026-02-24 04:09:53,BATCH-20260224-01
SKU-825987,Country Fair Chicken Braaipack,Country Fair,Fresh Food,Meat & Poultry,1.5,,92.15,Astral Foods,SAP_ERP,2026-02-24 04:09:53,BATCH-20260224-01
SKU-692006,Cappy Orange Juice Blend,Cappy,Beverages,Drinks & Beverages,1.5,,31.23,Coca-Cola Beverages SA,SAP_ERP,2026-02-24 04:09:53,BATCH-20260224-01
SKU-537865,Sunlight Dishwashing Liquid,Sunlight,Household,Cleaning Supplies,750,,32.98,Unilever,SAP_ERP,2026-02-24 04:09:53,BATCH-20260224-01
SKU-872679,Nulaid Extra Large Eggs,Nulaid,Fresh Food,Dairy & Eggs,30,,75.81,Quantum Foods,SAP_ERP,2026-02-24 04:09:53,BATCH-20260224-01
SKU-589652,Beacon Sweets Pack,Beacon,Grocery Essentials,Snacks & Confectionery,100,,19.6,Tiger Brands,SAP_ERP,2026-02-24 04:09:53,BATCH-20260224-01
SKU-721365,Championship Boerewors Thick Boerewors,Championship Boerewors,Fresh Food,Meat & Poultry,1,,104.58,Shoprite Private Label,SAP_ERP,2026-02-24 04:09:53,BATCH-20260224-01
SKU-271508,Albany Brown Bread,Albany,Fresh Food,Bakery,1,,14.45,Tiger Brands,SAP_ERP,2026-02-24 04:09:53,BATCH-20260224-01
SKU-307537,Doritos Sweet Chilli Pepper Chips,Doritos,Grocery Essentials,Snacks & Confectionery,145,,18.82,PepsiCo,SAP_ERP,2026-02-24 04:09:53,BATCH-20260224-01
SKU-223748,Oros Orange Squash,Oros,Beverages,Drinks & Beverages,2,,41.48,Tiger Brands,SAP_ERP,2026-02-24 04:09:53,BATCH-20260224-01
SKU-477994,Nulaid Large Eggs,Nulaid,Fresh Food,Dairy & Eggs,18,,48.56,Quantum Foods,SAP_ERP,2026-02-24 04:09:53,BATCH-20260224-01
SKU-146758,Freshmark Apples,Freshmark,Fresh Food,Produce,1.5,,28.74,Freshmark,SAP_ERP,2026-02-24 04:09:53,BATCH-20260224-01
SKU-375942,ZZ2 Tomatoes,ZZ2,Fresh Food,Produce,1,,23.73,ZZ2,SAP_ERP,2026-02-24 04:09:53,BATCH-20260224-01
SKU-459160,Sasko Premium White Bread,Sasko,Fresh Food,Bakery,1,,18.54,Pioneer Foods,SAP_ERP,2026-02-24 04:09:53,BATCH-20260224-01
SKU-503841,Clover Full Cream Milk,Clover,Fresh Food,Dairy & Eggs,2,,34.05,Clover SA,SAP_ERP,2026-02-24 04:09:53,BATCH-20260224-01
SKU-836440,Cappy Orange Juice Blend,Cappy,Beverages,Drinks & Beverages,1.5,,25.76,Coca-Cola Beverages SA,SAP_ERP,2026-02-24 04:09:53,BATCH-20260224-01
SKU-932048,Blue Ribbon White Bread,Blue Ribbon,Fresh Food,Bakery,1,,15.76,Premier FMCG,SAP_ERP,2026-02-24 04:09:53,BATCH-20260224-01
SKU-525764,Sunlight Dishwashing Liquid,Sunlight,Household,Cleaning Supplies,750,,32.59,Unilever,SAP_ERP,2026-02-24 04:09:53,BATCH-20260224-01
SKU-891768,Freshmark Potatoes,Freshmark,Fresh Food,Produce,2,,38.18,Freshmark,SAP_ERP,2026-02-24 04:09:53,BATCH-20260224-01
SKU-577150,Handy Andy Ammonia Floor Cleaner,Handy Andy,Household,Cleaning Supplies,750,,32.08,Unilever,SAP_ERP,2026-02-24 04:09:53,BATCH-20260224-01
SKU-120970,Cappy Orange Juice Blend,Cappy,Beverages,Drinks & Beverages,1.5,,26.64,Coca-Cola Beverages SA,SAP_ERP,2026-02-24 04:09:53,BATCH-20260224-01
SKU-399305,Simba Cheese & Onion Chips,Simba,Grocery Essentials,Snacks & Confectionery,120,,16.35,PepsiCo,SAP_ERP,2026-02-24 04:09:53,BATCH-20260224-01
SKU-311716,Farmbest Pork Chops,Farmbest,Fresh Food,Meat & Poultry,1,,98.89,Farmbest,SAP_ERP,2026-02-24 04:09:53,BATCH-20260224-01
SKU-110257,Freshmark Onions,Freshmark,Fresh Food,Produce,1,,18.52,Freshmark,SAP_ERP,2026-02-24 04:09:53,BATCH-20260224-01
SKU-273217,Albany Hot Dog Rolls,Albany,Fresh Food,Bakery,6,,20.65,Tiger Brands,SAP_ERP,2026-02-24 04:09:53,BATCH-20260224-01
SKU-569853,Freshmark Potatoes,Freshmark,Fresh Food,Produce,2,,30.41,Freshmark,SAP_ERP,2026-02-24 04:09:53,BATCH-20260224-01
SKU-724006,Rainbow Chicken Fresh Whole Chicken,Rainbow Chicken,Fresh Food,Meat & Poultry,1.5,,84.45,RCL Foods,SAP_ERP,2026-02-24 04:09:53,BATCH-20260224-01
SKU-867234,Ladismith Cheddar Cheese,Ladismith,Fresh Food,Dairy & Eggs,400,,52.28,Woodlands Dairy,SAP_ERP,2026-02-24 04:09:53,BATCH-20260224-01
SKU-188543,Clover Full Cream Milk,,Fresh Food,Dairy & Eggs,2,,32.21,Clover SA,SAP_ERP,2026-02-24 04:09:53,BATCH-20260224-01
SKU-201160,Nulaid Extra Large Eggs,Nulaid,Fresh Food,Dairy & Eggs,30,,82.1,Quantum Foods,SAP_ERP,2026-02-24 04:09:53,BATCH-20260224-01
SKU-442258,Country Fair Chicken Braaipack,Country Fair,Fresh Food,Meat & Poultry,1.5,,84.9,Astral Foods,SAP_ERP,2026-02-24 04:09:53,BATCH-20260224-01
SKU-101010,Lays Lightly Salted Chips,Lays,Grocery Essentials,Snacks & Confectionery,120,,18.11,PepsiCo,SAP_ERP,2026-02-24 04:09:53,BATCH-20260224-01
SKU-448936,Nature's Choice Bananas,Nature's Choice,Fresh Food,Produce,1,,24.55,Freshmark,SAP_ERP,2026-02-24 04:09:53,BATCH-20260224-01
SKU-760580,Sunbake Brown Bread,Sunbake,Fresh Food,Bakery,1,,16.75,RCL Foods,SAP_ERP,2026-02-24 04:09:53,BATCH-20260224-01
SKU-673327,Sunbake Brown Bread,Sunbake,Fresh Food,Bakery,1,,15.72,RCL Foods,SAP_ERP,2026-02-24 04:09:53,BATCH-20260224-01
SKU-566137,Sunlight Dishwashing Liquid,Sunlight,Household,Cleaning Supplies,750,,31.82,Unilever,SAP_ERP,2026-02-24 04:09:53,BATCH-20260224-01
SKU-375540,Nulaid Large Eggs,Nulaid,Fresh Food,Dairy & Eggs,18,,,Quantum Foods,SAP_ERP,2026-02-24 04:09:53,BATCH-20260224-01
SKU-395962,Nulaid Large Eggs,Nulaid,Fresh Food,Dairy & Eggs,18,,48.21,Quantum Foods,SAP_ERP,2026-02-24 04:09:53,BATCH-20260224-01
SKU-298980,Albany Brown Bread,Albany,Fresh Food,Bakery,1,,14.68,Tiger Brands,SAP_ERP,2026-02-24 04:09:53,BATCH-20260224-01
SKU-662625,Handy Andy Ammonia Floor Cleaner,Handy Andy,Household,Cleaning Supplies,750,,27.95,Unilever,SAP_ERP,2026-02-24 04:09:53,BATCH-20260224-01
SKU-251571,Clover Full Cream Milk,Clover,Fresh Food,Dairy & Eggs,2,,37.45,Clover SA,SAP_ERP,2026-02-24 04:09:53,BATCH-20260224-01
SKU-763561,Danone NutriDay Plain Yoghurt,Danone,Fresh Food,Dairy & Eggs,1,,37.11,Danone,SAP_ERP,2026-02-24 04:09:53,BATCH-20260224-01
SKU-663981,Albany Brown Bread,Albany,Fresh Food,Bakery,1,,14.23,Tiger Brands,SAP_ERP,2026-02-24 04:09:53,BATCH-20260224-01
SKU-849132,Liqui Fruit 100% Fruit Juice,Liqui Fruit,Beverages,Drinks & Beverages,1,,26.89,Pioneer Foods,SAP_ERP,2026-02-24 04:09:53,BATCH-20260224-01
SKU-760996,Beacon Sweets Pack,Beacon,Grocery Essentials,Snacks & Confectionery,100,,17.01,Tiger Brands,SAP_ERP,2026-02-24 04:09:53,BATCH-20260224-01
SKU-207340,ZZ2 Tomatoes,ZZ2,Fresh Food,Produce,1,,21.47,ZZ2,SAP_ERP,2026-02-24 04:09:53,BATCH-20260224-01
SKU-710116,Lays Lightly Salted Chips,Lays,Grocery Essentials,Snacks & Confectionery,120,,19.14,PepsiCo,SAP_ERP,2026-02-24 04:09:53,BATCH-20260224-01
SKU-769308,Nulaid Large Eggs,Nulaid,Fresh Food,Dairy & Eggs,18,,48.18,Quantum Foods,SAP_ERP,2026-02-24 04:09:53,BATCH-20260224-01
SKU-966210,Freshmark Onions,Freshmark,Fresh Food,Produce,1,,17.18,Freshmark,SAP_ERP,2026-02-24 04:09:53,BATCH-20260224-01
SKU-102172,Freshmark Onions,Freshmark,Fresh Food,Produce,1,,21.23,Freshmark,SAP_ERP,2026-02-24 04:09:53,BATCH-20260224-01
SKU-960134,Danone NutriDay Plain Yoghurt,Danone,Fresh Food,Dairy & Eggs,1,,32.6,Danone,SAP_ERP,2026-02-24 04:09:53,BATCH-20260224-01
SKU-187699,Farmbest Pork Chops,Farmbest,Fresh Food,Meat & Poultry,1,,89.18,Farmbest,SAP_ERP,2026-02-24 04:09:53,BATCH-20260224-01
SKU-692843,Albany White Bread,Albany,Fresh Food,Bakery,1,,16.93,Tiger Brands,SAP_ERP,2026-02-24 04:09:53,BATCH-20260224-01
SKU-605638,Liqui Fruit 100% Fruit Juice,Liqui Fruit,Beverages,Drinks & Beverages,1,,26.57,Pioneer Foods,SAP_ERP,2026-02-24 04:09:53,BATCH-20260224-01
SKU-147468,Freshmark Potatoes,Freshmark,Fresh Food,Produce,2,,38.56,Freshmark,SAP_ERP,2026-02-24 04:09:53,BATCH-20260224-01
SKU-356137,Farmbest Pork Chops,Farmbest,Fresh Food,Meat & Poultry,1,,88.36,Farmbest,SAP_ERP,2026-02-24 04:09:53,BATCH-20260224-01
SKU-370669,Championship Boerewors Thick Boerewors,Championship Boerewors,Fresh Food,Meat & Poultry,1,,87.4,Shoprite Private Label,SAP_ERP,2026-02-24 04:09:53,BATCH-20260224-01
SKU-585671,Nature's Choice Bananas,Nature's Choice,Fresh Food,Produce,1,,23.28,Freshmark,SAP_ERP,2026-02-24 04:09:53,BATCH-20260224-01
SKU-824919,Nulaid Extra Large Eggs,Nulaid,Fresh Food,Dairy & Eggs,30,,83.43,Quantum Foods,SAP_ERP,2026-02-24 04:09:53,BATCH-20260224-01
SKU-747627,Clover Full Cream Milk,Clover,Fresh Food,Dairy & Eggs,2,,35.95,Clover SA,SAP_ERP,2026-02-24 04:09:53,BATCH-20260224-01
SKU-110957,Cadbury Dairy Milk Chocolate Slab,Cadbury,Grocery Essentials,Snacks & Confectionery,150,,27.48,Mondelez,SAP_ERP,2026-02-24 04:09:53,BATCH-20260224-01
SKU-156997,Nature's Choice Bananas,Nature's Choice,Fresh Food,Produce,1,,18.84,Freshmark,SAP_ERP,2026-02-24 04:09:53,BATCH-20260224-01
SKU-351255,Championship Boerewors Thick Boerewors,Championship Boerewors,Fresh Food,Meat & Poultry,1,,103.55,Shoprite Private Label,SAP_ERP,2026-02-24 04:09:53,BATCH-20260224-01
SKU-351255,Championship Boerewors Thick Boerewors,Championship Boerewors,Fresh Food,Meat & Poultry,1,,103.55,Shoprite Private Label,SAP_ERP,2026-02-24 04:09:53,BATCH-20260224-01
SKU-157336,Freshmark Onions,Freshmark,Fresh Food,Produce,1,,20.19,Freshmark,SAP_ERP,2026-02-24 04:09:53,BATCH-20260224-01
SKU-480327,Freshmark Onions,Freshmark,Fresh Food,Produce,1,,18.0,Freshmark,SAP_ERP,2026-02-24 04:09:53,BATCH-20260224-01
SKU-852377,Sunlight Dishwashing Liquid,Sunlight,Household,Cleaning Supplies,750,,29.15,Unilever,SAP_ERP,2026-02-24 04:09:53,BATCH-20260224-01
SKU-496663,NikNaks Cheese Snacks,NikNaks,Grocery Essentials,Snacks & Confectionery,135,,15.2,PepsiCo,SAP_ERP,2026-02-24 04:09:53,BATCH-20260224-01
SKU-239101,Danone NutriDay Plain Yoghurt,Danone,Fresh Food,Dairy & Eggs,1,,36.49,Danone,SAP_ERP,2026-02-24 04:09:53,BATCH-20260224-01
SKU-549792,Parmalat Cheddar Cheese,Parmalat,Fresh Food,Dairy & Eggs,400,,59.51,Parmalat,SAP_ERP,2026-02-24 04:09:53,BATCH-20260224-01
SKU-504711,Parmalat Cheddar Cheese,Parmalat,Fresh Food,Dairy & Eggs,400,,50.05,Parmalat,SAP_ERP,2026-02-24 04:09:53,BATCH-20260224-01
SKU-229425,Clover Low Fat Milk,Clover,Fresh Food,Dairy & Eggs,2,,36.63,Clover SA,SAP_ERP,2026-02-24 04:09:53,BATCH-20260224-01
SKU-128489,Rainbow Chicken Chicken Mixed Portions (IQF),Rainbow Chicken,Fresh Food,Meat & Poultry,2,,90.26,RCL Foods,SAP_ERP,2026-02-24 04:09:53,BATCH-20260224-01
SKU-190512,Nature's Choice Bananas,Nature's Choice,Fresh Food,Produce,1,,22.35,Freshmark,SAP_ERP,2026-02-24 04:09:53,BATCH-20260224-01
SKU-689229,Freshmark Potatoes,Freshmark,Fresh Food,Produce,2,,31.9,Freshmark,SAP_ERP,2026-02-24 04:09:53,BATCH-20260224-01
SKU-726034,Rainbow Chicken Chicken Mixed Portions (IQF),Rainbow Chicken,Fresh Food,Meat & Poultry,2,,90.95,RCL Foods,SAP_ERP,2026-02-24 04:09:53,BATCH-20260224-01
SKU-557007,NikNaks Cheese Snacks,NikNaks,Grocery Essentials,Snacks & Confectionery,135,,15.41,PepsiCo,SAP_ERP,2026-02-24 04:09:53,BATCH-20260224-01
SKU-740005,Coca-Cola Coca-Cola Original,Coca-Cola,Beverages,Drinks & Beverages,2,,23.4,Coca-Cola Beverages SA,SAP_ERP,2026-02-24 04:09:53,BATCH-20260224-01
SKU-895721,Omo Auto Washing Powder,Omo,Household,Cleaning Supplies,2,,103.12,Unilever,SAP_ERP,2026-02-24 04:09:53,BATCH-20260224-01
SKU-359688,Farmbest Pork Chops,Farmbest,Fresh Food,Meat & Poultry,1,,83.69,Farmbest,SAP_ERP,2026-02-24 04:09:53,BATCH-20260224-01
SKU-402072,Doritos Sweet Chilli Pepper Chips,Doritos,Grocery Essentials,Snacks & Confectionery,145,,21.48,PepsiCo,SAP_ERP,2026-02-24 04:09:53,BATCH-20260224-01
SKU-477388,Cappy Orange Juice Blend,Cappy,Beverages,Drinks & Beverages,1.5,,27.83,Coca-Cola Beverages SA,SAP_ERP,2026-02-24 04:09:53,BATCH-20260224-01
SKU-147960,Nulaid Extra Large Eggs,Nulaid,Fresh Food,Dairy & Eggs,30,,81.09,Quantum Foods,SAP_ERP,2026-02-24 04:09:53,BATCH-20260224-01
SKU-367498,Liqui Fruit 100% Fruit Juice,Liqui Fruit,Beverages,Drinks & Beverages,1,,27.93,Pioneer Foods,SAP_ERP,2026-02-24 04:09:53,BATCH-20260224-01
SKU-172457,Beacon Sweets Pack,Beacon,Grocery Essentials,Snacks & Confectionery,100,,,Tiger Brands,SAP_ERP,2026-02-24 04:09:53,BATCH-20260224-01
SKU-200244,Simba Cheese & Onion Chips,Simba,Grocery Essentials,Snacks & Confectionery,120,,19.98,PepsiCo,SAP_ERP,2026-02-24 04:09:53,BATCH-20260224-01
SKU-818328,Freshmark Potatoes,Freshmark,Fresh Food,Produce,2,,32.77,Freshmark,SAP_ERP,2026-02-24 04:09:53,BATCH-20260224-01
SKU-443438,Coca-Cola Coca-Cola Original,Coca-Cola,Beverages,Drinks & Beverages,2,,25.53,Coca-Cola Beverages SA,SAP_ERP,2026-02-24 04:09:53,BATCH-20260224-01
SKU-516784,Omo Auto Washing Powder,Omo,Household,Cleaning Supplies,2,,93.2,Unilever,SAP_ERP,2026-02-24 04:09:53,BATCH-20260224-01
SKU-635841,Oros Orange Squash,Oros,Beverages,Drinks & Beverages,2,,39.94,Tiger Brands,SAP_ERP,2026-02-24 04:09:53,BATCH-20260224-01
SKU-197738,Ladismith Cheddar Cheese,Ladismith,Fresh Food,Dairy & Eggs,400,,50.45,Woodlands Dairy,SAP_ERP,2026-02-24 04:09:53,BATCH-20260224-01
SKU-395950,Beacon Sweets Pack,Beacon,Grocery Essentials,Snacks & Confectionery,100,,19.8,Tiger Brands,SAP_ERP,2026-02-24 04:09:53,BATCH-20260224-01
SKU-428035,Doritos Sweet Chilli Pepper Chips,Doritos,Grocery Essentials,Snacks & Confectionery,145,,18.93,PepsiCo,SAP_ERP,2026-02-24 04:09:53,BATCH-20260224-01
SKU-633844,Freshmark Onions,Freshmark,Fresh Food,Produce,1,,19.62,Freshmark,SAP_ERP,2026-02-24 04:09:53,BATCH-20260224-01
SKU-985100,Oros Orange Squash,Oros,Beverages,Drinks & Beverages,2,,38.05,Tiger Brands,SAP_ERP,2026-02-24 04:09:53,BATCH-20260224-01
SKU-481454,Handy Andy Ammonia Floor Cleaner,Handy Andy,Household,Cleaning Supplies,750,,27.66,Unilever,SAP_ERP,2026-02-24 04:09:53,BATCH-20260224-01
SKU-350625,Simba Smoked Beef Chips,Simba,Grocery Essentials,Snacks & Confectionery,120,,16.62,PepsiCo,SAP_ERP,2026-02-24 04:09:53,BATCH-20260224-01
SKU-524370,Parmalat Cheddar Cheese,Parmalat,Fresh Food,Dairy & Eggs,400,,56.09,Parmalat,SAP_ERP,2026-02-24 04:09:53,BATCH-20260224-01
SKU-524370,Parmalat Cheddar Cheese,Parmalat,Fresh Food,Dairy & Eggs,400,,56.09,Parmalat,SAP_ERP,2026-02-24 04:09:54,BATCH-20260224-01
SKU-733462,Cadbury Dairy Milk Chocolate Slab,Cadbury,Grocery Essentials,Snacks & Confectionery,150,,29.53,Mondelez,SAP_ERP,2026-02-24 04:09:53,BATCH-20260224-01
SKU-547544,Rainbow Chicken Fresh Whole Chicken,Rainbow Chicken,Fresh Food,Meat & Poultry,1.5,,89.32,RCL Foods,SAP_ERP,2026-02-24 04:09:53,BATCH-20260224-01
SKU-783412,Simba Cheese & Onion Chips,Simba,Grocery Essentials,Snacks & Confectionery,120,,18.7,PepsiCo,SAP_ERP,2026-02-24 04:09:53,BATCH-20260224-01
SKU-982956,Doritos Sweet Chilli Pepper Chips,Doritos,Grocery Essentials,Snacks & Confectionery,145,,18.57,PepsiCo,SAP_ERP,2026-02-24 04:09:53,BATCH-20260224-01
SKU-263706,Coca-Cola Coca-Cola No Sugar,Coca-Cola,Beverages,Drinks & Beverages,2,,23.41,Coca-Cola Beverages SA,SAP_ERP,2026-02-24 04:09:53,BATCH-20260224-01
SKU-104123,Blue Ribbon White Bread,Blue Ribbon,Fresh Food,Bakery,1,,15.83,Premier FMCG,SAP_ERP,2026-02-24 04:09:53,BATCH-20260224-01
SKU-152977,Rainbow Chicken Fresh Whole Chicken,Rainbow Chicken,Fresh Food,Meat & Poultry,1.5,,83.0,RCL Foods,SAP_ERP,2026-02-24 04:09:53,BATCH-20260224-01
SKU-929389,Freshmark Onions,Freshmark,Fresh Food,Produce,1,,15.49,Freshmark,SAP_ERP,2026-02-24 04:09:53,BATCH-20260224-01
SKU-498309,Lays Lightly Salted Chips,Lays,Grocery Essentials,Snacks & Confectionery,120,,21.93,PepsiCo,SAP_ERP,2026-02-24 04:09:53,BATCH-20260224-01
SKU-825538,Freshmark Onions,Freshmark,Fresh Food,Produce,1,,20.17,Freshmark,SAP_ERP,2026-02-24 04:09:53,BATCH-20260224-01
SKU-288268,Doritos Sweet Chilli Pepper Chips,Doritos,Grocery Essentials,Snacks & Confectionery,145,,21.8,PepsiCo,SAP_ERP,2026-02-24 04:09:53,BATCH-20260224-01
SKU-241970,Cappy Orange Juice Blend,Cappy,Beverages,Drinks & Beverages,1.5,,28.27,Coca-Cola Beverages SA,SAP_ERP,2026-02-24 04:09:53,BATCH-20260224-01
SKU-699912,Cappy Orange Juice Blend,Cappy,Beverages,Drinks & Beverages,1.5,,25.74,Coca-Cola Beverages SA,SAP_ERP,2026-02-24 04:09:53,BATCH-20260224-01
SKU-267068,Cadbury Dairy Milk Chocolate Slab,Cadbury,Grocery Essentials,Snacks & Confectionery,150,,26.69,Mondelez,SAP_ERP,2026-02-24 04:09:53,BATCH-20260224-01
SKU-956670,Ladismith Cheddar Cheese,Ladismith,Fresh Food,Dairy & Eggs,400,,52.17,Woodlands Dairy,SAP_ERP,2026-02-24 04:09:53,BATCH-20260224-01
SKU-350325,Cadbury Dairy Milk Chocolate Slab,Cadbury,Grocery Essentials,Snacks & Confectionery,150,,26.44,Mondelez,SAP_ERP,2026-02-24 04:09:53,BATCH-20260224-01
SKU-859730,Simba Cheese & Onion Chips,Simba,Grocery Essentials,Snacks & Confectionery,120,,17.1,PepsiCo,SAP_ERP,2026-02-24 04:09:53,BATCH-20260224-01
SKU-791639,Simba Cheese & Onion Chips,Simba,Grocery Essentials,Snacks & Confectionery,120,,19.64,PepsiCo,SAP_ERP,2026-02-24 04:09:53,BATCH-20260224-01
SKU-856319,Championship Boerewors Thick Boerewors,Championship Boerewors,Fresh Food,Meat & Poultry,1,,100.22,Shoprite Private Label,SAP_ERP,2026-02-24 04:09:53,BATCH-20260224-01
SKU-827869,Parmalat Cheddar Cheese,Parmalat,Fresh Food,Dairy & Eggs,400,,57.3,Parmalat,SAP_ERP,2026-02-24 04:09:53,BATCH-20260224-01
SKU-527179,Blue Ribbon White Bread,Blue Ribbon,Fresh Food,Bakery,1,,14.08,Premier FMCG,SAP_ERP,2026-02-24 04:09:53,BATCH-20260224-01
SKU-416065,Ladismith Cheddar Cheese,Ladismith,Fresh Food,Dairy & Eggs,400,,,Woodlands Dairy,SAP_ERP,2026-02-24 04:09:53,BATCH-20260224-01
SKU-846933,Doritos Sweet Chilli Pepper Chips,Doritos,Grocery Essentials,Snacks & Confectionery,145,,18.16,PepsiCo,SAP_ERP,2026-02-24 04:09:53,BATCH-20260224-01
SKU-275252,Beacon Sweets Pack,Beacon,Grocery Essentials,Snacks & Confectionery,100,,15.05,Tiger Brands,SAP_ERP,2026-02-24 04:09:53,BATCH-20260224-01
SKU-488073,Liqui Fruit 100% Fruit Juice,Liqui Fruit,Beverages,Drinks & Beverages,1,,27.43,Pioneer Foods,SAP_ERP,2026-02-24 04:09:53,BATCH-20260224-01
SKU-596413,Simba Cheese & Onion Chips,Simba,Grocery Essentials,Snacks & Confectionery,120,,16.24,PepsiCo,SAP_ERP,2026-02-24 04:09:53,BATCH-20260224-01
SKU-705390,Freshmark Onions,Freshmark,Fresh Food,Produce,1,,16.43,Freshmark,SAP_ERP,2026-02-24 04:09:53,BATCH-20260224-01
SKU-705390,Freshmark Onions,Freshmark,Fresh Food,Produce,1,,16.43,Freshmark,SAP_ERP,2026-02-24 04:09:53,BATCH-20260224-01
SKU-138522,Clover Full Cream Milk,Clover,Fresh Food,Dairy & Eggs,2,,35.0,Clover SA,SAP_ERP,2026-02-24 04:09:53,BATCH-20260224-01
SKU-335606,Nulaid Extra Large Eggs,Nulaid,Fresh Food,Dairy & Eggs,30,,79.13,Quantum Foods,SAP_ERP,2026-02-24 04:09:53,BATCH-20260224-01
SKU-663418,Nature's Choice Bananas,Nature's Choice,Fresh Food,Produce,1,,23.89,Freshmark,SAP_ERP,2026-02-24 04:09:53,BATCH-20260224-01
SKU-236704,Nulaid Large Eggs,Nulaid,Fresh Food,Dairy & Eggs,18,,47.19,Quantum Foods,SAP_ERP,2026-02-24 04:09:53,BATCH-20260224-01
SKU-139884,Freshmark Onions,Freshmark,Fresh Food,Produce,1,,16.87,Freshmark,SAP_ERP,2026-02-24 04:09:53,BATCH-20260224-01
SKU-477189,Championship Boerewors Thick Boerewors,Championship Boerewors,Fresh Food,Meat & Poultry,1,,96.74,Shoprite Private Label,SAP_ERP,2026-02-24 04:09:53,BATCH-20260224-01
SKU-798696,Blue Ribbon White Bread,Blue Ribbon,Fresh Food,Bakery,1,,14.19,Premier FMCG,SAP_ERP,2026-02-24 04:09:53,BATCH-20260224-01
SKU-934371,Coca-Cola Coca-Cola Original,Coca-Cola,Beverages,Drinks & Beverages,2,,23.84,Coca-Cola Beverages SA,SAP_ERP,2026-02-24 04:09:53,BATCH-20260224-01
SKU-727524,Championship Boerewors Thick Boerewors,Championship Boerewors,Fresh Food,Meat & Poultry,1,,96.0,Shoprite Private Label,SAP_ERP,2026-02-24 04:09:53,BATCH-20260224-01
SKU-104712,Handy Andy Ammonia Floor Cleaner,Handy Andy,Household,Cleaning Supplies,750,,32.08,Unilever,SAP_ERP,2026-02-24 04:09:53,BATCH-20260224-01
SKU-741294,Oros Orange Squash,Oros,Beverages,Drinks & Beverages,2,,41.39,Tiger Brands,SAP_ERP,2026-02-24 04:09:53,BATCH-20260224-01
SKU-896091,Oros Orange Squash,Oros,Beverages,Drinks & Beverages,2,,40.07,Tiger Brands,SAP_ERP,2026-02-24 04:09:53,BATCH-20260224-01
SKU-120570,Rainbow Chicken Fresh Whole Chicken,Rainbow Chicken,Fresh Food,Meat & Poultry,1.5,,72.96,RCL Foods,SAP_ERP,2026-02-24 04:09:53,BATCH-20260224-01
SKU-115763,Domestos Thick Bleach,Domestos,Household,Cleaning Supplies,750,,33.07,Unilever,SAP_ERP,2026-02-24 04:09:53,BATCH-20260224-01
SKU-833156,Handy Andy Ammonia Floor Cleaner,Handy Andy,Household,Cleaning Supplies,750,,29.16,Unilever,SAP_ERP,2026-02-24 04:09:53,BATCH-20260224-01
SKU-373942,Rainbow Chicken Fresh Whole Chicken,Rainbow Chicken,Fresh Food,Meat & Poultry,1.5,,77.58,RCL Foods,SAP_ERP,2026-02-24 04:09:53,BATCH-20260224-01
SKU-361685,Clover Low Fat Milk,Clover,Fresh Food,Dairy & Eggs,2,,33.45,Clover SA,SAP_ERP,2026-02-24 04:09:53,BATCH-20260224-01
SKU-238263,Blue Ribbon White Bread,Blue Ribbon,Fresh Food,Bakery,1,,15.17,Premier FMCG,SAP_ERP,2026-02-24 04:09:53,BATCH-20260224-01
SKU-217798,ZZ2 Tomatoes,ZZ2,Fresh Food,Produce,1,,23.01,ZZ2,SAP_ERP,2026-02-24 04:09:53,BATCH-20260224-01
SKU-563413,Steakhouse Classic Beef T-Bone Steak,Steakhouse Classic,Fresh Food,Meat & Poultry,1,,137.54,Shoprite House Brand,SAP_ERP,2026-02-24 04:09:53,BATCH-20260224-01
SKU-782680,Sunlight Dishwashing Liquid,Sunlight,Household,Cleaning Supplies,750,,29.03,Unilever,SAP_ERP,2026-02-24 04:09:53,BATCH-20260224-01
SKU-165539,Simba Cheese & Onion Chips,Simba,Grocery Essentials,Snacks & Confectionery,120,,16.15,PepsiCo,SAP_ERP,2026-02-24 04:09:53,BATCH-20260224-01
SKU-840582,Nulaid Extra Large Eggs,Nulaid,Fresh Food,Dairy & Eggs,30,,81.15,Quantum Foods,SAP_ERP,2026-02-24 04:09:53,BATCH-20260224-01
SKU-747181,Blue Ribbon White Bread,Blue Ribbon,Fresh Food,Bakery,1,,15.95,Premier FMCG,SAP_ERP,2026-02-24 04:09:53,BATCH-20260224-01
SKU-464821,Rainbow Chicken Chicken Mixed Portions (IQF),Rainbow Chicken,Fresh Food,Meat & Poultry,2,,102.68,RCL Foods,SAP_ERP,2026-02-24 04:09:53,BATCH-20260224-01
SKU-341520,Beacon Sweets Pack,Beacon,Grocery Essentials,Snacks & Confectionery,100,,15.83,Tiger Brands,SAP_ERP,2026-02-24 04:09:53,BATCH-20260224-01
SKU-967373,Cadbury Dairy Milk Chocolate Slab,Cadbury,Grocery Essentials,Snacks & Confectionery,150,,30.23,Mondelez,SAP_ERP,2026-02-24 04:09:53,BATCH-20260224-01
SKU-574429,Parmalat Cheddar Cheese,Parmalat,Fresh Food,Dairy & Eggs,400,,59.79,Parmalat,SAP_ERP,2026-02-24 04:09:53,BATCH-20260224-01
SKU-158441,Albany White Bread,Albany,Fresh Food,Bakery,1,,15.87,Tiger Brands,SAP_ERP,2026-02-24 04:09:53,BATCH-20260224-01
SKU-943164,Lays Lightly Salted Chips,Lays,Grocery Essentials,Snacks & Confectionery,120,,19.51,PepsiCo,SAP_ERP,2026-02-24 04:09:53,BATCH-20260224-01
SKU-995650,Albany White Bread,Albany,Fresh Food,Bakery,1,,17.21,Tiger Brands,SAP_ERP,2026-02-24 04:09:53,BATCH-20260224-01
SKU-546436,Lays Lightly Salted Chips,Lays,Grocery Essentials,Snacks & Confectionery,120,,20.62,PepsiCo,SAP_ERP,2026-02-24 04:09:53,BATCH-20260224-01
SKU-333541,Liqui Fruit 100% Fruit Juice,Liqui Fruit,Beverages,Drinks & Beverages,1,,23.9,Pioneer Foods,SAP_ERP,2026-02-24 04:09:53,BATCH-20260224-01
SKU-436256,Rainbow Chicken Fresh Whole Chicken,Rainbow Chicken,Fresh Food,Meat & Poultry,1.5,,,RCL Foods,SAP_ERP,2026-02-24 04:09:53,BATCH-20260224-01
SKU-627618,NikNaks Cheese Snacks,NikNaks,Grocery Essentials,Snacks & Confectionery,135,,15.32,PepsiCo,SAP_ERP,2026-02-24 04:09:53,BATCH-20260224-01
SKU-271995,Cadbury Dairy Milk Chocolate Slab,Cadbury,Grocery Essentials,Snacks & Confectionery,150,,28.78,Mondelez,SAP_ERP,2026-02-24 04:09:53,BATCH-20260224-01
SKU-352972,Freshmark Apples,Freshmark,Fresh Food,Produce,1.5,,27.83,Freshmark,SAP_ERP,2026-02-24 04:09:53,BATCH-20260224-01
SKU-828325,Lays Lightly Salted Chips,Lays,Grocery Essentials,Snacks & Confectionery,120,,21.82,PepsiCo,SAP_ERP,2026-02-24 04:09:53,BATCH-20260224-01
SKU-144503,NikNaks Cheese Snacks,NikNaks,Grocery Essentials,Snacks & Confectionery,135,,14.22,PepsiCo,SAP_ERP,2026-02-24 04:09:53,BATCH-20260224-01
SKU-716552,Crystal Valley Plain Yoghurt,Crystal Valley,Fresh Food,Dairy & Eggs,1,,28.42,Lancewood,SAP_ERP,2026-02-24 04:09:53,BATCH-20260224-01
SKU-566709,Albany Brown Bread,Albany,Fresh Food,Bakery,1,,13.78,Tiger Brands,SAP_ERP,2026-02-24 04:09:53,BATCH-20260224-01
SKU-909176,Freshmark Potatoes,Freshmark,Fresh Food,Produce,2,,36.26,Freshmark,SAP_ERP,2026-02-24 04:09:53,BATCH-20260224-01
SKU-729315,Country Fair Chicken Braaipack,Country Fair,Fresh Food,Meat & Poultry,1.5,,81.41,Astral Foods,SAP_ERP,2026-02-24 04:09:53,BATCH-20260224-01
SKU-980964,Freshmark Apples,Freshmark,Fresh Food,Produce,1.5,,27.82,Freshmark,SAP_ERP,2026-02-24 04:09:53,BATCH-20260224-01
SKU-809675,Cadbury Dairy Milk Chocolate Slab,Cadbury,Grocery Essentials,Snacks & Confectionery,150,,28.98,Mondelez,SAP_ERP,2026-02-24 04:09:53,BATCH-20260224-01
SKU-729468,Parmalat Cheddar Cheese,Parmalat,Fresh Food,Dairy & Eggs,400,,59.43,Parmalat,SAP_ERP,2026-02-24 04:09:53,BATCH-20260224-01
SKU-812317,Sunlight Dishwashing Liquid,Sunlight,Household,Cleaning Supplies,750,,30.91,Unilever,SAP_ERP,2026-02-24 04:09:53,BATCH-20260224-01
SKU-799201,Simba Smoked Beef Chips,Simba,Grocery Essentials,Snacks & Confectionery,120,,18.77,PepsiCo,SAP_ERP,2026-02-24 04:09:53,BATCH-20260224-01
SKU-406450,Clover Full Cream Milk,Clover,Fresh Food,Dairy & Eggs,2,,35.09,Clover SA,SAP_ERP,2026-02-24 04:09:53,BATCH-20260224-01
SKU-375156,Cappy Orange Juice Blend,Cappy,Beverages,Drinks & Beverages,1.5,,27.19,Coca-Cola Beverages SA,SAP_ERP,2026-02-24 04:09:53,BATCH-20260224-01
SKU-326833,Albany Hot Dog Rolls,Albany,Fresh Food,Bakery,6,,21.13,Tiger Brands,SAP_ERP,2026-02-24 04:09:53,BATCH-20260224-01
SKU-975654,Cappy Orange Juice Blend,Cappy,Beverages,Drinks & Beverages,1.5,,28.56,Coca-Cola Beverages SA,SAP_ERP,2026-02-24 04:09:53,BATCH-20260224-01
SKU-495579,Albany Hot Dog Rolls,Albany,Fresh Food,Bakery,6,,22.7,Tiger Brands,SAP_ERP,2026-02-24 04:09:53,BATCH-20260224-01
SKU-338396,Country Fair Chicken Braaipack,Country Fair,Fresh Food,Meat & Poultry,1.5,,82.3,Astral Foods,SAP_ERP,2026-02-24 04:09:53,BATCH-20260224-01
SKU-116080,Sunbake Brown Bread,Sunbake,Fresh Food,Bakery,1,,14.41,RCL Foods,SAP_ERP,2026-02-24 04:09:53,BATCH-20260224-01
SKU-116080,Sunbake Brown Bread,Sunbake,Fresh Food,Bakery,1,,14.41,RCL Foods,SAP_ERP,2026-02-24 04:09:53,BATCH-20260224-01
SKU-866559,Freshmark Apples,Freshmark,Fresh Food,Produce,1.5,,22.76,Freshmark,SAP_ERP,2026-02-24 04:09:53,BATCH-20260224-01
SKU-821280,Omo Auto Washing Powder,Omo,Household,Cleaning Supplies,2,,99.99,Unilever,SAP_ERP,2026-02-24 04:09:53,BATCH-20260224-01
SKU-360808,Simba Smoked Beef Chips,Simba,Grocery Essentials,Snacks & Confectionery,120,,16.64,PepsiCo,SAP_ERP,2026-02-24 04:09:53,BATCH-20260224-01
SKU-420610,Freshmark Apples,Freshmark,Fresh Food,Produce,1.5,,24.54,Freshmark,SAP_ERP,2026-02-24 04:09:53,BATCH-20260224-01
SKU-264275,Handy Andy Ammonia Floor Cleaner,Handy Andy,Household,Cleaning Supplies,750,,31.03,Unilever,SAP_ERP,2026-02-24 04:09:53,BATCH-20260224-01
SKU-651914,Clover Low Fat Milk,Clover,Fresh Food,Dairy & Eggs,2,,33.79,Clover SA,SAP_ERP,2026-02-24 04:09:53,BATCH-20260224-01
SKU-709088,Rainbow Chicken Fresh Whole Chicken,Rainbow Chicken,Fresh Food,Meat & Poultry,1.5,,72.29,RCL Foods,SAP_ERP,2026-02-24 04:09:53,BATCH-20260224-01
SKU-273451,Sunlight Dishwashing Liquid,Sunlight,Household,Cleaning Supplies,750,,30.41,Unilever,SAP_ERP,2026-02-24 04:09:53,BATCH-20260224-01
SKU-834590,Blue Ribbon White Bread,Blue Ribbon,Fresh Food,Bakery,1,,,Premier FMCG,SAP_ERP,2026-02-24 04:09:53,BATCH-20260224-01
SKU-443593,Beacon Sweets Pack,Beacon,Grocery Essentials,Snacks & Confectionery,100,,18.78,Tiger Brands,SAP_ERP,2026-02-24 04:09:53,BATCH-20260224-01
SKU-973698,Domestos Thick Bleach,Domestos,Household,Cleaning Supplies,750,,35.47,Unilever,SAP_ERP,2026-02-24 04:09:53,BATCH-20260224-01
SKU-295164,Doritos Sweet Chilli Pepper Chips,Doritos,Grocery Essentials,Snacks & Confectionery,145,,18.73,PepsiCo,SAP_ERP,2026-02-24 04:09:53,BATCH-20260224-01
SKU-390978,Blue Ribbon White Bread,Blue Ribbon,Fresh Food,Bakery,1,,17.52,Premier FMCG,SAP_ERP,2026-02-24 04:09:53,BATCH-20260224-01
SKU-849885,Championship Boerewors Thick Boerewors,Championship Boerewors,Fresh Food,Meat & Poultry,1,,89.83,Shoprite Private Label,SAP_ERP,2026-02-24 04:09:53,BATCH-20260224-01
SKU-843067,Sunbake Brown Bread,Sunbake,Fresh Food,Bakery,1,,14.0,RCL Foods,SAP_ERP,2026-02-24 04:09:53,BATCH-20260224-01
SKU-175092,Doritos Sweet Chilli Pepper Chips,Doritos,Grocery Essentials,Snacks & Confectionery,145,,19.84,PepsiCo,SAP_ERP,2026-02-24 04:09:53,BATCH-20260224-01
SKU-558093,Rainbow Chicken Fresh Whole Chicken,Rainbow Chicken,Fresh Food,Meat & Poultry,1.5,,77.98,RCL Foods,SAP_ERP,2026-02-24 04:09:53,BATCH-20260224-01
SKU-611216,Oros Orange Squash,Oros,Beverages,Drinks & Beverages,2,,40.93,Tiger Brands,SAP_ERP,2026-02-24 04:09:53,BATCH-20260224-01
SKU-695137,Lays Lightly Salted Chips,Lays,Grocery Essentials,Snacks & Confectionery,120,,19.49,PepsiCo,SAP_ERP,2026-02-24 04:09:53,BATCH-20260224-01
SKU-716344,NikNaks Cheese Snacks,NikNaks,Grocery Essentials,Snacks & Confectionery,135,,15.4,PepsiCo,SAP_ERP,2026-02-24 04:09:53,BATCH-20260224-01
SKU-445117,Clover Full Cream Milk,Clover,Fresh Food,Dairy & Eggs,2,,32.23,Clover SA,SAP_ERP,2026-02-24 04:09:53,BATCH-20260224-01
SKU-790927,Coca-Cola Coca-Cola No Sugar,Coca-Cola,Beverages,Drinks & Beverages,2,,,Coca-Cola Beverages SA,SAP_ERP,2026-02-24 04:09:53,BATCH-20260224-01
SKU-591137,Blue Ribbon White Bread,Blue Ribbon,Fresh Food,Bakery,1,,17.7,Premier FMCG,SAP_ERP,2026-02-24 04:09:53,BATCH-20260224-01
SKU-610475,Liqui Fruit 100% Fruit Juice,Liqui Fruit,Beverages,Drinks & Beverages,1,,24.28,Pioneer Foods,SAP_ERP,2026-02-24 04:09:53,BATCH-20260224-01
SKU-961678,Coca-Cola Coca-Cola Original,Coca-Cola,Beverages,Drinks & Beverages,2,,24.24,Coca-Cola Beverages SA,SAP_ERP,2026-02-24 04:09:53,BATCH-20260224-01
SKU-209914,Cadbury Dairy Milk Chocolate Slab,Cadbury,Grocery Essentials,Snacks & Confectionery,150,,28.78,Mondelez,SAP_ERP,2026-02-24 04:09:53,BATCH-20260224-01
SKU-113389,Albany Hot Dog Rolls,Albany,Fresh Food,Bakery,6,,18.55,Tiger Brands,SAP_ERP,2026-02-24 04:09:53,BATCH-20260224-01
SKU-646969,Omo Auto Washing Powder,Omo,Household,Cleaning Supplies,2,,87.01,Unilever,SAP_ERP,2026-02-24 04:09:53,BATCH-20260224-01
SKU-837412,Domestos Thick Bleach,Domestos,Household,Cleaning Supplies,750,,35.12,Unilever,SAP_ERP,2026-02-24 04:09:53,BATCH-20260224-01
SKU-404724,NikNaks Cheese Snacks,NikNaks,Grocery Essentials,Snacks & Confectionery,135,,14.02,PepsiCo,SAP_ERP,2026-02-24 04:09:53,BATCH-20260224-01
SKU-910311,Coca-Cola Coca-Cola Original,Coca-Cola,Beverages,Drinks & Beverages,2,,23.83,Coca-Cola Beverages SA,SAP_ERP,2026-02-24 04:09:53,BATCH-20260224-01
SKU-910311,Coca-Cola Coca-Cola Original,Coca-Cola,Beverages,Drinks & Beverages,2,,23.83,Coca-Cola Beverages SA,SAP_ERP,2026-02-24 04:09:53,BATCH-20260224-01
SKU-818251,Country Fair Chicken Braaipack,Country Fair,Fresh Food,Meat & Poultry,1.5,,78.46,Astral Foods,SAP_ERP,2026-02-24 04:09:53,BATCH-20260224-01
SKU-529792,Handy Andy Ammonia Floor Cleaner,Handy Andy,Household,Cleaning Supplies,750,,28.28,Unilever,SAP_ERP,2026-02-24 04:09:53,BATCH-20260224-01
SKU-217666,Simba Cheese & Onion Chips,Simba,Grocery Essentials,Snacks & Confectionery,120,,19.43,PepsiCo,SAP_ERP,2026-02-24 04:09:53,BATCH-20260224-01
SKU-595352,Doritos Sweet Chilli Pepper Chips,Doritos,Grocery Essentials,Snacks & Confectionery,145,,22.51,PepsiCo,SAP_ERP,2026-02-24 04:09:53,BATCH-20260224-01
SKU-530085,Crystal Valley Plain Yoghurt,Crystal Valley,Fresh Food,Dairy & Eggs,1,,29.81,Lancewood,SAP_ERP,2026-02-24 04:09:53,BATCH-20260224-01
SKU-721092,Sunlight Dishwashing Liquid,Sunlight,Household,Cleaning Supplies,750,,29.12,Unilever,SAP_ERP,2026-02-24 04:09:53,BATCH-20260224-01
SKU-655528,Blue Ribbon White Bread,Blue Ribbon,Fresh Food,Bakery,1,,17.56,Premier FMCG,SAP_ERP,2026-02-24 04:09:53,BATCH-20260224-01
SKU-577641,Omo Auto Washing Powder,Omo,Household,Cleaning Supplies,2,,102.24,Unilever,SAP_ERP,2026-02-24 04:09:53,BATCH-20260224-01
SKU-342402,Nulaid Large Eggs,Nulaid,Fresh Food,Dairy & Eggs,18,,45.39,Quantum Foods,SAP_ERP,2026-02-24 04:09:53,BATCH-20260224-01
SKU-819870,Clover Low Fat Milk,Clover,Fresh Food,Dairy & Eggs,2,,34.27,Clover SA,SAP_ERP,2026-02-24 04:09:53,BATCH-20260224-01
SKU-534648,Nulaid Extra Large Eggs,Nulaid,Fresh Food,Dairy & Eggs,30,,79.44,Quantum Foods,SAP_ERP,2026-02-24 04:09:53,BATCH-20260224-01
SKU-595005,Coca-Cola Coca-Cola No Sugar,Coca-Cola,Beverages,Drinks & Beverages,2,,21.76,Coca-Cola Beverages SA,SAP_ERP,2026-02-24 04:09:53,BATCH-20260224-01
SKU-326093,Parmalat Cheddar Cheese,Parmalat,Fresh Food,Dairy & Eggs,400,,52.07,Parmalat,SAP_ERP,2026-02-24 04:09:53,BATCH-20260224-01
SKU-634890,Omo Auto Washing Powder,Omo,Household,Cleaning Supplies,2,,97.11,Unilever,SAP_ERP,2026-02-24 04:09:53,BATCH-20260224-01
SKU-769408,Oros Orange Squash,Oros,Beverages,Drinks & Beverages,2,,43.0,Tiger Brands,SAP_ERP,2026-02-24 04:09:53,BATCH-20260224-01
SKU-842908,Coca-Cola Coca-Cola Original,Coca-Cola,Beverages,Drinks & Beverages,2,,,Coca-Cola Beverages SA,SAP_ERP,2026-02-24 04:09:53,BATCH-20260224-01
SKU-304070,Country Fair Chicken Braaipack,Country Fair,Fresh Food,Meat & Poultry,1.5,,75.51,Astral Foods,SAP_ERP,2026-02-24 04:09:53,BATCH-20260224-01
SKU-406576,Beacon Sweets Pack,Beacon,Grocery Essentials,Snacks & Confectionery,100,,19.11,Tiger Brands,SAP_ERP,2026-02-24 04:09:53,BATCH-20260224-01
SKU-286796,Albany White Bread,Albany,Fresh Food,Bakery,1,,15.25,Tiger Brands,SAP_ERP,2026-02-24 04:09:53,BATCH-20260224-01
SKU-340769,Oros Orange Squash,Oros,Beverages,Drinks & Beverages,2,,38.92,Tiger Brands,SAP_ERP,2026-02-24 04:09:53,BATCH-20260224-01
SKU-796204,Farmbest Pork Chops,Farmbest,Fresh Food,Meat & Poultry,1,,97.07,Farmbest,SAP_ERP,2026-02-24 04:09:53,BATCH-20260224-01
SKU-985883,Parmalat Cheddar Cheese,Parmalat,Fresh Food,Dairy & Eggs,400,,50.78,Parmalat,SAP_ERP,2026-02-24 04:09:53,BATCH-20260224-01
SKU-911562,Crystal Valley Plain Yoghurt,Crystal Valley,Fresh Food,Dairy & Eggs,1,,30.87,Lancewood,SAP_ERP,2026-02-24 04:09:53,BATCH-20260224-01
SKU-573707,Sunlight Dishwashing Liquid,Sunlight,Household,Cleaning Supplies,750,,32.95,Unilever,SAP_ERP,2026-02-24 04:09:53,BATCH-20260224-01
SKU-671623,Clover Full Cream Milk,Clover,Fresh Food,Dairy & Eggs,2,,37.46,Clover SA,SAP_ERP,2026-02-24 04:09:53,BATCH-20260224-01
SKU-753990,Omo Auto Washing Powder,Omo,Household,Cleaning Supplies,2,,104.71,Unilever,SAP_ERP,2026-02-24 04:09:53,BATCH-20260224-01
SKU-333768,Rainbow Chicken Chicken Mixed Portions (IQF),Rainbow Chicken,Fresh Food,Meat & Poultry,2,,93.87,RCL Foods,SAP_ERP,2026-02-24 04:09:53,BATCH-20260224-01
SKU-795059,Rainbow Chicken Chicken Mixed Portions (IQF),Rainbow Chicken,Fresh Food,Meat & Poultry,2,,103.44,RCL Foods,SAP_ERP,2026-02-24 04:09:53,BATCH-20260224-01
SKU-712572,Albany Brown Bread,Albany,Fresh Food,Bakery,1,,13.82,Tiger Brands,SAP_ERP,2026-02-24 04:09:53,BATCH-20260224-01
SKU-469464,Albany Hot Dog Rolls,Albany,Fresh Food,Bakery,6,,19.27,Tiger Brands,SAP_ERP,2026-02-24 04:09:53,BATCH-20260224-01
SKU-763296,Freshmark Potatoes,Freshmark,Fresh Food,Produce,2,,36.79,Freshmark,SAP_ERP,2026-02-24 04:09:53,BATCH-20260224-01
SKU-578593,Cadbury Dairy Milk Chocolate Slab,Cadbury,Grocery Essentials,Snacks & Confectionery,150,,29.26,Mondelez,SAP_ERP,2026-02-24 04:09:53,BATCH-20260224-01
SKU-744140,Domestos Thick Bleach,Domestos,Household,Cleaning Supplies,750,,34.11,Unilever,SAP_ERP,2026-02-24 04:09:53,BATCH-20260224-01
SKU-462597,Simba Cheese & Onion Chips,Simba,Grocery Essentials,Snacks & Confectionery,120,,18.45,PepsiCo,SAP_ERP,2026-02-24 04:09:53,BATCH-20260224-01
SKU-838388,Liqui Fruit 100% Fruit Juice,Liqui Fruit,Beverages,Drinks & Beverages,1,,26.01,Pioneer Foods,SAP_ERP,2026-02-24 04:09:53,BATCH-20260224-01
SKU-754379,Nulaid Extra Large Eggs,Nulaid,Fresh Food,Dairy & Eggs,30,,84.77,Quantum Foods,SAP_ERP,2026-02-24 04:09:53,BATCH-20260224-01
SKU-847452,Albany Brown Bread,Albany,Fresh Food,Bakery,,,13.54,Tiger Brands,SAP_ERP,2026-02-24 04:09:53,BATCH-20260224-01
SKU-155280,Farmbest Pork Chops,Farmbest,Fresh Food,Meat & Poultry,1,,99.4,Farmbest,SAP_ERP,2026-02-24 04:09:53,BATCH-20260224-01
SKU-165116,Nature's Choice Bananas,Nature's Choice,Fresh Food,Produce,1,,18.51,Freshmark,SAP_ERP,2026-02-24 04:09:53,BATCH-20260224-01
SKU-573834,Coca-Cola Coca-Cola Original,Coca-Cola,Beverages,Drinks & Beverages,2,,24.6,Coca-Cola Beverages SA,SAP_ERP,2026-02-24 04:09:53,BATCH-20260224-01
SKU-371159,Ladismith Cheddar Cheese,Ladismith,Fresh Food,Dairy & Eggs,400,,50.08,Woodlands Dairy,SAP_ERP,2026-02-24 04:09:53,BATCH-20260224-01
SKU-896994,Albany Brown Bread,Albany,Fresh Food,Bakery,1,,16.68,Tiger Brands,SAP_ERP,2026-02-24 04:09:53,BATCH-20260224-01
SKU-547288,Championship Boerewors Thick Boerewors,Championship Boerewors,Fresh Food,Meat & Poultry,1,,101.8,Shoprite Private Label,SAP_ERP,2026-02-24 04:09:53,BATCH-20260224-01
SKU-726902,Country Fair Chicken Braaipack,Country Fair,Fresh Food,Meat & Poultry,1.5,,75.42,Astral Foods,SAP_ERP,2026-02-24 04:09:53,BATCH-20260224-01
SKU-800235,Liqui Fruit 100% Fruit Juice,Liqui Fruit,Beverages,Drinks & Beverages,1,,25.26,Pioneer Foods,SAP_ERP,2026-02-24 04:09:53,BATCH-20260224-01
SKU-833828,ZZ2 Tomatoes,ZZ2,Fresh Food,Produce,1,,21.91,ZZ2,SAP_ERP,2026-02-24 04:09:53,BATCH-20260224-01
SKU-260267,Simba Cheese & Onion Chips,Simba,Grocery Essentials,Snacks & Confectionery,120,,19.23,PepsiCo,SAP_ERP,2026-02-24 04:09:53,BATCH-20260224-01
SKU-302036,Albany Hot Dog Rolls,Albany,Fresh Food,Bakery,6,,19.09,Tiger Brands,SAP_ERP,2026-02-24 04:09:53,BATCH-20260224-01
SKU-678419,Danone NutriDay Plain Yoghurt,Danone,Fresh Food,Dairy & Eggs,1,,36.19,Danone,SAP_ERP,2026-02-24 04:09:53,BATCH-20260224-01
SKU-239008,Steakhouse Classic Beef T-Bone Steak,Steakhouse Classic,Fresh Food,Meat & Poultry,1,,122.19,Shoprite House Brand,SAP_ERP,2026-02-24 04:09:53,BATCH-20260224-01
SKU-843655,Championship Boerewors Thick Boerewors,Championship Boerewors,Fresh Food,Meat & Poultry,1,,90.17,Shoprite Private Label,SAP_ERP,2026-02-24 04:09:53,BATCH-20260224-01
SKU-985920,Cadbury Dairy Milk Chocolate Slab,Cadbury,Grocery Essentials,Snacks & Confectionery,150,,28.92,Mondelez,SAP_ERP,2026-02-24 04:09:53,BATCH-20260224-01
SKU-985920,Cadbury Dairy Milk Chocolate Slab,Cadbury,Grocery Essentials,Snacks & Confectionery,150,,28.92,Mondelez,SAP_ERP,2026-02-24 04:09:54,BATCH-20260224-01
SKU-496890,Ladismith Cheddar Cheese,Ladismith,Fresh Food,Dairy & Eggs,400,,48.06,Woodlands Dairy,SAP_ERP,2026-02-24 04:09:53,BATCH-20260224-01
SKU-887681,NikNaks Cheese Snacks,NikNaks,,Snacks & Confectionery,135,,15.42,PepsiCo,SAP_ERP,2026-02-24 04:09:53,BATCH-20260224-01
SKU-984216,Rainbow Chicken Fresh Whole Chicken,Rainbow Chicken,Fresh Food,Meat & Poultry,1.5,,87.28,RCL Foods,SAP_ERP,2026-02-24 04:09:53,BATCH-20260224-01
SKU-664924,Rainbow Chicken Fresh Whole Chicken,Rainbow Chicken,Fresh Food,Meat & Poultry,1.5,,76.77,RCL Foods,SAP_ERP,2026-02-24 04:09:53,BATCH-20260224-01
SKU-682860,Farmbest Pork Chops,Farmbest,Fresh Food,Meat & Poultry,1,,94.78,Farmbest,SAP_ERP,2026-02-24 04:09:53,BATCH-20260224-01
SKU-289673,Sunlight Dishwashing Liquid,Sunlight,Household,Cleaning Supplies,750,,35.46,Unilever,SAP_ERP,2026-02-24 04:09:53,BATCH-20260224-01
SKU-202422,Steakhouse Classic Beef T-Bone Steak,Steakhouse Classic,Fresh Food,Meat & Poultry,1,,111.77,Shoprite House Brand,SAP_ERP,2026-02-24 04:09:53,BATCH-20260224-01
SKU-287547,Rainbow Chicken Chicken Mixed Portions (IQF),Rainbow Chicken,Fresh Food,Meat & Poultry,2,,103.68,RCL Foods,SAP_ERP,2026-02-24 04:09:53,BATCH-20260224-01
SKU-344347,Parmalat Cheddar Cheese,Parmalat,Fresh Food,Dairy & Eggs,400,,53.18,Parmalat,SAP_ERP,2026-02-24 04:09:53,BATCH-20260224-01
SKU-344347,Parmalat Cheddar Cheese,Parmalat,Fresh Food,Dairy & Eggs,400,,53.18,Parmalat,SAP_ERP,2026-02-24 04:09:53,BATCH-20260224-01
SKU-464246,Clover Full Cream Milk,Clover,Fresh Food,Dairy & Eggs,2,,33.87,Clover SA,SAP_ERP,2026-02-24 04:09:53,BATCH-20260224-01
SKU-260617,Clover Full Cream Milk,Clover,Fresh Food,Dairy & Eggs,2,,35.41,Clover SA,SAP_ERP,2026-02-24 04:09:53,BATCH-20260224-01
SKU-550572,Omo Auto Washing Powder,,Household,Cleaning Supplies,2,,103.3,Unilever,SAP_ERP,2026-02-24 04:09:53,BATCH-20260224-01
SKU-847136,Rainbow Chicken Chicken Mixed Portions (IQF),Rainbow Chicken,Fresh Food,Meat & Poultry,2,,104.01,RCL Foods,SAP_ERP,2026-02-24 04:09:53,BATCH-20260224-01
SKU-982226,Blue Ribbon White Bread,Blue Ribbon,Fresh Food,Bakery,1,,16.32,Premier FMCG,SAP_ERP,2026-02-24 04:09:53,BATCH-20260224-01
SKU-897080,Liqui Fruit 100% Fruit Juice,Liqui Fruit,Beverages,Drinks & Beverages,1,,24.53,Pioneer Foods,SAP_ERP,2026-02-24 04:09:53,BATCH-20260224-01
SKU-107143,Blue Ribbon White Bread,Blue Ribbon,Fresh Food,Bakery,1,,17.08,Premier FMCG,SAP_ERP,2026-02-24 04:09:53,BATCH-20260224-01
SKU-384908,Albany White Bread,Albany,,Bakery,1,,15.74,Tiger Brands,SAP_ERP,2026-02-24 04:09:53,BATCH-20260224-01
SKU-610468,Beacon Sweets Pack,Beacon,Grocery Essentials,Snacks & Confectionery,100,,16.8,Tiger Brands,SAP_ERP,2026-02-24 04:09:53,BATCH-20260224-01
SKU-976058,Farmbest Pork Chops,Farmbest,Fresh Food,Meat & Poultry,1,,99.37,Farmbest,SAP_ERP,2026-02-24 04:09:53,BATCH-20260224-01
SKU-860931,Clover Low Fat Milk,Clover,Fresh Food,Dairy & Eggs,2,,37.93,Clover SA,SAP_ERP,2026-02-24 04:09:53,BATCH-20260224-01
SKU-140154,Beacon Sweets Pack,Beacon,Grocery Essentials,Snacks & Confectionery,100,,18.43,Tiger Brands,SAP_ERP,2026-02-24 04:09:53,BATCH-20260224-01
SKU-433145,Clover Low Fat Milk,Clover,Fresh Food,Dairy & Eggs,2,,34.64,Clover SA,SAP_ERP,2026-02-24 04:09:53,BATCH-20260224-01
SKU-781697,Ladismith Cheddar Cheese,Ladismith,Fresh Food,Dairy & Eggs,400,,55.82,Woodlands Dairy,SAP_ERP,2026-02-24 04:09:53,BATCH-20260224-01
SKU-692317,Clover Full Cream Milk,Clover,Fresh Food,Dairy & Eggs,2,,36.47,Clover SA,SAP_ERP,2026-02-24 04:09:53,BATCH-20260224-01
SKU-737236,Sunbake Brown Bread,Sunbake,Fresh Food,Bakery,1,,16.16,RCL Foods,SAP_ERP,2026-02-24 04:09:53,BATCH-20260224-01
SKU-334047,Doritos Sweet Chilli Pepper Chips,Doritos,Grocery Essentials,Snacks & Confectionery,145,,21.78,PepsiCo,SAP_ERP,2026-02-24 04:09:53,BATCH-20260224-01
SKU-709789,Freshmark Apples,Freshmark,Fresh Food,Produce,1.5,,31.75,Freshmark,SAP_ERP,2026-02-24 04:09:53,BATCH-20260224-01
SKU-268581,Domestos Thick Bleach,Domestos,Household,Cleaning Supplies,750,,34.11,Unilever,SAP_ERP,2026-02-24 04:09:53,BATCH-20260224-01
SKU-499590,Nulaid Extra Large Eggs,Nulaid,Fresh Food,Dairy & Eggs,30,,80.92,Quantum Foods,SAP_ERP,2026-02-24 04:09:53,BATCH-20260224-01
SKU-319229,Rainbow Chicken Chicken Mixed Portions (IQF),Rainbow Chicken,Fresh Food,Meat & Poultry,2,,94.7,RCL Foods,SAP_ERP,2026-02-24 04:09:53,BATCH-20260224-01
SKU-273921,Danone NutriDay Plain Yoghurt,Danone,Fresh Food,Dairy & Eggs,1,,30.65,Danone,SAP_ERP,2026-02-24 04:09:53,BATCH-20260224-01
SKU-198512,Liqui Fruit 100% Fruit Juice,Liqui Fruit,Beverages,Drinks & Beverages,1,,27.4,Pioneer Foods,SAP_ERP,2026-02-24 04:09:53,BATCH-20260224-01
SKU-341254,Freshmark Potatoes,Freshmark,Fresh Food,Produce,2,,32.12,Freshmark,SAP_ERP,2026-02-24 04:09:53,BATCH-20260224-01
SKU-254133,Blue Ribbon White Bread,Blue Ribbon,Fresh Food,Bakery,1,,17.11,Premier FMCG,SAP_ERP,2026-02-24 04:09:53,BATCH-20260224-01
SKU-951637,Ladismith Cheddar Cheese,Ladismith,Fresh Food,Dairy & Eggs,400,,48.6,Woodlands Dairy,SAP_ERP,2026-02-24 04:09:53,BATCH-20260224-01
SKU-432411,Albany Brown Bread,Albany,Fresh Food,Bakery,1,,15.75,Tiger Brands,SAP_ERP,2026-02-24 04:09:53,BATCH-20260224-01
SKU-794822,Country Fair Chicken Braaipack,Country Fair,Fresh Food,Meat & Poultry,1.5,,89.92,Astral Foods,SAP_ERP,2026-02-24 04:09:53,BATCH-20260224-01
SKU-320007,Freshmark Apples,Freshmark,Fresh Food,Produce,1.5,,31.67,Freshmark,SAP_ERP,2026-02-24 04:09:53,BATCH-20260224-01
SKU-232916,Nulaid Large Eggs,Nulaid,Fresh Food,Dairy & Eggs,18,,45.34,Quantum Foods,SAP_ERP,2026-02-24 04:09:53,BATCH-20260224-01
SKU-760606,Liqui Fruit 100% Fruit Juice,Liqui Fruit,Beverages,Drinks & Beverages,1,,24.53,Pioneer Foods,SAP_ERP,2026-02-24 04:09:53,BATCH-20260224-01
SKU-149364,Oros Orange Squash,Oros,Beverages,Drinks & Beverages,2,,44.69,Tiger Brands,SAP_ERP,2026-02-24 04:09:53,BATCH-20260224-01
SKU-303897,Farmbest Pork Chops,Farmbest,Fresh Food,Meat & Poultry,1,,88.98,Farmbest,SAP_ERP,2026-02-24 04:09:53,BATCH-20260224-01
SKU-876737,Albany Hot Dog Rolls,Albany,Fresh Food,Bakery,6,,19.25,Tiger Brands,SAP_ERP,2026-02-24 04:09:53,BATCH-20260224-01
SKU-864282,Handy Andy Ammonia Floor Cleaner,Handy Andy,Household,Cleaning Supplies,750,,30.84,Unilever,SAP_ERP,2026-02-24 04:09:53,BATCH-20260224-01
SKU-189557,Championship Boerewors Thick Boerewors,Championship Boerewors,Fresh Food,Meat & Poultry,1,,101.93,Shoprite Private Label,SAP_ERP,2026-02-24 04:09:53,BATCH-20260224-01
SKU-532676,Coca-Cola Coca-Cola Original,Coca-Cola,Beverages,Drinks & Beverages,2,,24.75,Coca-Cola Beverages SA,SAP_ERP,2026-02-24 04:09:53,BATCH-20260224-01
SKU-790575,Freshmark Apples,Freshmark,Fresh Food,Produce,1.5,,27.56,Freshmark,SAP_ERP,2026-02-24 04:09:53,BATCH-20260224-01
SKU-521363,Sasko Premium White Bread,Sasko,Fresh Food,Bakery,1,,18.13,Pioneer Foods,SAP_ERP,2026-02-24 04:09:53,BATCH-20260224-01
SKU-585419,Oros Orange Squash,Oros,Beverages,Drinks & Beverages,2,,40.2,Tiger Brands,SAP_ERP,2026-02-24 04:09:53,BATCH-20260224-01
SKU-601928,ZZ2 Tomatoes,ZZ2,Fresh Food,Produce,1,,24.81,ZZ2,SAP_ERP,2026-02-24 04:09:53,BATCH-20260224-01
SKU-264513,Championship Boerewors Thick Boerewors,Championship Boerewors,Fresh Food,Meat & Poultry,1,,95.89,Shoprite Private Label,SAP_ERP,2026-02-24 04:09:53,BATCH-20260224-01
SKU-794331,Liqui Fruit 100% Fruit Juice,Liqui Fruit,Beverages,Drinks & Beverages,1,,26.67,Pioneer Foods,SAP_ERP,2026-02-24 04:09:53,BATCH-20260224-01
SKU-865206,Cadbury Dairy Milk Chocolate Slab,Cadbury,Grocery Essentials,Snacks & Confectionery,150,,27.76,Mondelez,SAP_ERP,2026-02-24 04:09:53,BATCH-20260224-01
SKU-735519,Clover Full Cream Milk,Clover,Fresh Food,Dairy & Eggs,2,,32.28,Clover SA,SAP_ERP,2026-02-24 04:09:53,BATCH-20260224-01
SKU-980270,Nulaid Large Eggs,Nulaid,Fresh Food,Dairy & Eggs,18,,45.94,Quantum Foods,SAP_ERP,2026-02-24 04:09:53,BATCH-20260224-01
SKU-215923,Domestos Thick Bleach,Domestos,Household,Cleaning Supplies,750,,34.65,Unilever,SAP_ERP,2026-02-24 04:09:53,BATCH-20260224-01
SKU-128919,Omo Auto Washing Powder,Omo,Household,Cleaning Supplies,2,,102.41,Unilever,SAP_ERP,2026-02-24 04:09:53,BATCH-20260224-01
SKU-572217,Cappy Orange Juice Blend,Cappy,Beverages,Drinks & Beverages,1.5,,29.04,Coca-Cola Beverages SA,SAP_ERP,2026-02-24 04:09:53,BATCH-20260224-01
SKU-132941,Nulaid Large Eggs,Nulaid,Fresh Food,Dairy & Eggs,18,,51.9,Quantum Foods,SAP_ERP,2026-02-24 04:09:53,BATCH-20260224-01
SKU-360128,Sasko Premium White Bread,Sasko,Fresh Food,Bakery,1,,18.38,Pioneer Foods,SAP_ERP,2026-02-24 04:09:53,BATCH-20260224-01
SKU-724409,Doritos Sweet Chilli Pepper Chips,Doritos,Grocery Essentials,Snacks & Confectionery,145,,20.48,PepsiCo,SAP_ERP,2026-02-24 04:09:53,BATCH-20260224-01
SKU-442458,Albany Hot Dog Rolls,Albany,Fresh Food,Bakery,6,,19.15,Tiger Brands,SAP_ERP,2026-02-24 04:09:53,BATCH-20260224-01
SKU-201026,Championship Boerewors Thick Boerewors,Championship Boerewors,Fresh Food,Meat & Poultry,1,,104.67,Shoprite Private Label,SAP_ERP,2026-02-24 04:09:53,BATCH-20260224-01
SKU-716872,Ladismith Cheddar Cheese,Ladismith,Fresh Food,Dairy & Eggs,400,,50.3,Woodlands Dairy,SAP_ERP,2026-02-24 04:09:53,BATCH-20260224-01
SKU-445636,Sunlight Dishwashing Liquid,Sunlight,Household,Cleaning Supplies,750,,30.11,Unilever,SAP_ERP,2026-02-24 04:09:53,BATCH-20260224-01
SKU-805516,Rainbow Chicken Chicken Mixed Portions (IQF),Rainbow Chicken,Fresh Food,Meat & Poultry,2,,100.58,RCL Foods,SAP_ERP,2026-02-24 04:09:53,BATCH-20260224-01
SKU-625799,Nulaid Extra Large Eggs,Nulaid,Fresh Food,Dairy & Eggs,30,,78.59,Quantum Foods,SAP_ERP,2026-02-24 04:09:53,BATCH-20260224-01
SKU-609691,Rainbow Chicken Chicken Mixed Portions (IQF),Rainbow Chicken,Fresh Food,Meat & Poultry,2,,96.31,RCL Foods,SAP_ERP,2026-02-24 04:09:53,BATCH-20260224-01
SKU-954391,Nature's Choice Bananas,Nature's Choice,Fresh Food,Produce,1,,21.16,Freshmark,SAP_ERP,2026-02-24 04:09:53,BATCH-20260224-01
SKU-664713,Parmalat Cheddar Cheese,Parmalat,Fresh Food,Dairy & Eggs,400,,55.46,Parmalat,SAP_ERP,2026-02-24 04:09:53,BATCH-20260224-01
SKU-464789,Crystal Valley Plain Yoghurt,Crystal Valley,Fresh Food,Dairy & Eggs,,,29.6,Lancewood,SAP_ERP,2026-02-24 04:09:53,BATCH-20260224-01
SKU-337835,Coca-Cola Coca-Cola Original,Coca-Cola,Beverages,Drinks & Beverages,2,,25.07,Coca-Cola Beverages SA,SAP_ERP,2026-02-24 04:09:53,BATCH-20260224-01
SKU-451551,Country Fair Chicken Braaipack,Country Fair,Fresh Food,Meat & Poultry,1.5,,80.43,Astral Foods,SAP_ERP,2026-02-24 04:09:53,BATCH-20260224-01
SKU-526958,Omo Auto Washing Powder,Omo,Household,Cleaning Supplies,2,,93.78,Unilever,SAP_ERP,2026-02-24 04:09:53,BATCH-20260224-01
SKU-569729,Coca-Cola Coca-Cola No Sugar,Coca-Cola,,Drinks & Beverages,2,,24.25,Coca-Cola Beverages SA,SAP_ERP,2026-02-24 04:09:53,BATCH-20260224-01
SKU-390396,Albany Brown Bread,Albany,Fresh Food,Bakery,1,,14.87,Tiger Brands,SAP_ERP,2026-02-24 04:09:53,BATCH-20260224-01
SKU-835791,Clover Low Fat Milk,Clover,Fresh Food,Dairy & Eggs,2,,37.33,Clover SA,SAP_ERP,2026-02-24 04:09:53,BATCH-20260224-01
SKU-542545,Freshmark Onions,Freshmark,Fresh Food,Produce,1,,16.25,Freshmark,SAP_ERP,2026-02-24 04:09:53,BATCH-20260224-01
SKU-902461,Sasko Premium White Bread,Sasko,Fresh Food,Bakery,1,,16.07,Pioneer Foods,SAP_ERP,2026-02-24 04:09:53,BATCH-20260224-01
SKU-638788,Simba Cheese & Onion Chips,Simba,Grocery Essentials,Snacks & Confectionery,120,,16.34,PepsiCo,SAP_ERP,2026-02-24 04:09:53,BATCH-20260224-01
SKU-487124,Clover Low Fat Milk,Clover,Fresh Food,Dairy & Eggs,2,,37.39,Clover SA,SAP_ERP,2026-02-24 04:09:53,BATCH-20260224-01
SKU-477550,Simba Cheese & Onion Chips,Simba,Grocery Essentials,Snacks & Confectionery,120,,16.86,PepsiCo,SAP_ERP,2026-02-24 04:09:53,BATCH-20260224-01
SKU-280684,Freshmark Onions,Freshmark,Fresh Food,Produce,1,,18.82,Freshmark,SAP_ERP,2026-02-24 04:09:53,BATCH-20260224-01
SKU-300923,Nature's Choice Bananas,Nature's Choice,Fresh Food,Produce,1,,18.97,Freshmark,SAP_ERP,2026-02-24 04:09:53,BATCH-20260224-01
SKU-268655,Cappy Orange Juice Blend,Cappy,Beverages,Drinks & Beverages,1.5,,25.67,Coca-Cola Beverages SA,SAP_ERP,2026-02-24 04:09:53,BATCH-20260224-01
SKU-721778,Rainbow Chicken Chicken Mixed Portions (IQF),Rainbow Chicken,Fresh Food,Meat & Poultry,2,,87.91,RCL Foods,SAP_ERP,2026-02-24 04:09:53,BATCH-20260224-01
SKU-787356,Sasko Premium White Bread,Sasko,Fresh Food,Bakery,1,,19.32,Pioneer Foods,SAP_ERP,2026-02-24 04:09:53,BATCH-20260224-01
SKU-565266,Clover Low Fat Milk,Clover,Fresh Food,Dairy & Eggs,2,,37.97,Clover SA,SAP_ERP,2026-02-24 04:09:53,BATCH-20260224-01
SKU-961322,Nulaid Large Eggs,Nulaid,Fresh Food,Dairy & Eggs,18,,48.64,Quantum Foods,SAP_ERP,2026-02-24 04:09:53,BATCH-20260224-01
SKU-121553,Simba Cheese & Onion Chips,Simba,Grocery Essentials,Snacks & Confectionery,120,,18.82,PepsiCo,SAP_ERP,2026-02-24 04:09:53,BATCH-20260224-01
SKU-514074,Danone NutriDay Plain Yoghurt,,Fresh Food,Dairy & Eggs,1,,33.71,Danone,SAP_ERP,2026-02-24 04:09:53,BATCH-20260224-01
SKU-333717,Coca-Cola Coca-Cola No Sugar,Coca-Cola,Beverages,Drinks & Beverages,2,,24.67,Coca-Cola Beverages SA,SAP_ERP,2026-02-24 04:09:53,BATCH-20260224-01
SKU-219472,Freshmark Potatoes,Freshmark,Fresh Food,Produce,2,,33.54,Freshmark,SAP_ERP,2026-02-24 04:09:53,BATCH-20260224-01
SKU-208797,Freshmark Potatoes,Freshmark,Fresh Food,Produce,2,,39.46,Freshmark,SAP_ERP,2026-02-24 04:09:53,BATCH-20260224-01
SKU-323851,Simba Smoked Beef Chips,Simba,Grocery Essentials,Snacks & Confectionery,120,,18.71,PepsiCo,SAP_ERP,2026-02-24 04:09:53,BATCH-20260224-01
SKU-534856,Liqui Fruit 100% Fruit Juice,Liqui Fruit,Beverages,Drinks & Beverages,1,,25.24,Pioneer Foods,SAP_ERP,2026-02-24 04:09:53,BATCH-20260224-01
SKU-534856,Liqui Fruit 100% Fruit Juice,Liqui Fruit,Beverages,Drinks & Beverages,1,,25.24,Pioneer Foods,SAP_ERP,2026-02-24 04:09:53,BATCH-20260224-01
SKU-469534,Albany Brown Bread,Albany,Fresh Food,Bakery,1,,14.38,Tiger Brands,SAP_ERP,2026-02-24 04:09:53,BATCH-20260224-01
SKU-461663,Simba Cheese & Onion Chips,Simba,Grocery Essentials,Snacks & Confectionery,120,,16.92,PepsiCo,SAP_ERP,2026-02-24 04:09:53,BATCH-20260224-01
SKU-207249,Ladismith Cheddar Cheese,Ladismith,Fresh Food,Dairy & Eggs,400,,57.26,Woodlands Dairy,SAP_ERP,2026-02-24 04:09:53,BATCH-20260224-01
SKU-466399,Domestos Thick Bleach,Domestos,Household,Cleaning Supplies,750,,32.06,Unilever,SAP_ERP,2026-02-24 04:09:53,BATCH-20260224-01
SKU-471240,Crystal Valley Plain Yoghurt,Crystal Valley,Fresh Food,Dairy & Eggs,1,,32.78,Lancewood,SAP_ERP,2026-02-24 04:09:53,BATCH-20260224-01
SKU-915672,Albany White Bread,Albany,Fresh Food,Bakery,1,,17.95,Tiger Brands,SAP_ERP,2026-02-24 04:09:53,BATCH-20260224-01
SKU-457141,Crystal Valley Plain Yoghurt,Crystal Valley,Fresh Food,Dairy & Eggs,1,,35.83,Lancewood,SAP_ERP,2026-02-24 04:09:53,BATCH-20260224-01
SKU-255341,Sunbake Brown Bread,Sunbake,Fresh Food,Bakery,1,,13.12,RCL Foods,SAP_ERP,2026-02-24 04:09:53,BATCH-20260224-01
SKU-549137,Freshmark Apples,Freshmark,Fresh Food,Produce,1.5,,23.09,Freshmark,SAP_ERP,2026-02-24 04:09:53,BATCH-20260224-01
SKU-170048,Coca-Cola Coca-Cola Original,Coca-Cola,Beverages,Drinks & Beverages,2,,24.9,Coca-Cola Beverages SA,SAP_ERP,2026-02-24 04:09:53,BATCH-20260224-01
SKU-902575,Cappy Orange Juice Blend,Cappy,Beverages,Drinks & Beverages,1.5,,29.51,Coca-Cola Beverages SA,SAP_ERP,2026-02-24 04:09:53,BATCH-20260224-01
SKU-130454,Championship Boerewors Thick Boerewors,Championship Boerewors,Fresh Food,Meat & Poultry,1,,103.66,Shoprite Private Label,SAP_ERP,2026-02-24 04:09:53,BATCH-20260224-01
SKU-721975,Sasko Premium White Bread,Sasko,Fresh Food,Bakery,1,,19.71,Pioneer Foods,SAP_ERP,2026-02-24 04:09:53,BATCH-20260224-01
SKU-887804,Crystal Valley Plain Yoghurt,Crystal Valley,Fresh Food,Dairy & Eggs,1,,33.97,Lancewood,SAP_ERP,2026-02-24 04:09:53,BATCH-20260224-01
SKU-599760,Handy Andy Ammonia Floor Cleaner,Handy Andy,Household,Cleaning Supplies,750,,30.13,Unilever,SAP_ERP,2026-02-24 04:09:53,BATCH-20260224-01
SKU-685026,NikNaks Cheese Snacks,NikNaks,Grocery Essentials,Snacks & Confectionery,135,,16.34,PepsiCo,SAP_ERP,2026-02-24 04:09:53,BATCH-20260224-01
SKU-478089,Rainbow Chicken Chicken Mixed Portions (IQF),Rainbow Chicken,Fresh Food,Meat & Poultry,2,,89.38,RCL Foods,SAP_ERP,2026-02-24 04:09:53,BATCH-20260224-01
SKU-996508,Sunbake Brown Bread,Sunbake,Fresh Food,Bakery,1,,16.77,RCL Foods,SAP_ERP,2026-02-24 04:09:53,BATCH-20260224-01
SKU-378965,Steakhouse Classic Beef T-Bone Steak,Steakhouse Classic,Fresh Food,Meat & Poultry,1,,115.66,Shoprite House Brand,SAP_ERP,2026-02-24 04:09:53,BATCH-20260224-01
SKU-641334,Sasko Premium White Bread,Sasko,Fresh Food,Bakery,1,,17.22,Pioneer Foods,SAP_ERP,2026-02-24 04:09:53,BATCH-20260224-01
SKU-884507,Farmbest Pork Chops,Farmbest,Fresh Food,Meat & Poultry,1,,96.29,Farmbest,SAP_ERP,2026-02-24 04:09:53,BATCH-20260224-01
SKU-928768,Beacon Sweets Pack,Beacon,Grocery Essentials,Snacks & Confectionery,100,,19.12,Tiger Brands,SAP_ERP,2026-02-24 04:09:53,BATCH-20260224-01
SKU-995973,Clover Low Fat Milk,Clover,Fresh Food,Dairy & Eggs,2,,33.0,Clover SA,SAP_ERP,2026-02-24 04:09:53,BATCH-20260224-01
SKU-920084,Albany Hot Dog Rolls,Albany,Fresh Food,Bakery,6,,19.19,Tiger Brands,SAP_ERP,2026-02-24 04:09:53,BATCH-20260224-01
SKU-713449,Nature's Choice Bananas,Nature's Choice,Fresh Food,Produce,1,,22.14,Freshmark,SAP_ERP,2026-02-24 04:09:53,BATCH-20260224-01
SKU-186061,ZZ2 Tomatoes,ZZ2,Fresh Food,Produce,1,,25.91,ZZ2,SAP_ERP,2026-02-24 04:09:53,BATCH-20260224-01
SKU-760009,Nature's Choice Bananas,Nature's Choice,Fresh Food,Produce,1,,24.99,Freshmark,SAP_ERP,2026-02-24 04:09:53,BATCH-20260224-01
SKU-737936,Parmalat Cheddar Cheese,Parmalat,Fresh Food,Dairy & Eggs,400,,58.73,Parmalat,SAP_ERP,2026-02-24 04:09:53,BATCH-20260224-01
SKU-605009,Clover Full Cream Milk,Clover,Fresh Food,Dairy & Eggs,2,,36.29,Clover SA,SAP_ERP,2026-02-24 04:09:53,BATCH-20260224-01
SKU-788679,Ladismith Cheddar Cheese,Ladismith,Fresh Food,Dairy & Eggs,400,,54.02,Woodlands Dairy,SAP_ERP,2026-02-24 04:09:53,BATCH-20260224-01
SKU-788679,Ladismith Cheddar Cheese,Ladismith,Fresh Food,Dairy & Eggs,400,,54.02,Woodlands Dairy,SAP_ERP,2026-02-24 04:09:53,BATCH-20260224-01
SKU-934647,Coca-Cola Coca-Cola Original,Coca-Cola,Beverages,Drinks & Beverages,2,,22.55,Coca-Cola Beverages SA,SAP_ERP,2026-02-24 04:09:53,BATCH-20260224-01
SKU-409388,NikNaks Cheese Snacks,NikNaks,Grocery Essentials,Snacks & Confectionery,135,,17.6,PepsiCo,SAP_ERP,2026-02-24 04:09:53,BATCH-20260224-01
SKU-597921,Albany Brown Bread,Albany,Fresh Food,Bakery,1,,14.1,Tiger Brands,SAP_ERP,2026-02-24 04:09:53,BATCH-20260224-01
SKU-818966,Freshmark Potatoes,Freshmark,Fresh Food,Produce,2,,36.64,Freshmark,SAP_ERP,2026-02-24 04:09:53,BATCH-20260224-01
SKU-108107,Rainbow Chicken Chicken Mixed Portions (IQF),Rainbow Chicken,Fresh Food,Meat & Poultry,2,,,RCL Foods,SAP_ERP,2026-02-24 04:09:53,BATCH-20260224-01
SKU-849556,Albany Hot Dog Rolls,Albany,Fresh Food,Bakery,6,,20.31,Tiger Brands,SAP_ERP,2026-02-24 04:09:53,BATCH-20260224-01
SKU-623195,Beacon Sweets Pack,Beacon,Grocery Essentials,Snacks & Confectionery,100,,17.04,Tiger Brands,SAP_ERP,2026-02-24 04:09:53,BATCH-20260224-01
SKU-623195,Beacon Sweets Pack,Beacon,Grocery Essentials,Snacks & Confectionery,100,,17.04,Tiger Brands,SAP_ERP,2026-02-24 04:09:54,BATCH-20260224-01
SKU-240684,Freshmark Onions,Freshmark,Fresh Food,Produce,1,,18.75,Freshmark,SAP_ERP,2026-02-24 04:09:53,BATCH-20260224-01
SKU-339157,Simba Cheese & Onion Chips,Simba,Grocery Essentials,Snacks & Confectionery,120,,18.74,PepsiCo,SAP_ERP,2026-02-24 04:09:53,BATCH-20260224-01
SKU-469977,Nature's Choice Bananas,Nature's Choice,Fresh Food,Produce,1,,18.75,Freshmark,SAP_ERP,2026-02-24 04:09:53,BATCH-20260224-01
SKU-976590,Country Fair Chicken Braaipack,Country Fair,Fresh Food,Meat & Poultry,1.5,,88.12,Astral Foods,SAP_ERP,2026-02-24 04:09:53,BATCH-20260224-01
SKU-690038,Albany Hot Dog Rolls,Albany,Fresh Food,Bakery,6,,22.55,Tiger Brands,SAP_ERP,2026-02-24 04:09:53,BATCH-20260224-01
SKU-283563,Freshmark Potatoes,Freshmark,Fresh Food,Produce,2,,31.24,Freshmark,SAP_ERP,2026-02-24 04:09:53,BATCH-20260224-01
SKU-965145,Lays Lightly Salted Chips,Lays,Grocery Essentials,Snacks & Confectionery,120,,19.41,PepsiCo,SAP_ERP,2026-02-24 04:09:53,BATCH-20260224-01
SKU-204008,Nulaid Extra Large Eggs,Nulaid,Fresh Food,Dairy & Eggs,30,,81.73,Quantum Foods,SAP_ERP,2026-02-24 04:09:53,BATCH-20260224-01
SKU-688966,Coca-Cola Coca-Cola Original,Coca-Cola,Beverages,Drinks & Beverages,2,,22.27,Coca-Cola Beverages SA,SAP_ERP,2026-02-24 04:09:53,BATCH-20260224-01
SKU-330669,Freshmark Potatoes,Freshmark,Fresh Food,Produce,2,,38.23,Freshmark,SAP_ERP,2026-02-24 04:09:53,BATCH-20260224-01
SKU-839076,Lays Lightly Salted Chips,Lays,Grocery Essentials,Snacks & Confectionery,120,,18.45,PepsiCo,SAP_ERP,2026-02-24 04:09:53,BATCH-20260224-01
SKU-418508,Rainbow Chicken Chicken Mixed Portions (IQF),Rainbow Chicken,Fresh Food,Meat & Poultry,2,,104.48,RCL Foods,SAP_ERP,2026-02-24 04:09:53,BATCH-20260224-01
SKU-103626,Beacon Sweets Pack,Beacon,Grocery Essentials,Snacks & Confectionery,100,,17.41,Tiger Brands,SAP_ERP,2026-02-24 04:09:53,BATCH-20260224-01
SKU-649733,Freshmark Apples,Freshmark,Fresh Food,Produce,1.5,,25.01,Freshmark,SAP_ERP,2026-02-24 04:09:53,BATCH-20260224-01
SKU-982586,Simba Smoked Beef Chips,Simba,Grocery Essentials,Snacks & Confectionery,120,,16.89,PepsiCo,SAP_ERP,2026-02-24 04:09:53,BATCH-20260224-01
SKU-506857,Ladismith Cheddar Cheese,Ladismith,Fresh Food,Dairy & Eggs,400,,48.21,Woodlands Dairy,SAP_ERP,2026-02-24 04:09:53,BATCH-20260224-01
SKU-298147,Farmbest Pork Chops,Farmbest,Fresh Food,Meat & Poultry,1,,83.0,Farmbest,SAP_ERP,2026-02-24 04:09:53,BATCH-20260224-01
SKU-606040,Parmalat Cheddar Cheese,Parmalat,Fresh Food,Dairy & Eggs,400,,55.17,Parmalat,SAP_ERP,2026-02-24 04:09:53,BATCH-20260224-01
SKU-941713,Nature's Choice Bananas,Nature's Choice,Fresh Food,Produce,1,,21.45,Freshmark,SAP_ERP,2026-02-24 04:09:53,BATCH-20260224-01
SKU-895087,Sasko Premium White Bread,Sasko,Fresh Food,Bakery,1,,17.04,Pioneer Foods,SAP_ERP,2026-02-24 04:09:53,BATCH-20260224-01
SKU-294688,Danone NutriDay Plain Yoghurt,Danone,Fresh Food,Dairy & Eggs,1,,30.31,Danone,SAP_ERP,2026-02-24 04:09:53,BATCH-20260224-01
SKU-298545,Rainbow Chicken Chicken Mixed Portions (IQF),Rainbow Chicken,Fresh Food,Meat & Poultry,2,,101.51,RCL Foods,SAP_ERP,2026-02-24 04:09:53,BATCH-20260224-01
SKU-936329,Clover Low Fat Milk,Clover,Fresh Food,Dairy & Eggs,2,,35.59,Clover SA,SAP_ERP,2026-02-24 04:09:53,BATCH-20260224-01
SKU-760624,Albany White Bread,Albany,Fresh Food,Bakery,1,,17.13,Tiger Brands,SAP_ERP,2026-02-24 04:09:53,BATCH-20260224-01
SKU-138653,Albany Brown Bread,Albany,Fresh Food,Bakery,1,,15.75,Tiger Brands,SAP_ERP,2026-02-24 04:09:53,BATCH-20260224-01
SKU-481291,Domestos Thick Bleach,Domestos,,Cleaning Supplies,750,,35.45,Unilever,SAP_ERP,2026-02-24 04:09:53,BATCH-20260224-01
SKU-786690,Beacon Sweets Pack,Beacon,Grocery Essentials,Snacks & Confectionery,100,,17.13,Tiger Brands,SAP_ERP,2026-02-24 04:09:53,BATCH-20260224-01
SKU-496435,Nulaid Extra Large Eggs,Nulaid,Fresh Food,Dairy & Eggs,30,,82.39,Quantum Foods,SAP_ERP,2026-02-24 04:09:53,BATCH-20260224-01
SKU-404627,Danone NutriDay Plain Yoghurt,Danone,Fresh Food,Dairy & Eggs,1,,35.15,Danone,SAP_ERP,2026-02-24 04:09:53,BATCH-20260224-01
SKU-152625,ZZ2 Tomatoes,ZZ2,Fresh Food,Produce,1,,22.67,ZZ2,SAP_ERP,2026-02-24 04:09:53,BATCH-20260224-01
SKU-782258,Freshmark Onions,Freshmark,Fresh Food,Produce,1,,21.49,Freshmark,SAP_ERP,2026-02-24 04:09:53,BATCH-20260224-01
SKU-530908,Sunlight Dishwashing Liquid,Sunlight,Household,Cleaning Supplies,750,,31.45,Unilever,SAP_ERP,2026-02-24 04:09:53,BATCH-20260224-01
SKU-106042,Freshmark Potatoes,Freshmark,Fresh Food,Produce,2,,31.84,Freshmark,SAP_ERP,2026-02-24 04:09:53,BATCH-20260224-01
SKU-433440,Country Fair Chicken Braaipack,Country Fair,Fresh Food,Meat & Poultry,1.5,,88.97,Astral Foods,SAP_ERP,2026-02-24 04:09:53,BATCH-20260224-01
SKU-673206,Danone NutriDay Plain Yoghurt,Danone,Fresh Food,Dairy & Eggs,1,,35.55,Danone,SAP_ERP,2026-02-24 04:09:53,BATCH-20260224-01
SKU-462814,Blue Ribbon White Bread,Blue Ribbon,,Bakery,1,,17.84,Premier FMCG,SAP_ERP,2026-02-24 04:09:53,BATCH-20260224-01
SKU-137995,Blue Ribbon White Bread,Blue Ribbon,Fresh Food,Bakery,1,,17.92,Premier FMCG,SAP_ERP,2026-02-24 04:09:53,BATCH-20260224-01
SKU-176368,Country Fair Chicken Braaipack,Country Fair,Fresh Food,Meat & Poultry,1.5,,77.0,Astral Foods,SAP_ERP,2026-02-24 04:09:53,BATCH-20260224-01
SKU-883032,Cadbury Dairy Milk Chocolate Slab,Cadbury,Grocery Essentials,Snacks & Confectionery,150,,30.94,Mondelez,SAP_ERP,2026-02-24 04:09:53,BATCH-20260224-01
SKU-262707,Freshmark Potatoes,Freshmark,Fresh Food,Produce,2,,30.85,Freshmark,SAP_ERP,2026-02-24 04:09:53,BATCH-20260224-01
SKU-733946,Nulaid Extra Large Eggs,Nulaid,Fresh Food,Dairy & Eggs,30,,82.75,Quantum Foods,SAP_ERP,2026-02-24 04:09:53,BATCH-20260224-01
SKU-174621,Nulaid Extra Large Eggs,Nulaid,Fresh Food,Dairy & Eggs,30,,76.98,Quantum Foods,SAP_ERP,2026-02-24 04:09:53,BATCH-20260224-01
SKU-968539,Doritos Sweet Chilli Pepper Chips,Doritos,Grocery Essentials,Snacks & Confectionery,145,,22.6,PepsiCo,SAP_ERP,2026-02-24 04:09:53,BATCH-20260224-01
SKU-599292,Clover Full Cream Milk,Clover,Fresh Food,Dairy & Eggs,2,,37.38,Clover SA,SAP_ERP,2026-02-24 04:09:53,BATCH-20260224-01
SKU-237382,NikNaks Cheese Snacks,NikNaks,Grocery Essentials,Snacks & Confectionery,135,,,PepsiCo,SAP_ERP,2026-02-24 04:09:53,BATCH-20260224-01
SKU-499592,Doritos Sweet Chilli Pepper Chips,,Grocery Essentials,Snacks & Confectionery,145,,21.35,PepsiCo,SAP_ERP,2026-02-24 04:09:53,BATCH-20260224-01
SKU-545587,Liqui Fruit 100% Fruit Juice,Liqui Fruit,Beverages,Drinks & Beverages,1,,23.05,Pioneer Foods,SAP_ERP,2026-02-24 04:09:53,BATCH-20260224-01
SKU-281384,Freshmark Apples,Freshmark,Fresh Food,Produce,1.5,,29.03,Freshmark,SAP_ERP,2026-02-24 04:09:53,BATCH-20260224-01
SKU-379650,Sunlight Dishwashing Liquid,Sunlight,Household,Cleaning Supplies,750,,35.51,Unilever,SAP_ERP,2026-02-24 04:09:53,BATCH-20260224-01
SKU-312208,Nulaid Extra Large Eggs,Nulaid,Fresh Food,Dairy & Eggs,30,,80.9,Quantum Foods,SAP_ERP,2026-02-24 04:09:53,BATCH-20260224-01
SKU-594996,Albany White Bread,Albany,Fresh Food,Bakery,1,,17.96,Tiger Brands,SAP_ERP,2026-02-24 04:09:53,BATCH-20260224-01
SKU-919224,Omo Auto Washing Powder,Omo,Household,Cleaning Supplies,2,,93.95,Unilever,SAP_ERP,2026-02-24 04:09:53,BATCH-20260224-01
SKU-945425,Cadbury Dairy Milk Chocolate Slab,Cadbury,Grocery Essentials,Snacks & Confectionery,150,,30.44,Mondelez,SAP_ERP,2026-02-24 04:09:53,BATCH-20260224-01
SKU-277978,Country Fair Chicken Braaipack,Country Fair,Fresh Food,Meat & Poultry,1.5,,77.3,Astral Foods,SAP_ERP,2026-02-24 04:09:53,BATCH-20260224-01
SKU-970756,Danone NutriDay Plain Yoghurt,Danone,Fresh Food,Dairy & Eggs,1,,36.91,Danone,SAP_ERP,2026-02-24 04:09:53,BATCH-20260224-01
SKU-490806,Freshmark Onions,Freshmark,Fresh Food,Produce,1,,20.0,Freshmark,SAP_ERP,2026-02-24 04:09:53,BATCH-20260224-01
SKU-235228,Simba Cheese & Onion Chips,Simba,Grocery Essentials,Snacks & Confectionery,120,,18.18,PepsiCo,SAP_ERP,2026-02-24 04:09:53,BATCH-20260224-01
SKU-274019,Sunlight Dishwashing Liquid,Sunlight,Household,Cleaning Supplies,750,,29.83,Unilever,SAP_ERP,2026-02-24 04:09:53,BATCH-20260224-01
SKU-409414,Nulaid Large Eggs,Nulaid,Fresh Food,Dairy & Eggs,18,,46.74,Quantum Foods,SAP_ERP,2026-02-24 04:09:53,BATCH-20260224-01
SKU-862224,Lays Lightly Salted Chips,Lays,Grocery Essentials,Snacks & Confectionery,120,,20.94,PepsiCo,SAP_ERP,2026-02-24 04:09:53,BATCH-20260224-01
SKU-396736,Ladismith Cheddar Cheese,Ladismith,Fresh Food,Dairy & Eggs,400,,52.56,Woodlands Dairy,SAP_ERP,2026-02-24 04:09:53,BATCH-20260224-01
SKU-178083,Domestos Thick Bleach,Domestos,Household,Cleaning Supplies,750,,36.71,Unilever,SAP_ERP,2026-02-24 04:09:53,BATCH-20260224-01
SKU-582621,Freshmark Apples,Freshmark,Fresh Food,Produce,1.5,,22.2,Freshmark,SAP_ERP,2026-02-24 04:09:53,BATCH-20260224-01
SKU-441289,Omo Auto Washing Powder,Omo,Household,Cleaning Supplies,2,,96.71,Unilever,SAP_ERP,2026-02-24 04:09:53,BATCH-20260224-01
SKU-935465,Cappy Orange Juice Blend,Cappy,,Drinks & Beverages,1.5,,29.94,Coca-Cola Beverages SA,SAP_ERP,2026-02-24 04:09:53,BATCH-20260224-01
SKU-682058,Freshmark Potatoes,Freshmark,Fresh Food,Produce,2,,38.21,Freshmark,SAP_ERP,2026-02-24 04:09:53,BATCH-20260224-01
SKU-895906,Danone NutriDay Plain Yoghurt,Danone,Fresh Food,Dairy & Eggs,1,,31.0,Danone,SAP_ERP,2026-02-24 04:09:53,BATCH-20260224-01
SKU-723331,Liqui Fruit 100% Fruit Juice,Liqui Fruit,Beverages,Drinks & Beverages,1,,22.13,Pioneer Foods,SAP_ERP,2026-02-24 04:09:53,BATCH-20260224-01
SKU-696954,Steakhouse Classic Beef T-Bone Steak,Steakhouse Classic,Fresh Food,Meat & Poultry,1,,118.19,Shoprite House Brand,SAP_ERP,2026-02-24 04:09:53,BATCH-20260224-01
SKU-248874,Nature's Choice Bananas,Nature's Choice,Fresh Food,Produce,1,,23.46,Freshmark,SAP_ERP,2026-02-24 04:09:53,BATCH-20260224-01
SKU-735167,Oros Orange Squash,Oros,Beverages,Drinks & Beverages,2,,39.23,Tiger Brands,SAP_ERP,2026-02-24 04:09:53,BATCH-20260224-01
SKU-243602,Freshmark Apples,Freshmark,Fresh Food,Produce,1.5,,27.03,Freshmark,SAP_ERP,2026-02-24 04:09:53,BATCH-20260224-01
SKU-429155,Albany Hot Dog Rolls,Albany,Fresh Food,Bakery,6,,21.76,Tiger Brands,SAP_ERP,2026-02-24 04:09:53,BATCH-20260224-01
SKU-646472,Nulaid Large Eggs,Nulaid,Fresh Food,Dairy & Eggs,18,,45.14,Quantum Foods,SAP_ERP,2026-02-24 04:09:53,BATCH-20260224-01
SKU-267453,ZZ2 Tomatoes,ZZ2,Fresh Food,Produce,1,,22.33,ZZ2,SAP_ERP,2026-02-24 04:09:53,BATCH-20260224-01
SKU-853727,Albany Brown Bread,Albany,Fresh Food,Bakery,1,,13.12,Tiger Brands,SAP_ERP,2026-02-24 04:09:53,BATCH-20260224-01
SKU-760884,Coca-Cola Coca-Cola Original,Coca-Cola,Beverages,Drinks & Beverages,2,,22.44,Coca-Cola Beverages SA,SAP_ERP,2026-02-24 04:09:53,BATCH-20260224-01
SKU-493805,Clover Low Fat Milk,Clover,Fresh Food,Dairy & Eggs,2,,33.6,Clover SA,SAP_ERP,2026-02-24 04:09:53,BATCH-20260224-01
SKU-308385,Freshmark Potatoes,Freshmark,Fresh Food,Produce,2,,33.57,Freshmark,SAP_ERP,2026-02-24 04:09:53,BATCH-20260224-01
SKU-842805,Rainbow Chicken Chicken Mixed Portions (IQF),Rainbow Chicken,Fresh Food,Meat & Poultry,2,,90.51,RCL Foods,SAP_ERP,2026-02-24 04:09:53,BATCH-20260224-01
SKU-428701,Handy Andy Ammonia Floor Cleaner,Handy Andy,Household,Cleaning Supplies,750,,27.95,Unilever,SAP_ERP,2026-02-24 04:09:53,BATCH-20260224-01
SKU-331317,Parmalat Cheddar Cheese,Parmalat,Fresh Food,Dairy & Eggs,400,,53.2,Parmalat,SAP_ERP,2026-02-24 04:09:53,BATCH-20260224-01
SKU-877714,Handy Andy Ammonia Floor Cleaner,Handy Andy,Household,Cleaning Supplies,750,,30.05,Unilever,SAP_ERP,2026-02-24 04:09:53,BATCH-20260224-01
SKU-588207,Simba Cheese & Onion Chips,Simba,Grocery Essentials,Snacks & Confectionery,120,,19.06,PepsiCo,SAP_ERP,2026-02-24 04:09:53,BATCH-20260224-01
SKU-550518,Ladismith Cheddar Cheese,Ladismith,Fresh Food,Dairy & Eggs,400,,56.38,Woodlands Dairy,SAP_ERP,2026-02-24 04:09:53,BATCH-20260224-01
SKU-346467,Country Fair Chicken Braaipack,Country Fair,Fresh Food,Meat & Poultry,1.5,,79.73,Astral Foods,SAP_ERP,2026-02-24 04:09:53,BATCH-20260224-01
SKU-337009,Coca-Cola Coca-Cola No Sugar,Coca-Cola,Beverages,Drinks & Beverages,2,,25.97,Coca-Cola Beverages SA,SAP_ERP,2026-02-24 04:09:53,BATCH-20260224-01
SKU-572789,Lays Lightly Salted Chips,Lays,Grocery Essentials,Snacks & Confectionery,120,,21.32,PepsiCo,SAP_ERP,2026-02-24 04:09:53,BATCH-20260224-01
SKU-488003,Sunbake Brown Bread,Sunbake,Fresh Food,Bakery,1,,14.08,RCL Foods,SAP_ERP,2026-02-24 04:09:53,BATCH-20260224-01
SKU-750065,Rainbow Chicken Chicken Mixed Portions (IQF),Rainbow Chicken,Fresh Food,Meat & Poultry,2,,100.01,RCL Foods,SAP_ERP,2026-02-24 04:09:53,BATCH-20260224-01
SKU-281772,Sasko Premium White Bread,Sasko,Fresh Food,Bakery,1,,15.63,Pioneer Foods,SAP_ERP,2026-02-24 04:09:53,BATCH-20260224-01
SKU-125767,Domestos Thick Bleach,Domestos,Household,Cleaning Supplies,750,,33.27,Unilever,SAP_ERP,2026-02-24 04:09:53,BATCH-20260224-01
SKU-465091,NikNaks Cheese Snacks,NikNaks,Grocery Essentials,Snacks & Confectionery,135,,14.57,PepsiCo,SAP_ERP,2026-02-24 04:09:53,BATCH-20260224-01
SKU-950968,Crystal Valley Plain Yoghurt,Crystal Valley,Fresh Food,Dairy & Eggs,1,,32.39,Lancewood,SAP_ERP,2026-02-24 04:09:53,BATCH-20260224-01
SKU-651492,Coca-Cola Coca-Cola Original,Coca-Cola,Beverages,Drinks & Beverages,2,,22.12,Coca-Cola Beverages SA,SAP_ERP,2026-02-24 04:09:53,BATCH-20260224-01
SKU-320410,Clover Full Cream Milk,Clover,Fresh Food,Dairy & Eggs,2,,36.83,Clover SA,SAP_ERP,2026-02-24 04:09:53,BATCH-20260224-01
SKU-309676,Rainbow Chicken Fresh Whole Chicken,Rainbow Chicken,Fresh Food,Meat & Poultry,1.5,,89.54,RCL Foods,SAP_ERP,2026-02-24 04:09:53,BATCH-20260224-01
SKU-133077,Coca-Cola Coca-Cola Original,Coca-Cola,Beverages,Drinks & Beverages,2,,21.25,Coca-Cola Beverages SA,SAP_ERP,2026-02-24 04:09:53,BATCH-20260224-01
SKU-530073,Steakhouse Classic Beef T-Bone Steak,Steakhouse Classic,Fresh Food,Meat & Poultry,1,,112.46,Shoprite House Brand,SAP_ERP,2026-02-24 04:09:53,BATCH-20260224-01
SKU-925739,Albany Brown Bread,Albany,Fresh Food,Bakery,1,,13.34,Tiger Brands,SAP_ERP,2026-02-24 04:09:53,BATCH-20260224-01
SKU-802290,Albany Hot Dog Rolls,Albany,Fresh Food,Bakery,6,,19.59,Tiger Brands,SAP_ERP,2026-02-24 04:09:53,BATCH-20260224-01
SKU-684709,Parmalat Cheddar Cheese,Parmalat,Fresh Food,Dairy & Eggs,400,,53.43,Parmalat,SAP_ERP,2026-02-24 04:09:53,BATCH-20260224-01
SKU-527089,Albany Hot Dog Rolls,Albany,Fresh Food,Bakery,6,,18.53,Tiger Brands,SAP_ERP,2026-02-24 04:09:53,BATCH-20260224-01
SKU-386973,Albany Brown Bread,Albany,Fresh Food,Bakery,1,,15.66,Tiger Brands,SAP_ERP,2026-02-24 04:09:53,BATCH-20260224-01
SKU-539295,Sasko Premium White Bread,Sasko,Fresh Food,Bakery,1,,15.48,Pioneer Foods,SAP_ERP,2026-02-24 04:09:53,BATCH-20260224-01
SKU-630782,Steakhouse Classic Beef T-Bone Steak,Steakhouse Classic,Fresh Food,Meat & Poultry,1,,121.91,Shoprite House Brand,SAP_ERP,2026-02-24 04:09:53,BATCH-20260224-01
SKU-973737,Farmbest Pork Chops,Farmbest,Fresh Food,Meat & Poultry,1,,84.72,Farmbest,SAP_ERP,2026-02-24 04:09:53,BATCH-20260224-01
SKU-426364,NikNaks Cheese Snacks,NikNaks,Grocery Essentials,Snacks & Confectionery,135,,17.59,PepsiCo,SAP_ERP,2026-02-24 04:09:53,BATCH-20260224-01
SKU-483642,Sasko Premium White Bread,Sasko,Fresh Food,Bakery,1,,19.37,Pioneer Foods,SAP_ERP,2026-02-24 04:09:53,BATCH-20260224-01
SKU-999699,Oros Orange Squash,Oros,Beverages,Drinks & Beverages,2,,42.6,Tiger Brands,SAP_ERP,2026-02-24 04:09:53,BATCH-20260224-01
SKU-526371,Clover Low Fat Milk,Clover,Fresh Food,Dairy & Eggs,2,,33.06,Clover SA,SAP_ERP,2026-02-24 04:09:53,BATCH-20260224-01
SKU-526371,Clover Low Fat Milk,Clover,Fresh Food,Dairy & Eggs,2,,33.06,Clover SA,SAP_ERP,2026-02-24 04:09:54,BATCH-20260224-01
SKU-604352,Freshmark Potatoes,Freshmark,Fresh Food,Produce,2,,34.77,Freshmark,SAP_ERP,2026-02-24 04:09:53,BATCH-20260224-01
SKU-524156,Ladismith Cheddar Cheese,Ladismith,Fresh Food,Dairy & Eggs,400,,57.03,Woodlands Dairy,SAP_ERP,2026-02-24 04:09:53,BATCH-20260224-01
SKU-941592,Freshmark Apples,Freshmark,Fresh Food,Produce,1.5,,29.41,Freshmark,SAP_ERP,2026-02-24 04:09:53,BATCH-20260224-01
SKU-123047,Sasko Premium White Bread,Sasko,Fresh Food,Bakery,1,,15.23,Pioneer Foods,SAP_ERP,2026-02-24 04:09:53,BATCH-20260224-01
SKU-273684,Clover Full Cream Milk,Clover,Fresh Food,Dairy & Eggs,2,,33.44,Clover SA,SAP_ERP,2026-02-24 04:09:53,BATCH-20260224-01
SKU-694047,Ladismith Cheddar Cheese,Ladismith,Fresh Food,Dairy & Eggs,400,,54.2,Woodlands Dairy,SAP_ERP,2026-02-24 04:09:53,BATCH-20260224-01
SKU-107023,Coca-Cola Coca-Cola Original,Coca-Cola,Beverages,Drinks & Beverages,2,,22.99,Coca-Cola Beverages SA,SAP_ERP,2026-02-24 04:09:53,BATCH-20260224-01
SKU-879852,Handy Andy Ammonia Floor Cleaner,Handy Andy,Household,Cleaning Supplies,750,,27.6,Unilever,SAP_ERP,2026-02-24 04:09:53,BATCH-20260224-01
SKU-582402,Freshmark Apples,,Fresh Food,Produce,1.5,,23.13,Freshmark,SAP_ERP,2026-02-24 04:09:53,BATCH-20260224-01
SKU-937056,Steakhouse Classic Beef T-Bone Steak,Steakhouse Classic,Fresh Food,Meat & Poultry,1,,117.92,Shoprite House Brand,SAP_ERP,2026-02-24 04:09:53,BATCH-20260224-01
SKU-104087,Farmbest Pork Chops,Farmbest,Fresh Food,Meat & Poultry,1,,85.4,Farmbest,SAP_ERP,2026-02-24 04:09:53,BATCH-20260224-01
SKU-830771,Rainbow Chicken Fresh Whole Chicken,Rainbow Chicken,Fresh Food,Meat & Poultry,1.5,,79.2,RCL Foods,SAP_ERP,2026-02-24 04:09:53,BATCH-20260224-01
SKU-346549,Beacon Sweets Pack,Beacon,Grocery Essentials,Snacks & Confectionery,100,,16.91,Tiger Brands,SAP_ERP,2026-02-24 04:09:53,BATCH-20260224-01
SKU-799128,Crystal Valley Plain Yoghurt,Crystal Valley,Fresh Food,Dairy & Eggs,1,,35.44,Lancewood,SAP_ERP,2026-02-24 04:09:53,BATCH-20260224-01
SKU-758381,Cadbury Dairy Milk Chocolate Slab,Cadbury,Grocery Essentials,Snacks & Confectionery,150,,29.1,Mondelez,SAP_ERP,2026-02-24 04:09:53,BATCH-20260224-01
SKU-713333,Nulaid Extra Large Eggs,Nulaid,Fresh Food,Dairy & Eggs,30,,82.59,Quantum Foods,SAP_ERP,2026-02-24 04:09:53,BATCH-20260224-01
SKU-243464,Rainbow Chicken Fresh Whole Chicken,Rainbow Chicken,Fresh Food,Meat & Poultry,1.5,,89.53,RCL Foods,SAP_ERP,2026-02-24 04:09:53,BATCH-20260224-01
SKU-991951,Doritos Sweet Chilli Pepper Chips,Doritos,Grocery Essentials,Snacks & Confectionery,145,,18.45,PepsiCo,SAP_ERP,2026-02-24 04:09:53,BATCH-20260224-01
SKU-215076,Farmbest Pork Chops,Farmbest,Fresh Food,Meat & Poultry,1,,85.65,Farmbest,SAP_ERP,2026-02-24 04:09:53,BATCH-20260224-01
SKU-215076,Farmbest Pork Chops,Farmbest,Fresh Food,Meat & Poultry,1,,85.65,Farmbest,SAP_ERP,2026-02-24 04:09:53,BATCH-20260224-01
SKU-666810,Crystal Valley Plain Yoghurt,Crystal Valley,Fresh Food,Dairy & Eggs,1,,33.77,Lancewood,SAP_ERP,2026-02-24 04:09:53,BATCH-20260224-01
SKU-982218,Doritos Sweet Chilli Pepper Chips,Doritos,Grocery Essentials,Snacks & Confectionery,145,,21.47,PepsiCo,SAP_ERP,2026-02-24 04:09:53,BATCH-20260224-01
SKU-760711,Nature's Choice Bananas,Nature's Choice,Fresh Food,Produce,1,,21.25,Freshmark,SAP_ERP,2026-02-24 04:09:53,BATCH-20260224-01
SKU-516589,Nulaid Large Eggs,Nulaid,Fresh Food,Dairy & Eggs,18,,48.94,Quantum Foods,SAP_ERP,2026-02-24 04:09:53,BATCH-20260224-01
SKU-965801,Lays Lightly Salted Chips,Lays,Grocery Essentials,Snacks & Confectionery,120,,18.15,PepsiCo,SAP_ERP,2026-02-24 04:09:53,BATCH-20260224-01
SKU-923184,Ladismith Cheddar Cheese,Ladismith,Fresh Food,Dairy & Eggs,400,,48.78,Woodlands Dairy,SAP_ERP,2026-02-24 04:09:53,BATCH-20260224-01
SKU-157671,ZZ2 Tomatoes,ZZ2,Fresh Food,Produce,1,,21.9,ZZ2,SAP_ERP,2026-02-24 04:09:53,BATCH-20260224-01
SKU-256249,Freshmark Onions,Freshmark,Fresh Food,Produce,1,,18.93,Freshmark,SAP_ERP,2026-02-24 04:09:53,BATCH-20260224-01
SKU-713986,Clover Low Fat Milk,Clover,Fresh Food,Dairy & Eggs,2,,34.46,Clover SA,SAP_ERP,2026-02-24 04:09:53,BATCH-20260224-01
SKU-755311,Domestos Thick Bleach,Domestos,Household,Cleaning Supplies,750,,33.45,Unilever,SAP_ERP,2026-02-24 04:09:53,BATCH-20260224-01
SKU-980090,Nature's Choice Bananas,Nature's Choice,Fresh Food,Produce,1,,19.49,Freshmark,SAP_ERP,2026-02-24 04:09:53,BATCH-20260224-01
SKU-143577,Coca-Cola Coca-Cola No Sugar,Coca-Cola,Beverages,Drinks & Beverages,2,,23.46,Coca-Cola Beverages SA,SAP_ERP,2026-02-24 04:09:53,BATCH-20260224-01
SKU-527694,Championship Boerewors Thick Boerewors,Championship Boerewors,Fresh Food,Meat & Poultry,1,,86.68,Shoprite Private Label,SAP_ERP,2026-02-24 04:09:53,BATCH-20260224-01
SKU-107196,Sunlight Dishwashing Liquid,Sunlight,Household,Cleaning Supplies,750,,31.35,Unilever,SAP_ERP,2026-02-24 04:09:53,BATCH-20260224-01
SKU-573492,Blue Ribbon White Bread,Blue Ribbon,,Bakery,1,,14.37,Premier FMCG,SAP_ERP,2026-02-24 04:09:53,BATCH-20260224-01
SKU-113404,NikNaks Cheese Snacks,NikNaks,Grocery Essentials,Snacks & Confectionery,135,,17.95,PepsiCo,SAP_ERP,2026-02-24 04:09:53,BATCH-20260224-01
SKU-452224,Ladismith Cheddar Cheese,Ladismith,Fresh Food,Dairy & Eggs,400,,57.74,Woodlands Dairy,SAP_ERP,2026-02-24 04:09:53,BATCH-20260224-01
SKU-345893,Cadbury Dairy Milk Chocolate Slab,Cadbury,Grocery Essentials,Snacks & Confectionery,150,,26.95,Mondelez,SAP_ERP,2026-02-24 04:09:53,BATCH-20260224-01
SKU-604725,Lays Lightly Salted Chips,Lays,Grocery Essentials,Snacks & Confectionery,120,,20.13,PepsiCo,SAP_ERP,2026-02-24 04:09:53,BATCH-20260224-01
SKU-265917,Steakhouse Classic Beef T-Bone Steak,Steakhouse Classic,Fresh Food,Meat & Poultry,1,,128.18,Shoprite House Brand,SAP_ERP,2026-02-24 04:09:53,BATCH-20260224-01
SKU-749541,Simba Smoked Beef Chips,Simba,Grocery Essentials,Snacks & Confectionery,120,,19.79,PepsiCo,SAP_ERP,2026-02-24 04:09:53,BATCH-20260224-01
SKU-123069,Doritos Sweet Chilli Pepper Chips,Doritos,Grocery Essentials,Snacks & Confectionery,145,,18.2,PepsiCo,SAP_ERP,2026-02-24 04:09:53,BATCH-20260224-01
SKU-341541,Albany Hot Dog Rolls,Albany,Fresh Food,Bakery,6,,20.81,Tiger Brands,SAP_ERP,2026-02-24 04:09:53,BATCH-20260224-01
SKU-761478,Farmbest Pork Chops,Farmbest,Fresh Food,Meat & Poultry,1,,90.47,Farmbest,SAP_ERP,2026-02-24 04:09:53,BATCH-20260224-01
SKU-492598,Cadbury Dairy Milk Chocolate Slab,Cadbury,Grocery Essentials,Snacks & Confectionery,150,,28.36,Mondelez,SAP_ERP,2026-02-24 04:09:53,BATCH-20260224-01
SKU-400219,Clover Low Fat Milk,Clover,Fresh Food,Dairy & Eggs,2,,35.04,Clover SA,SAP_ERP,2026-02-24 04:09:53,BATCH-20260224-01
SKU-966779,Domestos Thick Bleach,Domestos,Household,Cleaning Supplies,750,,34.0,Unilever,SAP_ERP,2026-02-24 04:09:53,BATCH-20260224-01
SKU-451039,Ladismith Cheddar Cheese,Ladismith,Fresh Food,Dairy & Eggs,400,,49.36,Woodlands Dairy,SAP_ERP,2026-02-24 04:09:53,BATCH-20260224-01
SKU-170682,Nulaid Extra Large Eggs,Nulaid,Fresh Food,Dairy & Eggs,30,,84.48,Quantum Foods,SAP_ERP,2026-02-24 04:09:53,BATCH-20260224-01
SKU-643693,NikNaks Cheese Snacks,NikNaks,Grocery Essentials,Snacks & Confectionery,135,,15.6,PepsiCo,SAP_ERP,2026-02-24 04:09:53,BATCH-20260224-01
SKU-141726,Coca-Cola Coca-Cola No Sugar,Coca-Cola,Beverages,Drinks & Beverages,2,,25.32,Coca-Cola Beverages SA,SAP_ERP,2026-02-24 04:09:53,BATCH-20260224-01
SKU-428422,Albany White Bread,Albany,Fresh Food,Bakery,1,,17.08,Tiger Brands,SAP_ERP,2026-02-24 04:09:53,BATCH-20260224-01
SKU-509419,Beacon Sweets Pack,Beacon,Grocery Essentials,Snacks & Confectionery,100,,17.72,Tiger Brands,SAP_ERP,2026-02-24 04:09:53,BATCH-20260224-01
SKU-545539,Freshmark Apples,Freshmark,Fresh Food,Produce,1.5,,22.73,Freshmark,SAP_ERP,2026-02-24 04:09:53,BATCH-20260224-01
SKU-548615,Nature's Choice Bananas,Nature's Choice,Fresh Food,Produce,1,,24.76,Freshmark,SAP_ERP,2026-02-24 04:09:53,BATCH-20260224-01
SKU-381504,Freshmark Onions,Freshmark,Fresh Food,Produce,1,,19.73,Freshmark,SAP_ERP,2026-02-24 04:09:53,BATCH-20260224-01
SKU-194384,NikNaks Cheese Snacks,NikNaks,Grocery Essentials,Snacks & Confectionery,135,,14.17,PepsiCo,SAP_ERP,2026-02-24 04:09:53,BATCH-20260224-01
SKU-632428,Albany White Bread,Albany,Fresh Food,Bakery,1,,16.96,Tiger Brands,SAP_ERP,2026-02-24 04:09:53,BATCH-20260224-01
SKU-995730,Ladismith Cheddar Cheese,Ladismith,Fresh Food,Dairy & Eggs,400,,51.85,Woodlands Dairy,SAP_ERP,2026-02-24 04:09:53,BATCH-20260224-01
SKU-441558,Parmalat Cheddar Cheese,Parmalat,Fresh Food,Dairy & Eggs,400,,55.46,Parmalat,SAP_ERP,2026-02-24 04:09:53,BATCH-20260224-01
SKU-220875,Rainbow Chicken Chicken Mixed Portions (IQF),Rainbow Chicken,Fresh Food,Meat & Poultry,2,,86.75,RCL Foods,SAP_ERP,2026-02-24 04:09:53,BATCH-20260224-01
SKU-298424,Sunlight Dishwashing Liquid,Sunlight,Household,Cleaning Supplies,750,,31.05,Unilever,SAP_ERP,2026-02-24 04:09:53,BATCH-20260224-01
SKU-255325,Simba Smoked Beef Chips,Simba,Grocery Essentials,Snacks & Confectionery,120,,16.48,PepsiCo,SAP_ERP,2026-02-24 04:09:53,BATCH-20260224-01
SKU-592992,Beacon Sweets Pack,,Grocery Essentials,Snacks & Confectionery,100,,16.79,Tiger Brands,SAP_ERP,2026-02-24 04:09:53,BATCH-20260224-01
SKU-300943,Freshmark Onions,Freshmark,Fresh Food,Produce,1,,18.23,Freshmark,SAP_ERP,2026-02-24 04:09:53,BATCH-20260224-01
SKU-893208,Country Fair Chicken Braaipack,Country Fair,Fresh Food,Meat & Poultry,1.5,,89.17,Astral Foods,SAP_ERP,2026-02-24 04:09:53,BATCH-20260224-01
SKU-549919,Nulaid Large Eggs,Nulaid,Fresh Food,Dairy & Eggs,18,,48.46,Quantum Foods,SAP_ERP,2026-02-24 04:09:53,BATCH-20260224-01
SKU-643840,Albany Hot Dog Rolls,Albany,Fresh Food,Bakery,6,,22.78,Tiger Brands,SAP_ERP,2026-02-24 04:09:53,BATCH-20260224-01
SKU-958542,Coca-Cola Coca-Cola Original,Coca-Cola,Beverages,Drinks & Beverages,2,,22.98,Coca-Cola Beverages SA,SAP_ERP,2026-02-24 04:09:53,BATCH-20260224-01
SKU-587732,Albany Brown Bread,Albany,Fresh Food,Bakery,1,,13.76,Tiger Brands,SAP_ERP,2026-02-24 04:09:53,BATCH-20260224-01
SKU-868455,Nulaid Large Eggs,Nulaid,Fresh Food,Dairy & Eggs,18,,51.37,Quantum Foods,SAP_ERP,2026-02-24 04:09:53,BATCH-20260224-01
SKU-713525,Parmalat Cheddar Cheese,Parmalat,Fresh Food,Dairy & Eggs,400,,50.17,Parmalat,SAP_ERP,2026-02-24 04:09:53,BATCH-20260224-01
SKU-783306,Oros Orange Squash,Oros,Beverages,Drinks & Beverages,2,,40.4,Tiger Brands,SAP_ERP,2026-02-24 04:09:53,BATCH-20260224-01
SKU-439689,Rainbow Chicken Chicken Mixed Portions (IQF),Rainbow Chicken,Fresh Food,Meat & Poultry,2,,85.78,RCL Foods,SAP_ERP,2026-02-24 04:09:53,BATCH-20260224-01
SKU-120670,Simba Cheese & Onion Chips,Simba,Grocery Essentials,Snacks & Confectionery,120,,16.19,PepsiCo,SAP_ERP,2026-02-24 04:09:53,BATCH-20260224-01
SKU-592483,Albany Hot Dog Rolls,Albany,Fresh Food,Bakery,6,,19.7,Tiger Brands,SAP_ERP,2026-02-24 04:09:53,BATCH-20260224-01
SKU-797409,Freshmark Apples,Freshmark,Fresh Food,Produce,1.5,,22.3,Freshmark,SAP_ERP,2026-02-24 04:09:53,BATCH-20260224-01
SKU-645549,Beacon Sweets Pack,Beacon,Grocery Essentials,Snacks & Confectionery,100,,18.45,Tiger Brands,SAP_ERP,2026-02-24 04:09:53,BATCH-20260224-01
SKU-804181,Blue Ribbon White Bread,Blue Ribbon,Fresh Food,Bakery,1,,14.7,Premier FMCG,SAP_ERP,2026-02-24 04:09:53,BATCH-20260224-01
SKU-627149,Freshmark Onions,Freshmark,Fresh Food,Produce,1,,15.21,Freshmark,SAP_ERP,2026-02-24 04:09:53,BATCH-20260224-01
SKU-714391,Handy Andy Ammonia Floor Cleaner,Handy Andy,Household,Cleaning Supplies,750,,31.16,Unilever,SAP_ERP,2026-02-24 04:09:53,BATCH-20260224-01
SKU-306459,Beacon Sweets Pack,Beacon,Grocery Essentials,Snacks & Confectionery,100,,19.92,Tiger Brands,SAP_ERP,2026-02-24 04:09:53,BATCH-20260224-01
SKU-802812,Steakhouse Classic Beef T-Bone Steak,Steakhouse Classic,Fresh Food,Meat & Poultry,1,,121.01,Shoprite House Brand,SAP_ERP,2026-02-24 04:09:53,BATCH-20260224-01
SKU-964018,Domestos Thick Bleach,Domestos,Household,Cleaning Supplies,,,33.92,Unilever,SAP_ERP,2026-02-24 04:09:53,BATCH-20260224-01
SKU-192857,Liqui Fruit 100% Fruit Juice,Liqui Fruit,Beverages,Drinks & Beverages,1,,25.64,Pioneer Foods,SAP_ERP,2026-02-24 04:09:53,BATCH-20260224-01
SKU-208667,Danone NutriDay Plain Yoghurt,Danone,Fresh Food,Dairy & Eggs,1,,31.19,Danone,SAP_ERP,2026-02-24 04:09:53,BATCH-20260224-01
SKU-174404,Doritos Sweet Chilli Pepper Chips,Doritos,Grocery Essentials,Snacks & Confectionery,145,,20.36,PepsiCo,SAP_ERP,2026-02-24 04:09:53,BATCH-20260224-01
SKU-882988,Omo Auto Washing Powder,Omo,Household,Cleaning Supplies,2,,100.65,Unilever,SAP_ERP,2026-02-24 04:09:53,BATCH-20260224-01
SKU-784766,Freshmark Potatoes,Freshmark,Fresh Food,Produce,2,,33.53,Freshmark,SAP_ERP,2026-02-24 04:09:53,BATCH-20260224-01
SKU-659153,Rainbow Chicken Fresh Whole Chicken,Rainbow Chicken,Fresh Food,Meat & Poultry,1.5,,88.16,RCL Foods,SAP_ERP,2026-02-24 04:09:53,BATCH-20260224-01
SKU-555894,Championship Boerewors Thick Boerewors,Championship Boerewors,Fresh Food,Meat & Poultry,1,,87.12,Shoprite Private Label,SAP_ERP,2026-02-24 04:09:53,BATCH-20260224-01
SKU-772150,Coca-Cola Coca-Cola No Sugar,Coca-Cola,Beverages,Drinks & Beverages,2,,25.42,Coca-Cola Beverages SA,SAP_ERP,2026-02-24 04:09:53,BATCH-20260224-01
SKU-237264,Cadbury Dairy Milk Chocolate Slab,Cadbury,Grocery Essentials,Snacks & Confectionery,,,26.36,Mondelez,SAP_ERP,2026-02-24 04:09:53,BATCH-20260224-01
SKU-638700,Rainbow Chicken Chicken Mixed Portions (IQF),Rainbow Chicken,Fresh Food,Meat & Poultry,2,,101.0,RCL Foods,SAP_ERP,2026-02-24 04:09:53,BATCH-20260224-01
SKU-116431,Rainbow Chicken Fresh Whole Chicken,Rainbow Chicken,Fresh Food,Meat & Poultry,1.5,,86.15,RCL Foods,SAP_ERP,2026-02-24 04:09:53,BATCH-20260224-01
SKU-705317,Clover Full Cream Milk,Clover,Fresh Food,Dairy & Eggs,2,,32.63,Clover SA,SAP_ERP,2026-02-24 04:09:53,BATCH-20260224-01
SKU-888854,NikNaks Cheese Snacks,NikNaks,Grocery Essentials,Snacks & Confectionery,135,,15.16,PepsiCo,SAP_ERP,2026-02-24 04:09:53,BATCH-20260224-01
SKU-508920,Simba Smoked Beef Chips,Simba,Grocery Essentials,Snacks & Confectionery,120,,19.48,PepsiCo,SAP_ERP,2026-02-24 04:09:53,BATCH-20260224-01
SKU-383667,Doritos Sweet Chilli Pepper Chips,Doritos,Grocery Essentials,Snacks & Confectionery,145,,19.15,PepsiCo,SAP_ERP,2026-02-24 04:09:53,BATCH-20260224-01
SKU-601053,Sunbake Brown Bread,Sunbake,Fresh Food,Bakery,1,,13.8,RCL Foods,SAP_ERP,2026-02-24 04:09:53,BATCH-20260224-01
SKU-964141,Oros Orange Squash,Oros,Beverages,Drinks & Beverages,2,,38.18,Tiger Brands,SAP_ERP,2026-02-24 04:09:53,BATCH-20260224-01
SKU-244830,Blue Ribbon White Bread,Blue Ribbon,Fresh Food,Bakery,1,,15.21,Premier FMCG,SAP_ERP,2026-02-24 04:09:53,BATCH-20260224-01
SKU-542917,Rainbow Chicken Chicken Mixed Portions (IQF),Rainbow Chicken,Fresh Food,Meat & Poultry,2,,98.48,RCL Foods,SAP_ERP,2026-02-24 04:09:53,BATCH-20260224-01
SKU-499979,Sunbake Brown Bread,Sunbake,Fresh Food,Bakery,1,,15.87,RCL Foods,SAP_ERP,2026-02-24 04:09:53,BATCH-20260224-01
SKU-404585,Omo Auto Washing Powder,Omo,Household,Cleaning Supplies,2,,89.41,Unilever,SAP_ERP,2026-02-24 04:09:53,BATCH-20260224-01
SKU-914044,Omo Auto Washing Powder,Omo,Household,Cleaning Supplies,2,,87.91,Unilever,SAP_ERP,2026-02-24 04:09:53,BATCH-20260224-01
SKU-811994,Rainbow Chicken Chicken Mixed Portions (IQF),Rainbow Chicken,Fresh Food,Meat & Poultry,2,,95.87,RCL Foods,SAP_ERP,2026-02-24 04:09:53,BATCH-20260224-01
SKU-167403,Clover Low Fat Milk,Clover,Fresh Food,Dairy & Eggs,2,,36.42,Clover SA,SAP_ERP,2026-02-24 04:09:53,BATCH-20260224-01
SKU-814195,Nature's Choice Bananas,Nature's Choice,Fresh Food,Produce,1,,22.7,Freshmark,SAP_ERP,2026-02-24 04:09:53,BATCH-20260224-01
SKU-927662,Simba Smoked Beef Chips,Simba,Grocery Essentials,Snacks & Confectionery,120,,16.94,PepsiCo,SAP_ERP,2026-02-24 04:09:53,BATCH-20260224-01
SKU-429019,Farmbest Pork Chops,Farmbest,Fresh Food,Meat & Poultry,1,,98.64,Farmbest,SAP_ERP,2026-02-24 04:09:53,BATCH-20260224-01
SKU-801862,Championship Boerewors Thick Boerewors,,Fresh Food,Meat & Poultry,1,,92.94,Shoprite Private Label,SAP_ERP,2026-02-24 04:09:53,BATCH-20260224-01
SKU-387266,ZZ2 Tomatoes,ZZ2,,Produce,1,,25.75,ZZ2,SAP_ERP,2026-02-24 04:09:53,BATCH-20260224-01
SKU-394475,Rainbow Chicken Chicken Mixed Portions (IQF),Rainbow Chicken,Fresh Food,Meat & Poultry,2,,91.16,RCL Foods,SAP_ERP,2026-02-24 04:09:53,BATCH-20260224-01
SKU-517532,Danone NutriDay Plain Yoghurt,Danone,Fresh Food,Dairy & Eggs,1,,30.93,Danone,SAP_ERP,2026-02-24 04:09:53,BATCH-20260224-01
SKU-856599,Blue Ribbon White Bread,Blue Ribbon,Fresh Food,Bakery,1,,16.96,Premier FMCG,SAP_ERP,2026-02-24 04:09:53,BATCH-20260224-01
SKU-684237,Nature's Choice Bananas,Nature's Choice,Fresh Food,Produce,1,,22.56,Freshmark,SAP_ERP,2026-02-24 04:09:53,BATCH-20260224-01
SKU-888299,Oros Orange Squash,Oros,Beverages,Drinks & Beverages,2,,42.75,Tiger Brands,SAP_ERP,2026-02-24 04:09:53,BATCH-20260224-01
SKU-301613,Championship Boerewors Thick Boerewors,Championship Boerewors,Fresh Food,Meat & Poultry,1,,90.29,Shoprite Private Label,SAP_ERP,2026-02-24 04:09:53,BATCH-20260224-01
SKU-353903,Beacon Sweets Pack,Beacon,Grocery Essentials,Snacks & Confectionery,100,,17.88,Tiger Brands,SAP_ERP,2026-02-24 04:09:53,BATCH-20260224-01
SKU-505840,Albany Hot Dog Rolls,Albany,Fresh Food,Bakery,6,,21.71,Tiger Brands,SAP_ERP,2026-02-24 04:09:53,BATCH-20260224-01
SKU-206269,Handy Andy Ammonia Floor Cleaner,Handy Andy,Household,Cleaning Supplies,750,,30.31,Unilever,SAP_ERP,2026-02-24 04:09:53,BATCH-20260224-01
SKU-633933,Omo Auto Washing Powder,Omo,Household,Cleaning Supplies,2,,98.17,Unilever,SAP_ERP,2026-02-24 04:09:53,BATCH-20260224-01
SKU-270518,Coca-Cola Coca-Cola No Sugar,Coca-Cola,Beverages,Drinks & Beverages,2,,23.14,Coca-Cola Beverages SA,SAP_ERP,2026-02-24 04:09:53,BATCH-20260224-01
SKU-316372,Albany Brown Bread,Albany,Fresh Food,Bakery,1,,13.38,Tiger Brands,SAP_ERP,2026-02-24 04:09:53,BATCH-20260224-01
SKU-261806,Handy Andy Ammonia Floor Cleaner,Handy Andy,Household,Cleaning Supplies,750,,27.18,Unilever,SAP_ERP,2026-02-24 04:09:53,BATCH-20260224-01
SKU-799365,Freshmark Onions,Freshmark,Fresh Food,Produce,1,,19.59,Freshmark,SAP_ERP,2026-02-24 04:09:53,BATCH-20260224-01
SKU-883023,Freshmark Apples,Freshmark,Fresh Food,Produce,1.5,,22.15,Freshmark,SAP_ERP,2026-02-24 04:09:53,BATCH-20260224-01
SKU-601012,Parmalat Cheddar Cheese,Parmalat,Fresh Food,Dairy & Eggs,400,,52.72,Parmalat,SAP_ERP,2026-02-24 04:09:53,BATCH-20260224-01
SKU-456665,Blue Ribbon White Bread,Blue Ribbon,Fresh Food,Bakery,1,,16.72,Premier FMCG,SAP_ERP,2026-02-24 04:09:53,BATCH-20260224-01
SKU-897482,Coca-Cola Coca-Cola Original,Coca-Cola,Beverages,Drinks & Beverages,2,,24.75,Coca-Cola Beverages SA,SAP_ERP,2026-02-24 04:09:53,BATCH-20260224-01
SKU-537298,Cadbury Dairy Milk Chocolate Slab,Cadbury,Grocery Essentials,Snacks & Confectionery,150,,31.96,Mondelez,SAP_ERP,2026-02-24 04:09:53,BATCH-20260224-01
SKU-499629,Simba Cheese & Onion Chips,Simba,Grocery Essentials,Snacks & Confectionery,120,,17.63,PepsiCo,SAP_ERP,2026-02-24 04:09:53,BATCH-20260224-01
SKU-757605,Nature's Choice Bananas,Nature's Choice,Fresh Food,Produce,1,,18.23,Freshmark,SAP_ERP,2026-02-24 04:09:53,BATCH-20260224-01
SKU-237205,Crystal Valley Plain Yoghurt,Crystal Valley,Fresh Food,Dairy & Eggs,1,,34.9,Lancewood,SAP_ERP,2026-02-24 04:09:53,BATCH-20260224-01
SKU-605004,Domestos Thick Bleach,Domestos,Household,Cleaning Supplies,750,,32.79,Unilever,SAP_ERP,2026-02-24 04:09:53,BATCH-20260224-01
SKU-342683,Rainbow Chicken Fresh Whole Chicken,Rainbow Chicken,Fresh Food,Meat & Poultry,1.5,,87.56,RCL Foods,SAP_ERP,2026-02-24 04:09:53,BATCH-20260224-01
SKU-965662,Rainbow Chicken Fresh Whole Chicken,Rainbow Chicken,Fresh Food,Meat & Poultry,1.5,,70.72,RCL Foods,SAP_ERP,2026-02-24 04:09:53,BATCH-20260224-01
SKU-217003,Lays Lightly Salted Chips,Lays,Grocery Essentials,Snacks & Confectionery,120,,21.83,PepsiCo,SAP_ERP,2026-02-24 04:09:53,BATCH-20260224-01
SKU-919633,Domestos Thick Bleach,Domestos,Household,Cleaning Supplies,750,,37.07,Unilever,SAP_ERP,2026-02-24 04:09:53,BATCH-20260224-01
SKU-991572,Freshmark Potatoes,Freshmark,Fresh Food,Produce,2,,39.21,Freshmark,SAP_ERP,2026-02-24 04:09:53,BATCH-20260224-01
SKU-354400,Nulaid Extra Large Eggs,Nulaid,Fresh Food,Dairy & Eggs,,,81.62,Quantum Foods,SAP_ERP,2026-02-24 04:09:53,BATCH-20260224-01
SKU-879687,Sunbake Brown Bread,Sunbake,Fresh Food,Bakery,1,,14.3,RCL Foods,SAP_ERP,2026-02-24 04:09:53,BATCH-20260224-01
SKU-749166,Sunbake Brown Bread,Sunbake,Fresh Food,Bakery,1,,16.39,RCL Foods,SAP_ERP,2026-02-24 04:09:53,BATCH-20260224-01
SKU-944367,Doritos Sweet Chilli Pepper Chips,Doritos,Grocery Essentials,Snacks & Confectionery,145,,22.94,PepsiCo,SAP_ERP,2026-02-24 04:09:53,BATCH-20260224-01
SKU-198362,Steakhouse Classic Beef T-Bone Steak,Steakhouse Classic,Fresh Food,Meat & Poultry,1,,134.56,Shoprite House Brand,SAP_ERP,2026-02-24 04:09:53,BATCH-20260224-01
SKU-603667,Oros Orange Squash,Oros,Beverages,Drinks & Beverages,2,,41.25,Tiger Brands,SAP_ERP,2026-02-24 04:09:53,BATCH-20260224-01
SKU-673359,Farmbest Pork Chops,Farmbest,Fresh Food,Meat & Poultry,1,,98.68,Farmbest,SAP_ERP,2026-02-24 04:09:53,BATCH-20260224-01
SKU-381250,Cappy Orange Juice Blend,Cappy,Beverages,Drinks & Beverages,1.5,,29.67,Coca-Cola Beverages SA,SAP_ERP,2026-02-24 04:09:53,BATCH-20260224-01
SKU-381250,Cappy Orange Juice Blend,Cappy,Beverages,Drinks & Beverages,1.5,,29.67,Coca-Cola Beverages SA,SAP_ERP,2026-02-24 04:09:53,BATCH-20260224-01
SKU-239183,Cappy Orange Juice Blend,Cappy,Beverages,Drinks & Beverages,1.5,,26.87,Coca-Cola Beverages SA,SAP_ERP,2026-02-24 04:09:53,BATCH-20260224-01
SKU-603489,Omo Auto Washing Powder,Omo,Household,Cleaning Supplies,2,,91.02,Unilever,SAP_ERP,2026-02-24 04:09:53,BATCH-20260224-01
SKU-238131,Albany Hot Dog Rolls,Albany,Fresh Food,Bakery,6,,18.27,Tiger Brands,SAP_ERP,2026-02-24 04:09:53,BATCH-20260224-01
SKU-841706,Ladismith Cheddar Cheese,Ladismith,Fresh Food,Dairy & Eggs,400,,50.03,Woodlands Dairy,SAP_ERP,2026-02-24 04:09:53,BATCH-20260224-01
SKU-453837,Blue Ribbon White Bread,Blue Ribbon,Fresh Food,Bakery,1,,16.55,Premier FMCG,SAP_ERP,2026-02-24 04:09:53,BATCH-20260224-01
SKU-747734,Nulaid Large Eggs,Nulaid,Fresh Food,Dairy & Eggs,18,,45.24,Quantum Foods,SAP_ERP,2026-02-24 04:09:53,BATCH-20260224-01
SKU-597878,Steakhouse Classic Beef T-Bone Steak,Steakhouse Classic,Fresh Food,Meat & Poultry,1,,117.96,Shoprite House Brand,SAP_ERP,2026-02-24 04:09:53,BATCH-20260224-01
SKU-278974,Liqui Fruit 100% Fruit Juice,Liqui Fruit,Beverages,Drinks & Beverages,1,,23.81,Pioneer Foods,SAP_ERP,2026-02-24 04:09:53,BATCH-20260224-01
SKU-298381,Crystal Valley Plain Yoghurt,Crystal Valley,Fresh Food,Dairy & Eggs,1,,35.47,Lancewood,SAP_ERP,2026-02-24 04:09:53,BATCH-20260224-01
SKU-785003,Freshmark Apples,Freshmark,Fresh Food,Produce,1.5,,26.66,Freshmark,SAP_ERP,2026-02-24 04:09:53,BATCH-20260224-01
SKU-830032,Coca-Cola Coca-Cola Original,Coca-Cola,Beverages,Drinks & Beverages,2,,21.27,Coca-Cola Beverages SA,SAP_ERP,2026-02-24 04:09:53,BATCH-20260224-01
SKU-918800,NikNaks Cheese Snacks,NikNaks,Grocery Essentials,Snacks & Confectionery,135,,14.01,PepsiCo,SAP_ERP,2026-02-24 04:09:53,BATCH-20260224-01
SKU-934226,Freshmark Potatoes,Freshmark,Fresh Food,Produce,2,,36.76,Freshmark,SAP_ERP,2026-02-24 04:09:53,BATCH-20260224-01
SKU-939689,Handy Andy Ammonia Floor Cleaner,Handy Andy,Household,Cleaning Supplies,750,,30.15,Unilever,SAP_ERP,2026-02-24 04:09:53,BATCH-20260224-01
SKU-481499,Albany Brown Bread,Albany,Fresh Food,Bakery,1,,15.36,Tiger Brands,SAP_ERP,2026-02-24 04:09:53,BATCH-20260224-01
SKU-803791,Liqui Fruit 100% Fruit Juice,Liqui Fruit,Beverages,Drinks & Beverages,1,,27.45,Pioneer Foods,SAP_ERP,2026-02-24 04:09:53,BATCH-20260224-01
SKU-903748,NikNaks Cheese Snacks,NikNaks,Grocery Essentials,Snacks & Confectionery,135,,15.4,PepsiCo,SAP_ERP,2026-02-24 04:09:53,BATCH-20260224-01
SKU-432708,Parmalat Cheddar Cheese,Parmalat,Fresh Food,Dairy & Eggs,400,,58.28,Parmalat,SAP_ERP,2026-02-24 04:09:53,BATCH-20260224-01
SKU-974025,Freshmark Potatoes,Freshmark,Fresh Food,Produce,2,,39.92,Freshmark,SAP_ERP,2026-02-24 04:09:53,BATCH-20260224-01
SKU-535437,Liqui Fruit 100% Fruit Juice,Liqui Fruit,Beverages,Drinks & Beverages,1,,25.26,Pioneer Foods,SAP_ERP,2026-02-24 04:09:53,BATCH-20260224-01
SKU-871902,Steakhouse Classic Beef T-Bone Steak,Steakhouse Classic,Fresh Food,Meat & Poultry,1,,133.47,Shoprite House Brand,SAP_ERP,2026-02-24 04:09:53,BATCH-20260224-01
SKU-664628,Albany White Bread,Albany,Fresh Food,Bakery,1,,16.98,Tiger Brands,SAP_ERP,2026-02-24 04:09:53,BATCH-20260224-01
SKU-421920,Coca-Cola Coca-Cola No Sugar,Coca-Cola,Beverages,Drinks & Beverages,2,,22.05,Coca-Cola Beverages SA,SAP_ERP,2026-02-24 04:09:53,BATCH-20260224-01
SKU-888969,Liqui Fruit 100% Fruit Juice,Liqui Fruit,Beverages,Drinks & Beverages,1,,27.75,Pioneer Foods,SAP_ERP,2026-02-24 04:09:53,BATCH-20260224-01
SKU-288234,Beacon Sweets Pack,Beacon,Grocery Essentials,Snacks & Confectionery,100,,15.51,Tiger Brands,SAP_ERP,2026-02-24 04:09:53,BATCH-20260224-01
SKU-792326,Ladismith Cheddar Cheese,Ladismith,Fresh Food,Dairy & Eggs,400,,55.33,Woodlands Dairy,SAP_ERP,2026-02-24 04:09:53,BATCH-20260224-01
SKU-901291,Liqui Fruit 100% Fruit Juice,Liqui Fruit,Beverages,Drinks & Beverages,1,,27.29,Pioneer Foods,SAP_ERP,2026-02-24 04:09:53,BATCH-20260224-01
SKU-157195,Beacon Sweets Pack,Beacon,Grocery Essentials,Snacks & Confectionery,100,,16.85,Tiger Brands,SAP_ERP,2026-02-24 04:09:53,BATCH-20260224-01
SKU-596094,Doritos Sweet Chilli Pepper Chips,Doritos,Grocery Essentials,Snacks & Confectionery,145,,22.5,PepsiCo,SAP_ERP,2026-02-24 04:09:53,BATCH-20260224-01
SKU-909962,Nulaid Large Eggs,Nulaid,Fresh Food,Dairy & Eggs,18,,47.97,Quantum Foods,SAP_ERP,2026-02-24 04:09:53,BATCH-20260224-01
SKU-217983,Farmbest Pork Chops,Farmbest,Fresh Food,Meat & Poultry,1,,92.37,Farmbest,SAP_ERP,2026-02-24 04:09:53,BATCH-20260224-01
SKU-290614,Handy Andy Ammonia Floor Cleaner,Handy Andy,Household,Cleaning Supplies,750,,28.87,Unilever,SAP_ERP,2026-02-24 04:09:53,BATCH-20260224-01
SKU-686659,Crystal Valley Plain Yoghurt,Crystal Valley,Fresh Food,Dairy & Eggs,1,,35.12,Lancewood,SAP_ERP,2026-02-24 04:09:53,BATCH-20260224-01
SKU-176161,Nature's Choice Bananas,Nature's Choice,Fresh Food,Produce,1,,23.52,Freshmark,SAP_ERP,2026-02-24 04:09:53,BATCH-20260224-01
SKU-914571,Coca-Cola Coca-Cola Original,Coca-Cola,Beverages,Drinks & Beverages,2,,21.63,Coca-Cola Beverages SA,SAP_ERP,2026-02-24 04:09:53,BATCH-20260224-01
SKU-755192,Handy Andy Ammonia Floor Cleaner,Handy Andy,Household,Cleaning Supplies,750,,31.77,Unilever,SAP_ERP,2026-02-24 04:09:53,BATCH-20260224-01
SKU-146111,Rainbow Chicken Chicken Mixed Portions (IQF),Rainbow Chicken,Fresh Food,Meat & Poultry,2,,102.41,RCL Foods,SAP_ERP,2026-02-24 04:09:53,BATCH-20260224-01
SKU-652704,Beacon Sweets Pack,Beacon,Grocery Essentials,Snacks & Confectionery,100,,18.48,Tiger Brands,SAP_ERP,2026-02-24 04:09:53,BATCH-20260224-01
SKU-851671,Danone NutriDay Plain Yoghurt,Danone,Fresh Food,Dairy & Eggs,1,,37.42,Danone,SAP_ERP,2026-02-24 04:09:53,BATCH-20260224-01
SKU-221363,Danone NutriDay Plain Yoghurt,Danone,Fresh Food,Dairy & Eggs,1,,35.55,Danone,SAP_ERP,2026-02-24 04:09:53,BATCH-20260224-01
SKU-245178,Albany Brown Bread,Albany,Fresh Food,Bakery,1,,13.42,Tiger Brands,SAP_ERP,2026-02-24 04:09:53,BATCH-20260224-01
SKU-364598,Omo Auto Washing Powder,Omo,Household,Cleaning Supplies,2,,87.19,Unilever,SAP_ERP,2026-02-24 04:09:53,BATCH-20260224-01
SKU-680112,Rainbow Chicken Fresh Whole Chicken,Rainbow Chicken,Fresh Food,Meat & Poultry,1.5,,76.38,RCL Foods,SAP_ERP,2026-02-24 04:09:53,BATCH-20260224-01
SKU-180687,Cappy Orange Juice Blend,Cappy,Beverages,Drinks & Beverages,1.5,,26.81,Coca-Cola Beverages SA,SAP_ERP,2026-02-24 04:09:53,BATCH-20260224-01
SKU-877211,Steakhouse Classic Beef T-Bone Steak,Steakhouse Classic,Fresh Food,Meat & Poultry,1,,114.19,Shoprite House Brand,SAP_ERP,2026-02-24 04:09:53,BATCH-20260224-01
SKU-134909,Simba Smoked Beef Chips,Simba,Grocery Essentials,Snacks & Confectionery,120,,17.15,PepsiCo,SAP_ERP,2026-02-24 04:09:53,BATCH-20260224-01
SKU-956794,Ladismith Cheddar Cheese,Ladismith,Fresh Food,Dairy & Eggs,400,,54.24,Woodlands Dairy,SAP_ERP,2026-02-24 04:09:53,BATCH-20260224-01
SKU-986176,Sunbake Brown Bread,Sunbake,Fresh Food,Bakery,1,,15.13,RCL Foods,SAP_ERP,2026-02-24 04:09:53,BATCH-20260224-01
SKU-181223,Albany Hot Dog Rolls,Albany,Fresh Food,Bakery,6,,22.86,Tiger Brands,SAP_ERP,2026-02-24 04:09:53,BATCH-20260224-01
SKU-642260,Farmbest Pork Chops,Farmbest,Fresh Food,Meat & Poultry,1,,82.24,Farmbest,SAP_ERP,2026-02-24 04:09:53,BATCH-20260224-01
SKU-725279,Albany Brown Bread,Albany,Fresh Food,Bakery,1,,15.95,Tiger Brands,SAP_ERP,2026-02-24 04:09:53,BATCH-20260224-01
SKU-519921,Sunlight Dishwashing Liquid,Sunlight,Household,Cleaning Supplies,750,,30.28,Unilever,SAP_ERP,2026-02-24 04:09:53,BATCH-20260224-01
SKU-734090,Albany Brown Bread,Albany,Fresh Food,Bakery,1,,15.04,Tiger Brands,SAP_ERP,2026-02-24 04:09:53,BATCH-20260224-01
SKU-202495,Crystal Valley Plain Yoghurt,Crystal Valley,Fresh Food,Dairy & Eggs,1,,35.16,Lancewood,SAP_ERP,2026-02-24 04:09:53,BATCH-20260224-01
SKU-436838,Danone NutriDay Plain Yoghurt,Danone,Fresh Food,Dairy & Eggs,1,,32.43,Danone,SAP_ERP,2026-02-24 04:09:53,BATCH-20260224-01
SKU-780163,Albany Hot Dog Rolls,Albany,Fresh Food,Bakery,6,,21.51,Tiger Brands,SAP_ERP,2026-02-24 04:09:53,BATCH-20260224-01
SKU-462969,Albany Hot Dog Rolls,Albany,Fresh Food,Bakery,6,,20.73,Tiger Brands,SAP_ERP,2026-02-24 04:09:53,BATCH-20260224-01
SKU-243680,Rainbow Chicken Chicken Mixed Portions (IQF),Rainbow Chicken,Fresh Food,Meat & Poultry,2,,102.12,RCL Foods,SAP_ERP,2026-02-24 04:09:53,BATCH-20260224-01
SKU-552348,Nulaid Extra Large Eggs,Nulaid,Fresh Food,Dairy & Eggs,30,,75.21,Quantum Foods,SAP_ERP,2026-02-24 04:09:53,BATCH-20260224-01
SKU-862017,Nulaid Extra Large Eggs,Nulaid,Fresh Food,Dairy & Eggs,30,,76.36,Quantum Foods,SAP_ERP,2026-02-24 04:09:53,BATCH-20260224-01
SKU-276043,Freshmark Potatoes,Freshmark,Fresh Food,Produce,2,,38.39,Freshmark,SAP_ERP,2026-02-24 04:09:53,BATCH-20260224-01
SKU-623216,Lays Lightly Salted Chips,Lays,Grocery Essentials,Snacks & Confectionery,120,,19.83,PepsiCo,SAP_ERP,2026-02-24 04:09:53,BATCH-20260224-01
SKU-414296,NikNaks Cheese Snacks,,Grocery Essentials,Snacks & Confectionery,135,,17.07,PepsiCo,SAP_ERP,2026-02-24 04:09:53,BATCH-20260224-01
SKU-253066,Crystal Valley Plain Yoghurt,Crystal Valley,Fresh Food,Dairy & Eggs,1,,30.09,Lancewood,SAP_ERP,2026-02-24 04:09:53,BATCH-20260224-01
SKU-304774,Freshmark Potatoes,Freshmark,Fresh Food,Produce,2,,38.76,Freshmark,SAP_ERP,2026-02-24 04:09:53,BATCH-20260224-01
SKU-925566,Parmalat Cheddar Cheese,Parmalat,Fresh Food,Dairy & Eggs,400,,58.21,Parmalat,SAP_ERP,2026-02-24 04:09:53,BATCH-20260224-01
SKU-596228,Championship Boerewors Thick Boerewors,Championship Boerewors,Fresh Food,Meat & Poultry,1,,96.78,Shoprite Private Label,SAP_ERP,2026-02-24 04:09:53,BATCH-20260224-01
SKU-808650,Rainbow Chicken Fresh Whole Chicken,Rainbow Chicken,Fresh Food,Meat & Poultry,1.5,,79.47,RCL Foods,SAP_ERP,2026-02-24 04:09:53,BATCH-20260224-01
SKU-895916,Omo Auto Washing Powder,Omo,Household,Cleaning Supplies,2,,89.2,Unilever,SAP_ERP,2026-02-24 04:09:53,BATCH-20260224-01
SKU-489865,Liqui Fruit 100% Fruit Juice,Liqui Fruit,Beverages,Drinks & Beverages,1,,23.79,Pioneer Foods,SAP_ERP,2026-02-24 04:09:53,BATCH-20260224-01
SKU-997505,NikNaks Cheese Snacks,NikNaks,Grocery Essentials,Snacks & Confectionery,135,,16.66,PepsiCo,SAP_ERP,2026-02-24 04:09:53,BATCH-20260224-01
SKU-435776,Sunbake Brown Bread,Sunbake,Fresh Food,Bakery,1,,16.56,RCL Foods,SAP_ERP,2026-02-24 04:09:53,BATCH-20260224-01
SKU-473537,Sasko Premium White Bread,Sasko,Fresh Food,Bakery,1,,17.2,Pioneer Foods,SAP_ERP,2026-02-24 04:09:53,BATCH-20260224-01
SKU-853458,Sunbake Brown Bread,Sunbake,Fresh Food,Bakery,1,,14.01,RCL Foods,SAP_ERP,2026-02-24 04:09:53,BATCH-20260224-01
SKU-596057,Cadbury Dairy Milk Chocolate Slab,Cadbury,Grocery Essentials,Snacks & Confectionery,150,,26.78,Mondelez,SAP_ERP,2026-02-24 04:09:53,BATCH-20260224-01
SKU-649264,ZZ2 Tomatoes,ZZ2,Fresh Food,Produce,1,,22.84,ZZ2,SAP_ERP,2026-02-24 04:09:53,BATCH-20260224-01
SKU-132278,Albany White Bread,Albany,Fresh Food,Bakery,1,,15.94,Tiger Brands,SAP_ERP,2026-02-24 04:09:53,BATCH-20260224-01
SKU-429805,Cappy Orange Juice Blend,Cappy,Beverages,Drinks & Beverages,1.5,,25.42,Coca-Cola Beverages SA,SAP_ERP,2026-02-24 04:09:53,BATCH-20260224-01
SKU-414670,Clover Low Fat Milk,Clover,Fresh Food,Dairy & Eggs,2,,36.87,Clover SA,SAP_ERP,2026-02-24 04:09:53,BATCH-20260224-01
SKU-327763,Ladismith Cheddar Cheese,Ladismith,Fresh Food,Dairy & Eggs,400,,51.68,Woodlands Dairy,SAP_ERP,2026-02-24 04:09:53,BATCH-20260224-01
SKU-297644,Rainbow Chicken Fresh Whole Chicken,Rainbow Chicken,Fresh Food,Meat & Poultry,1.5,,78.29,RCL Foods,SAP_ERP,2026-02-24 04:09:53,BATCH-20260224-01
SKU-114861,Sunbake Brown Bread,Sunbake,Fresh Food,Bakery,1,,14.56,RCL Foods,SAP_ERP,2026-02-24 04:09:53,BATCH-20260224-01
SKU-665208,Clover Full Cream Milk,Clover,Fresh Food,Dairy & Eggs,2,,32.58,Clover SA,SAP_ERP,2026-02-24 04:09:53,BATCH-20260224-01
SKU-659257,Oros Orange Squash,Oros,Beverages,Drinks & Beverages,2,,44.57,Tiger Brands,SAP_ERP,2026-02-24 04:09:53,BATCH-20260224-01
SKU-261457,Oros Orange Squash,Oros,Beverages,Drinks & Beverages,2,,43.16,Tiger Brands,SAP_ERP,2026-02-24 04:09:53,BATCH-20260224-01
SKU-624352,Sunbake Brown Bread,Sunbake,Fresh Food,Bakery,1,,16.99,RCL Foods,SAP_ERP,2026-02-24 04:09:53,BATCH-20260224-01
SKU-645126,Doritos Sweet Chilli Pepper Chips,Doritos,Grocery Essentials,Snacks & Confectionery,145,,21.47,PepsiCo,SAP_ERP,2026-02-24 04:09:53,BATCH-20260224-01
SKU-697043,Country Fair Chicken Braaipack,Country Fair,Fresh Food,Meat & Poultry,1.5,,83.27,Astral Foods,SAP_ERP,2026-02-24 04:09:53,BATCH-20260224-01
SKU-799235,Albany White Bread,Albany,Fresh Food,Bakery,1,,17.61,Tiger Brands,SAP_ERP,2026-02-24 04:09:53,BATCH-20260224-01
SKU-287307,Championship Boerewors Thick Boerewors,Championship Boerewors,Fresh Food,Meat & Poultry,1,,102.87,Shoprite Private Label,SAP_ERP,2026-02-24 04:09:53,BATCH-20260224-01
SKU-895587,Albany Hot Dog Rolls,Albany,Fresh Food,Bakery,6,,21.98,Tiger Brands,SAP_ERP,2026-02-24 04:09:53,BATCH-20260224-01
SKU-867282,NikNaks Cheese Snacks,NikNaks,Grocery Essentials,Snacks & Confectionery,135,,18.0,PepsiCo,SAP_ERP,2026-02-24 04:09:53,BATCH-20260224-01
SKU-891030,Doritos Sweet Chilli Pepper Chips,Doritos,Grocery Essentials,Snacks & Confectionery,145,,22.75,PepsiCo,SAP_ERP,2026-02-24 04:09:53,BATCH-20260224-01
SKU-728188,Crystal Valley Plain Yoghurt,Crystal Valley,Fresh Food,Dairy & Eggs,1,,30.92,Lancewood,SAP_ERP,2026-02-24 04:09:53,BATCH-20260224-01
SKU-243191,Rainbow Chicken Fresh Whole Chicken,Rainbow Chicken,Fresh Food,Meat & Poultry,1.5,,79.93,RCL Foods,SAP_ERP,2026-02-24 04:09:53,BATCH-20260224-01
SKU-393109,Nature's Choice Bananas,Nature's Choice,Fresh Food,Produce,1,,21.88,Freshmark,SAP_ERP,2026-02-24 04:09:53,BATCH-20260224-01
SKU-375555,Cadbury Dairy Milk Chocolate Slab,Cadbury,Grocery Essentials,Snacks & Confectionery,150,,29.04,Mondelez,SAP_ERP,2026-02-24 04:09:53,BATCH-20260224-01
SKU-899306,Simba Smoked Beef Chips,Simba,Grocery Essentials,Snacks & Confectionery,120,,16.77,PepsiCo,SAP_ERP,2026-02-24 04:09:53,BATCH-20260224-01
SKU-586678,Cadbury Dairy Milk Chocolate Slab,Cadbury,Grocery Essentials,Snacks & Confectionery,150,,27.85,Mondelez,SAP_ERP,2026-02-24 04:09:53,BATCH-20260224-01
SKU-690098,Ladismith Cheddar Cheese,Ladismith,Fresh Food,Dairy & Eggs,400,,50.14,Woodlands Dairy,SAP_ERP,2026-02-24 04:09:53,BATCH-20260224-01
SKU-179705,Handy Andy Ammonia Floor Cleaner,Handy Andy,Household,Cleaning Supplies,750,,31.57,Unilever,SAP_ERP,2026-02-24 04:09:53,BATCH-20260224-01
SKU-570654,Sasko Premium White Bread,Sasko,Fresh Food,Bakery,1,,15.08,Pioneer Foods,SAP_ERP,2026-02-24 04:09:53,BATCH-20260224-01
SKU-874996,Clover Full Cream Milk,Clover,Fresh Food,Dairy & Eggs,2,,34.92,Clover SA,SAP_ERP,2026-02-24 04:09:53,BATCH-20260224-01
SKU-450744,Rainbow Chicken Chicken Mixed Portions (IQF),Rainbow Chicken,Fresh Food,Meat & Poultry,2,,102.01,RCL Foods,SAP_ERP,2026-02-24 04:09:53,BATCH-20260224-01
SKU-542882,Omo Auto Washing Powder,Omo,Household,Cleaning Supplies,2,,97.43,Unilever,SAP_ERP,2026-02-24 04:09:53,BATCH-20260224-01
SKU-543759,Clover Full Cream Milk,Clover,Fresh Food,Dairy & Eggs,2,,32.69,Clover SA,SAP_ERP,2026-02-24 04:09:53,BATCH-20260224-01
SKU-902209,Rainbow Chicken Chicken Mixed Portions (IQF),Rainbow Chicken,Fresh Food,Meat & Poultry,2,,88.17,RCL Foods,SAP_ERP,2026-02-24 04:09:53,BATCH-20260224-01
SKU-935941,Freshmark Potatoes,Freshmark,Fresh Food,Produce,2,,38.55,Freshmark,SAP_ERP,2026-02-24 04:09:53,BATCH-20260224-01
SKU-836182,Country Fair Chicken Braaipack,Country Fair,Fresh Food,Meat & Poultry,1.5,,88.13,Astral Foods,SAP_ERP,2026-02-24 04:09:53,BATCH-20260224-01
SKU-506842,Nature's Choice Bananas,Nature's Choice,Fresh Food,Produce,1,,23.53,Freshmark,SAP_ERP,2026-02-24 04:09:53,BATCH-20260224-01
SKU-457297,Rainbow Chicken Fresh Whole Chicken,Rainbow Chicken,Fresh Food,Meat & Poultry,1.5,,84.77,RCL Foods,SAP_ERP,2026-02-24 04:09:53,BATCH-20260224-01
SKU-651974,Beacon Sweets Pack,Beacon,Grocery Essentials,Snacks & Confectionery,100,,18.8,Tiger Brands,SAP_ERP,2026-02-24 04:09:53,BATCH-20260224-01
SKU-872248,Freshmark Apples,Freshmark,Fresh Food,Produce,1.5,,30.47,Freshmark,SAP_ERP,2026-02-24 04:09:53,BATCH-20260224-01
SKU-737881,Cadbury Dairy Milk Chocolate Slab,Cadbury,Grocery Essentials,Snacks & Confectionery,150,,29.46,Mondelez,SAP_ERP,2026-02-24 04:09:53,BATCH-20260224-01
SKU-767291,Clover Full Cream Milk,Clover,Fresh Food,Dairy & Eggs,2,,34.3,Clover SA,SAP_ERP,2026-02-24 04:09:53,BATCH-20260224-01
SKU-149279,Freshmark Onions,Freshmark,Fresh Food,Produce,1,,15.54,Freshmark,SAP_ERP,2026-02-24 04:09:53,BATCH-20260224-01
SKU-452147,ZZ2 Tomatoes,ZZ2,Fresh Food,Produce,1,,22.1,ZZ2,SAP_ERP,2026-02-24 04:09:53,BATCH-20260224-01
SKU-211454,Simba Smoked Beef Chips,Simba,Grocery Essentials,Snacks & Confectionery,120,,18.67,PepsiCo,SAP_ERP,2026-02-24 04:09:53,BATCH-20260224-01
SKU-518037,Cadbury Dairy Milk Chocolate Slab,Cadbury,Grocery Essentials,Snacks & Confectionery,150,,31.96,Mondelez,SAP_ERP,2026-02-24 04:09:53,BATCH-20260224-01
SKU-710163,Clover Low Fat Milk,Clover,Fresh Food,Dairy & Eggs,2,,33.76,Clover SA,SAP_ERP,2026-02-24 04:09:53,BATCH-20260224-01
SKU-783506,Freshmark Apples,Freshmark,Fresh Food,Produce,1.5,,23.26,Freshmark,SAP_ERP,2026-02-24 04:09:53,BATCH-20260224-01
SKU-551880,Ladismith Cheddar Cheese,Ladismith,Fresh Food,Dairy & Eggs,400,,56.31,Woodlands Dairy,SAP_ERP,2026-02-24 04:09:53,BATCH-20260224-01
SKU-226279,Oros Orange Squash,Oros,Beverages,Drinks & Beverages,2,,43.27,Tiger Brands,SAP_ERP,2026-02-24 04:09:53,BATCH-20260224-01
SKU-153877,Nature's Choice Bananas,Nature's Choice,Fresh Food,Produce,1,,23.6,Freshmark,SAP_ERP,2026-02-24 04:09:53,BATCH-20260224-01
SKU-266729,Simba Cheese & Onion Chips,Simba,Grocery Essentials,Snacks & Confectionery,120,,19.59,PepsiCo,SAP_ERP,2026-02-24 04:09:53,BATCH-20260224-01
SKU-744073,Championship Boerewors Thick Boerewors,,Fresh Food,Meat & Poultry,1,,90.65,Shoprite Private Label,SAP_ERP,2026-02-24 04:09:53,BATCH-20260224-01
SKU-470277,Domestos Thick Bleach,Domestos,Household,Cleaning Supplies,750,,34.06,Unilever,SAP_ERP,2026-02-24 04:09:53,BATCH-20260224-01
SKU-307589,Coca-Cola Coca-Cola No Sugar,Coca-Cola,Beverages,Drinks & Beverages,2,,21.14,Coca-Cola Beverages SA,SAP_ERP,2026-02-24 04:09:53,BATCH-20260224-01
SKU-552277,Clover Low Fat Milk,Clover,Fresh Food,Dairy & Eggs,2,,32.19,Clover SA,SAP_ERP,2026-02-24 04:09:53,BATCH-20260224-01
SKU-952998,Country Fair Chicken Braaipack,Country Fair,Fresh Food,Meat & Poultry,1.5,,78.99,Astral Foods,SAP_ERP,2026-02-24 04:09:53,BATCH-20260224-01
SKU-580525,Albany Hot Dog Rolls,Albany,Fresh Food,Bakery,6,,21.91,Tiger Brands,SAP_ERP,2026-02-24 04:09:53,BATCH-20260224-01
SKU-749741,Ladismith Cheddar Cheese,Ladismith,Fresh Food,Dairy & Eggs,400,,52.24,Woodlands Dairy,SAP_ERP,2026-02-24 04:09:53,BATCH-20260224-01
SKU-963742,Blue Ribbon White Bread,Blue Ribbon,Fresh Food,Bakery,1,,15.24,Premier FMCG,SAP_ERP,2026-02-24 04:09:53,BATCH-20260224-01
SKU-375652,Coca-Cola Coca-Cola No Sugar,Coca-Cola,Beverages,Drinks & Beverages,2,,25.36,Coca-Cola Beverages SA,SAP_ERP,2026-02-24 04:09:53,BATCH-20260224-01
SKU-453363,ZZ2 Tomatoes,ZZ2,Fresh Food,Produce,1,,26.3,ZZ2,SAP_ERP,2026-02-24 04:09:53,BATCH-20260224-01
SKU-349291,Domestos Thick Bleach,Domestos,Household,Cleaning Supplies,750,,37.16,Unilever,SAP_ERP,2026-02-24 04:09:53,BATCH-20260224-01
SKU-166519,Omo Auto Washing Powder,Omo,Household,Cleaning Supplies,2,,99.62,Unilever,SAP_ERP,2026-02-24 04:09:53,BATCH-20260224-01
SKU-623700,Albany Hot Dog Rolls,Albany,Fresh Food,Bakery,6,,21.45,Tiger Brands,SAP_ERP,2026-02-24 04:09:53,BATCH-20260224-01
SKU-456660,Domestos Thick Bleach,Domestos,Household,Cleaning Supplies,750,,36.95,Unilever,SAP_ERP,2026-02-24 04:09:53,BATCH-20260224-01
SKU-714534,Coca-Cola Coca-Cola No Sugar,Coca-Cola,Beverages,Drinks & Beverages,2,,23.61,Coca-Cola Beverages SA,SAP_ERP,2026-02-24 04:09:53,BATCH-20260224-01
SKU-565085,Nulaid Large Eggs,Nulaid,Fresh Food,Dairy & Eggs,18,,46.76,Quantum Foods,SAP_ERP,2026-02-24 04:09:53,BATCH-20260224-01
SKU-721979,Sunbake Brown Bread,Sunbake,Fresh Food,Bakery,1,,15.22,RCL Foods,SAP_ERP,2026-02-24 04:09:53,BATCH-20260224-01
SKU-552824,Coca-Cola Coca-Cola Original,Coca-Cola,Beverages,Drinks & Beverages,2,,24.89,Coca-Cola Beverages SA,SAP_ERP,2026-02-24 04:09:53,BATCH-20260224-01
SKU-304640,ZZ2 Tomatoes,ZZ2,Fresh Food,Produce,1,,20.74,ZZ2,SAP_ERP,2026-02-24 04:09:53,BATCH-20260224-01
SKU-520574,Nulaid Large Eggs,Nulaid,Fresh Food,Dairy & Eggs,18,,50.6,Quantum Foods,SAP_ERP,2026-02-24 04:09:53,BATCH-20260224-01
SKU-530481,Parmalat Cheddar Cheese,Parmalat,Fresh Food,Dairy & Eggs,400,,50.84,Parmalat,SAP_ERP,2026-02-24 04:09:53,BATCH-20260224-01
SKU-666433,Country Fair Chicken Braaipack,Country Fair,Fresh Food,Meat & Poultry,1.5,,78.64,Astral Foods,SAP_ERP,2026-02-24 04:09:53,BATCH-20260224-01
SKU-318724,Domestos Thick Bleach,Domestos,Household,Cleaning Supplies,750,,34.36,Unilever,SAP_ERP,2026-02-24 04:09:53,BATCH-20260224-01
SKU-573919,Nature's Choice Bananas,Nature's Choice,Fresh Food,Produce,1,,22.64,Freshmark,SAP_ERP,2026-02-24 04:09:53,BATCH-20260224-01
SKU-326431,Championship Boerewors Thick Boerewors,Championship Boerewors,Fresh Food,Meat & Poultry,1,,100.35,Shoprite Private Label,SAP_ERP,2026-02-24 04:09:53,BATCH-20260224-01
SKU-478518,Coca-Cola Coca-Cola No Sugar,Coca-Cola,Beverages,Drinks & Beverages,2,,22.83,Coca-Cola Beverages SA,SAP_ERP,2026-02-24 04:09:53,BATCH-20260224-01
SKU-761662,NikNaks Cheese Snacks,NikNaks,Grocery Essentials,Snacks & Confectionery,135,,15.18,PepsiCo,SAP_ERP,2026-02-24 04:09:53,BATCH-20260224-01
SKU-590949,Nulaid Large Eggs,Nulaid,Fresh Food,Dairy & Eggs,18,,48.66,Quantum Foods,SAP_ERP,2026-02-24 04:09:53,BATCH-20260224-01
SKU-980368,Simba Smoked Beef Chips,Simba,Grocery Essentials,Snacks & Confectionery,120,,18.61,PepsiCo,SAP_ERP,2026-02-24 04:09:53,BATCH-20260224-01
SKU-317108,Freshmark Apples,Freshmark,Fresh Food,Produce,1.5,,28.48,Freshmark,SAP_ERP,2026-02-24 04:09:53,BATCH-20260224-01
SKU-709753,Beacon Sweets Pack,Beacon,Grocery Essentials,Snacks & Confectionery,100,,17.97,Tiger Brands,SAP_ERP,2026-02-24 04:09:53,BATCH-20260224-01
SKU-559684,Liqui Fruit 100% Fruit Juice,Liqui Fruit,Beverages,Drinks & Beverages,1,,23.68,Pioneer Foods,SAP_ERP,2026-02-24 04:09:53,BATCH-20260224-01
SKU-900284,Nulaid Extra Large Eggs,Nulaid,Fresh Food,Dairy & Eggs,30,,75.81,Quantum Foods,SAP_ERP,2026-02-24 04:09:53,BATCH-20260224-01
SKU-907370,Nulaid Extra Large Eggs,Nulaid,Fresh Food,Dairy & Eggs,30,,77.01,Quantum Foods,SAP_ERP,2026-02-24 04:09:53,BATCH-20260224-01
SKU-367828,Nulaid Extra Large Eggs,Nulaid,Fresh Food,Dairy & Eggs,30,,84.39,Quantum Foods,SAP_ERP,2026-02-24 04:09:53,BATCH-20260224-01
SKU-269003,Freshmark Onions,Freshmark,Fresh Food,Produce,1,,17.9,Freshmark,SAP_ERP,2026-02-24 04:09:53,BATCH-20260224-01
SKU-462541,Sunlight Dishwashing Liquid,Sunlight,Household,Cleaning Supplies,750,,31.27,Unilever,SAP_ERP,2026-02-24 04:09:53,BATCH-20260224-01
SKU-546837,Domestos Thick Bleach,Domestos,Household,Cleaning Supplies,750,,32.19,Unilever,SAP_ERP,2026-02-24 04:09:53,BATCH-20260224-01
SKU-136466,Sunlight Dishwashing Liquid,Sunlight,Household,Cleaning Supplies,750,,33.49,Unilever,SAP_ERP,2026-02-24 04:09:53,BATCH-20260224-01
SKU-901420,Sunbake Brown Bread,Sunbake,Fresh Food,Bakery,1,,15.08,RCL Foods,SAP_ERP,2026-02-24 04:09:53,BATCH-20260224-01
SKU-849860,Sunbake Brown Bread,Sunbake,Fresh Food,Bakery,1,,14.18,RCL Foods,SAP_ERP,2026-02-24 04:09:53,BATCH-20260224-01
SKU-713392,Crystal Valley Plain Yoghurt,Crystal Valley,Fresh Food,Dairy & Eggs,1,,29.38,Lancewood,SAP_ERP,2026-02-24 04:09:53,BATCH-20260224-01
SKU-543968,Albany Hot Dog Rolls,Albany,Fresh Food,Bakery,6,,20.71,Tiger Brands,SAP_ERP,2026-02-24 04:09:53,BATCH-20260224-01
SKU-318336,Cadbury Dairy Milk Chocolate Slab,Cadbury,Grocery Essentials,Snacks & Confectionery,150,,29.89,Mondelez,SAP_ERP,2026-02-24 04:09:53,BATCH-20260224-01
SKU-652375,Sunlight Dishwashing Liquid,Sunlight,Household,Cleaning Supplies,750,,34.17,Unilever,SAP_ERP,2026-02-24 04:09:53,BATCH-20260224-01
SKU-321168,Crystal Valley Plain Yoghurt,Crystal Valley,Fresh Food,Dairy & Eggs,1,,29.74,Lancewood,SAP_ERP,2026-02-24 04:09:53,BATCH-20260224-01
SKU-391963,Clover Low Fat Milk,Clover,Fresh Food,Dairy & Eggs,2,,37.81,Clover SA,SAP_ERP,2026-02-24 04:09:53,BATCH-20260224-01
SKU-506868,Championship Boerewors Thick Boerewors,Championship Boerewors,Fresh Food,Meat & Poultry,1,,104.27,Shoprite Private Label,SAP_ERP,2026-02-24 04:09:53,BATCH-20260224-01
SKU-765431,Ladismith Cheddar Cheese,Ladismith,Fresh Food,Dairy & Eggs,400,,51.64,Woodlands Dairy,SAP_ERP,2026-02-24 04:09:53,BATCH-20260224-01
SKU-909934,Liqui Fruit 100% Fruit Juice,Liqui Fruit,Beverages,Drinks & Beverages,1,,23.22,Pioneer Foods,SAP_ERP,2026-02-24 04:09:53,BATCH-20260224-01
SKU-335205,Clover Full Cream Milk,Clover,Fresh Food,Dairy & Eggs,2,,35.55,Clover SA,SAP_ERP,2026-02-24 04:09:53,BATCH-20260224-01
SKU-375426,ZZ2 Tomatoes,ZZ2,Fresh Food,Produce,1,,21.84,ZZ2,SAP_ERP,2026-02-24 04:09:53,BATCH-20260224-01
SKU-217014,Clover Low Fat Milk,Clover,Fresh Food,Dairy & Eggs,2,,36.15,Clover SA,SAP_ERP,2026-02-24 04:09:53,BATCH-20260224-01
SKU-994438,Danone NutriDay Plain Yoghurt,Danone,Fresh Food,Dairy & Eggs,1,,34.98,Danone,SAP_ERP,2026-02-24 04:09:53,BATCH-20260224-01
SKU-365471,NikNaks Cheese Snacks,NikNaks,Grocery Essentials,Snacks & Confectionery,135,,17.44,PepsiCo,SAP_ERP,2026-02-24 04:09:53,BATCH-20260224-01
SKU-679947,Handy Andy Ammonia Floor Cleaner,Handy Andy,Household,Cleaning Supplies,750,,27.51,Unilever,SAP_ERP,2026-02-24 04:09:53,BATCH-20260224-01
SKU-555301,Albany Hot Dog Rolls,Albany,Fresh Food,Bakery,6,,22.73,Tiger Brands,SAP_ERP,2026-02-24 04:09:53,BATCH-20260224-01
SKU-220681,Danone NutriDay Plain Yoghurt,Danone,Fresh Food,Dairy & Eggs,1,,35.84,Danone,SAP_ERP,2026-02-24 04:09:53,BATCH-20260224-01
SKU-965358,Sunbake Brown Bread,Sunbake,Fresh Food,Bakery,1,,14.53,RCL Foods,SAP_ERP,2026-02-24 04:09:53,BATCH-20260224-01
SKU-490966,Rainbow Chicken Chicken Mixed Portions (IQF),Rainbow Chicken,Fresh Food,Meat & Poultry,2,,97.03,RCL Foods,SAP_ERP,2026-02-24 04:09:53,BATCH-20260224-01
SKU-324669,Rainbow Chicken Chicken Mixed Portions (IQF),Rainbow Chicken,Fresh Food,Meat & Poultry,2,,104.97,RCL Foods,SAP_ERP,2026-02-24 04:09:53,BATCH-20260224-01
SKU-715360,ZZ2 Tomatoes,ZZ2,Fresh Food,Produce,1,,25.26,ZZ2,SAP_ERP,2026-02-24 04:09:53,BATCH-20260224-01
SKU-947669,Ladismith Cheddar Cheese,Ladismith,Fresh Food,Dairy & Eggs,400,,54.46,Woodlands Dairy,SAP_ERP,2026-02-24 04:09:53,BATCH-20260224-01
SKU-962206,Cadbury Dairy Milk Chocolate Slab,Cadbury,Grocery Essentials,Snacks & Confectionery,150,,30.31,Mondelez,SAP_ERP,2026-02-24 04:09:53,BATCH-20260224-01
SKU-611576,Albany White Bread,Albany,Fresh Food,Bakery,1,,17.83,Tiger Brands,SAP_ERP,2026-02-24 04:09:53,BATCH-20260224-01
SKU-843499,Ladismith Cheddar Cheese,Ladismith,Fresh Food,Dairy & Eggs,400,,55.94,Woodlands Dairy,SAP_ERP,2026-02-24 04:09:53,BATCH-20260224-01
SKU-744886,Nulaid Large Eggs,Nulaid,Fresh Food,Dairy & Eggs,18,,49.04,Quantum Foods,SAP_ERP,2026-02-24 04:09:53,BATCH-20260224-01
SKU-261146,Blue Ribbon White Bread,Blue Ribbon,Fresh Food,Bakery,1,,14.35,Premier FMCG,SAP_ERP,2026-02-24 04:09:53,BATCH-20260224-01
SKU-578958,Freshmark Onions,Freshmark,Fresh Food,Produce,1,,15.42,Freshmark,SAP_ERP,2026-02-24 04:09:53,BATCH-20260224-01
SKU-451806,Simba Cheese & Onion Chips,Simba,Grocery Essentials,Snacks & Confectionery,120,,19.94,PepsiCo,SAP_ERP,2026-02-24 04:09:53,BATCH-20260224-01
SKU-865658,Coca-Cola Coca-Cola Original,Coca-Cola,Beverages,Drinks & Beverages,2,,21.01,Coca-Cola Beverages SA,SAP_ERP,2026-02-24 04:09:53,BATCH-20260224-01
SKU-626497,Danone NutriDay Plain Yoghurt,Danone,Fresh Food,Dairy & Eggs,1,,32.16,Danone,SAP_ERP,2026-02-24 04:09:53,BATCH-20260224-01
SKU-528811,Domestos Thick Bleach,Domestos,Household,Cleaning Supplies,750,,36.88,Unilever,SAP_ERP,2026-02-24 04:09:53,BATCH-20260224-01
SKU-672251,Clover Low Fat Milk,Clover,Fresh Food,Dairy & Eggs,2,,34.79,Clover SA,SAP_ERP,2026-02-24 04:09:53,BATCH-20260224-01
SKU-134508,Nature's Choice Bananas,Nature's Choice,Fresh Food,Produce,1,,24.65,Freshmark,SAP_ERP,2026-02-24 04:09:53,BATCH-20260224-01
SKU-357567,Clover Full Cream Milk,Clover,Fresh Food,Dairy & Eggs,2,,36.5,Clover SA,SAP_ERP,2026-02-24 04:09:53,BATCH-20260224-01
SKU-707779,Oros Orange Squash,Oros,Beverages,Drinks & Beverages,2,,43.4,Tiger Brands,SAP_ERP,2026-02-24 04:09:53,BATCH-20260224-01
SKU-734821,Albany Hot Dog Rolls,Albany,Fresh Food,Bakery,6,,19.33,Tiger Brands,SAP_ERP,2026-02-24 04:09:53,BATCH-20260224-01
SKU-931825,Sunbake Brown Bread,Sunbake,Fresh Food,Bakery,1,,13.09,RCL Foods,SAP_ERP,2026-02-24 04:09:53,BATCH-20260224-01
SKU-556715,Rainbow Chicken Fresh Whole Chicken,Rainbow Chicken,Fresh Food,Meat & Poultry,1.5,,87.88,RCL Foods,SAP_ERP,2026-02-24 04:09:53,BATCH-20260224-01
SKU-213525,Simba Cheese & Onion Chips,Simba,Grocery Essentials,Snacks & Confectionery,120,,17.88,PepsiCo,SAP_ERP,2026-02-24 04:09:53,BATCH-20260224-01
SKU-736612,Farmbest Pork Chops,Farmbest,Fresh Food,Meat & Poultry,1,,90.65,Farmbest,SAP_ERP,2026-02-24 04:09:53,BATCH-20260224-01
SKU-120374,Rainbow Chicken Fresh Whole Chicken,,Fresh Food,Meat & Poultry,1.5,,82.05,RCL Foods,SAP_ERP,2026-02-24 04:09:53,BATCH-20260224-01
SKU-386181,Cappy Orange Juice Blend,Cappy,Beverages,Drinks & Beverages,1.5,,29.5,Coca-Cola Beverages SA,SAP_ERP,2026-02-24 04:09:53,BATCH-20260224-01
SKU-907263,Nulaid Large Eggs,Nulaid,Fresh Food,Dairy & Eggs,18,,49.66,Quantum Foods,SAP_ERP,2026-02-24 04:09:53,BATCH-20260224-01
SKU-671394,Rainbow Chicken Fresh Whole Chicken,Rainbow Chicken,Fresh Food,Meat & Poultry,1.5,,77.31,RCL Foods,SAP_ERP,2026-02-24 04:09:53,BATCH-20260224-01
SKU-427531,Danone NutriDay Plain Yoghurt,Danone,Fresh Food,Dairy & Eggs,1,,37.67,Danone,SAP_ERP,2026-02-24 04:09:53,BATCH-20260224-01
SKU-430564,Danone NutriDay Plain Yoghurt,Danone,Fresh Food,Dairy & Eggs,1,,31.8,Danone,SAP_ERP,2026-02-24 04:09:53,BATCH-20260224-01
SKU-399527,Championship Boerewors Thick Boerewors,Championship Boerewors,Fresh Food,Meat & Poultry,1,,99.84,Shoprite Private Label,SAP_ERP,2026-02-24 04:09:53,BATCH-20260224-01
SKU-666591,Ladismith Cheddar Cheese,Ladismith,Fresh Food,Dairy & Eggs,400,,54.05,Woodlands Dairy,SAP_ERP,2026-02-24 04:09:53,BATCH-20260224-01
SKU-434437,Nulaid Extra Large Eggs,Nulaid,Fresh Food,Dairy & Eggs,30,,78.19,Quantum Foods,SAP_ERP,2026-02-24 04:09:53,BATCH-20260224-01
SKU-562582,Coca-Cola Coca-Cola Original,Coca-Cola,Beverages,Drinks & Beverages,2,,25.75,Coca-Cola Beverages SA,SAP_ERP,2026-02-24 04:09:53,BATCH-20260224-01
SKU-261369,Rainbow Chicken Chicken Mixed Portions (IQF),Rainbow Chicken,Fresh Food,Meat & Poultry,,,88.65,RCL Foods,SAP_ERP,2026-02-24 04:09:53,BATCH-20260224-01
SKU-349930,Doritos Sweet Chilli Pepper Chips,Doritos,Grocery Essentials,Snacks & Confectionery,145,,19.96,PepsiCo,SAP_ERP,2026-02-24 04:09:53,BATCH-20260224-01
SKU-773716,Rainbow Chicken Chicken Mixed Portions (IQF),Rainbow Chicken,Fresh Food,Meat & Poultry,2,,87.97,RCL Foods,SAP_ERP,2026-02-24 04:09:53,BATCH-20260224-01
SKU-683341,Blue Ribbon White Bread,Blue Ribbon,Fresh Food,Bakery,1,,14.89,Premier FMCG,SAP_ERP,2026-02-24 04:09:53,BATCH-20260224-01
SKU-769099,Oros Orange Squash,Oros,Beverages,Drinks & Beverages,2,,41.22,Tiger Brands,SAP_ERP,2026-02-24 04:09:53,BATCH-20260224-01
SKU-664466,Omo Auto Washing Powder,Omo,Household,Cleaning Supplies,2,,94.34,Unilever,SAP_ERP,2026-02-24 04:09:53,BATCH-20260224-01
SKU-484149,Omo Auto Washing Powder,Omo,Household,Cleaning Supplies,2,,86.18,Unilever,SAP_ERP,2026-02-24 04:09:53,BATCH-20260224-01
SKU-350296,Steakhouse Classic Beef T-Bone Steak,Steakhouse Classic,Fresh Food,Meat & Poultry,1,,133.89,Shoprite House Brand,SAP_ERP,2026-02-24 04:09:53,BATCH-20260224-01
SKU-114033,Coca-Cola Coca-Cola No Sugar,Coca-Cola,Beverages,Drinks & Beverages,2,,25.44,Coca-Cola Beverages SA,SAP_ERP,2026-02-24 04:09:53,BATCH-20260224-01
SKU-691538,Omo Auto Washing Powder,Omo,Household,Cleaning Supplies,2,,98.06,Unilever,SAP_ERP,2026-02-24 04:09:53,BATCH-20260224-01
SKU-691538,Omo Auto Washing Powder,Omo,Household,Cleaning Supplies,2,,98.06,Unilever,SAP_ERP,2026-02-24 04:09:53,BATCH-20260224-01
SKU-357710,Sunbake Brown Bread,Sunbake,Fresh Food,Bakery,1,,16.25,RCL Foods,SAP_ERP,2026-02-24 04:09:53,BATCH-20260224-01
SKU-999686,Crystal Valley Plain Yoghurt,Crystal Valley,Fresh Food,Dairy & Eggs,1,,28.19,Lancewood,SAP_ERP,2026-02-24 04:09:53,BATCH-20260224-01
SKU-254219,Clover Full Cream Milk,Clover,Fresh Food,Dairy & Eggs,2,,34.09,Clover SA,SAP_ERP,2026-02-24 04:09:53,BATCH-20260224-01
SKU-712508,Domestos Thick Bleach,Domestos,Household,Cleaning Supplies,750,,33.03,Unilever,SAP_ERP,2026-02-24 04:09:53,BATCH-20260224-01
SKU-154749,Simba Cheese & Onion Chips,Simba,Grocery Essentials,Snacks & Confectionery,120,,16.72,PepsiCo,SAP_ERP,2026-02-24 04:09:53,BATCH-20260224-01
SKU-108348,Simba Smoked Beef Chips,Simba,Grocery Essentials,Snacks & Confectionery,120,,18.58,PepsiCo,SAP_ERP,2026-02-24 04:09:53,BATCH-20260224-01
SKU-521054,Danone NutriDay Plain Yoghurt,Danone,Fresh Food,Dairy & Eggs,1,,32.71,Danone,SAP_ERP,2026-02-24 04:09:53,BATCH-20260224-01
SKU-468558,Albany Hot Dog Rolls,Albany,Fresh Food,Bakery,6,,18.0,Tiger Brands,SAP_ERP,2026-02-24 04:09:53,BATCH-20260224-01
SKU-514749,Sunbake Brown Bread,Sunbake,Fresh Food,Bakery,1,,16.8,RCL Foods,SAP_ERP,2026-02-24 04:09:53,BATCH-20260224-01
SKU-124583,Albany Hot Dog Rolls,Albany,Fresh Food,Bakery,6,,22.97,Tiger Brands,SAP_ERP,2026-02-24 04:09:53,BATCH-20260224-01
SKU-238098,Oros Orange Squash,Oros,Beverages,Drinks & Beverages,2,,41.68,Tiger Brands,SAP_ERP,2026-02-24 04:09:53,BATCH-20260224-01
SKU-709022,Lays Lightly Salted Chips,Lays,Grocery Essentials,Snacks & Confectionery,120,,21.92,PepsiCo,SAP_ERP,2026-02-24 04:09:53,BATCH-20260224-01
SKU-971769,Liqui Fruit 100% Fruit Juice,Liqui Fruit,Beverages,Drinks & Beverages,1,,25.09,Pioneer Foods,SAP_ERP,2026-02-24 04:09:53,BATCH-20260224-01
SKU-111610,Rainbow Chicken Chicken Mixed Portions (IQF),Rainbow Chicken,Fresh Food,Meat & Poultry,2,,101.25,RCL Foods,SAP_ERP,2026-02-24 04:09:53,BATCH-20260224-01
SKU-829261,Freshmark Potatoes,Freshmark,Fresh Food,Produce,2,,31.97,Freshmark,SAP_ERP,2026-02-24 04:09:53,BATCH-20260224-01
SKU-829261,Freshmark Potatoes,Freshmark,Fresh Food,Produce,2,,31.97,Freshmark,SAP_ERP,2026-02-24 04:09:53,BATCH-20260224-01
SKU-950387,Simba Smoked Beef Chips,Simba,Grocery Essentials,Snacks & Confectionery,120,,17.08,PepsiCo,SAP_ERP,2026-02-24 04:09:53,BATCH-20260224-01
SKU-899912,Blue Ribbon White Bread,Blue Ribbon,Fresh Food,Bakery,1,,14.85,Premier FMCG,SAP_ERP,2026-02-24 04:09:53,BATCH-20260224-01
SKU-286921,Farmbest Pork Chops,Farmbest,Fresh Food,Meat & Poultry,1,,,Farmbest,SAP_ERP,2026-02-24 04:09:53,BATCH-20260224-01
SKU-830054,Simba Cheese & Onion Chips,Simba,Grocery Essentials,Snacks & Confectionery,120,,16.18,PepsiCo,SAP_ERP,2026-02-24 04:09:53,BATCH-20260224-01
SKU-325279,Championship Boerewors Thick Boerewors,Championship Boerewors,Fresh Food,Meat & Poultry,1,,93.81,Shoprite Private Label,SAP_ERP,2026-02-24 04:09:53,BATCH-20260224-01
SKU-917310,Clover Full Cream Milk,Clover,Fresh Food,Dairy & Eggs,2,,32.03,Clover SA,SAP_ERP,2026-02-24 04:09:53,BATCH-20260224-01
SKU-255619,Danone NutriDay Plain Yoghurt,Danone,Fresh Food,Dairy & Eggs,1,,32.53,Danone,SAP_ERP,2026-02-24 04:09:53,BATCH-20260224-01
SKU-370733,Lays Lightly Salted Chips,Lays,Grocery Essentials,Snacks & Confectionery,120,,20.81,PepsiCo,SAP_ERP,2026-02-24 04:09:53,BATCH-20260224-01
SKU-994309,Freshmark Apples,Freshmark,Fresh Food,Produce,1.5,,27.45,Freshmark,SAP_ERP,2026-02-24 04:09:53,BATCH-20260224-01
SKU-441728,Coca-Cola Coca-Cola No Sugar,Coca-Cola,Beverages,Drinks & Beverages,2,,24.98,Coca-Cola Beverages SA,SAP_ERP,2026-02-24 04:09:53,BATCH-20260224-01
SKU-193974,Freshmark Potatoes,Freshmark,Fresh Food,Produce,2,,34.97,Freshmark,SAP_ERP,2026-02-24 04:09:53,BATCH-20260224-01
SKU-180160,Liqui Fruit 100% Fruit Juice,Liqui Fruit,Beverages,Drinks & Beverages,1,,26.3,Pioneer Foods,SAP_ERP,2026-02-24 04:09:53,BATCH-20260224-01
SKU-553784,Clover Low Fat Milk,Clover,Fresh Food,Dairy & Eggs,2,,37.36,Clover SA,SAP_ERP,2026-02-24 04:09:53,BATCH-20260224-01
SKU-182383,Freshmark Potatoes,Freshmark,Fresh Food,Produce,,,39.54,Freshmark,SAP_ERP,2026-02-24 04:09:53,BATCH-20260224-01
SKU-643606,Coca-Cola Coca-Cola No Sugar,Coca-Cola,Beverages,Drinks & Beverages,,,24.9,Coca-Cola Beverages SA,SAP_ERP,2026-02-24 04:09:53,BATCH-20260224-01
SKU-320685,Freshmark Apples,Freshmark,Fresh Food,Produce,1.5,,28.87,Freshmark,SAP_ERP,2026-02-24 04:09:53,BATCH-20260224-01
SKU-285260,Blue Ribbon White Bread,Blue Ribbon,Fresh Food,Bakery,1,,14.97,Premier FMCG,SAP_ERP,2026-02-24 04:09:53,BATCH-20260224-01
SKU-470927,Albany Hot Dog Rolls,Albany,Fresh Food,Bakery,6,,19.43,Tiger Brands,SAP_ERP,2026-02-24 04:09:53,BATCH-20260224-01
SKU-758327,Simba Smoked Beef Chips,Simba,Grocery Essentials,Snacks & Confectionery,120,,18.67,PepsiCo,SAP_ERP,2026-02-24 04:09:53,BATCH-20260224-01
SKU-499354,Albany Brown Bread,Albany,Fresh Food,Bakery,1,,13.81,Tiger Brands,SAP_ERP,2026-02-24 04:09:53,BATCH-20260224-01
SKU-794261,Domestos Thick Bleach,Domestos,Household,Cleaning Supplies,750,,32.92,Unilever,SAP_ERP,2026-02-24 04:09:53,BATCH-20260224-01
SKU-750308,Clover Full Cream Milk,Clover,Fresh Food,Dairy & Eggs,2,,34.84,Clover SA,SAP_ERP,2026-02-24 04:09:53,BATCH-20260224-01
SKU-352958,Parmalat Cheddar Cheese,Parmalat,Fresh Food,Dairy & Eggs,400,,55.2,Parmalat,SAP_ERP,2026-02-24 04:09:53,BATCH-20260224-01
SKU-110462,Albany Hot Dog Rolls,Albany,Fresh Food,Bakery,6,,21.76,Tiger Brands,SAP_ERP,2026-02-24 04:09:53,BATCH-20260224-01
SKU-563243,Liqui Fruit 100% Fruit Juice,Liqui Fruit,Beverages,Drinks & Beverages,1,,22.61,Pioneer Foods,SAP_ERP,2026-02-24 04:09:53,BATCH-20260224-01
SKU-110758,Blue Ribbon White Bread,Blue Ribbon,Fresh Food,Bakery,1,,14.96,Premier FMCG,SAP_ERP,2026-02-24 04:09:53,BATCH-20260224-01
SKU-118997,Sasko Premium White Bread,Sasko,Fresh Food,Bakery,1,,16.69,Pioneer Foods,SAP_ERP,2026-02-24 04:09:53,BATCH-20260224-01
SKU-478720,Rainbow Chicken Chicken Mixed Portions (IQF),Rainbow Chicken,Fresh Food,Meat & Poultry,2,,100.36,RCL Foods,SAP_ERP,2026-02-24 04:09:53,BATCH-20260224-01
SKU-157307,Oros Orange Squash,Oros,Beverages,Drinks & Beverages,2,,40.84,Tiger Brands,SAP_ERP,2026-02-24 04:09:53,BATCH-20260224-01
SKU-394814,Albany White Bread,Albany,Fresh Food,Bakery,1,,14.78,Tiger Brands,SAP_ERP,2026-02-24 04:09:53,BATCH-20260224-01
SKU-589181,Country Fair Chicken Braaipack,Country Fair,Fresh Food,Meat & Poultry,1.5,,75.96,Astral Foods,SAP_ERP,2026-02-24 04:09:53,BATCH-20260224-01
SKU-667953,Ladismith Cheddar Cheese,Ladismith,Fresh Food,Dairy & Eggs,400,,52.99,Woodlands Dairy,SAP_ERP,2026-02-24 04:09:53,BATCH-20260224-01
SKU-733873,Nature's Choice Bananas,Nature's Choice,Fresh Food,Produce,1,,24.21,Freshmark,SAP_ERP,2026-02-24 04:09:53,BATCH-20260224-01
SKU-389368,Simba Smoked Beef Chips,Simba,Grocery Essentials,Snacks & Confectionery,120,,17.89,PepsiCo,SAP_ERP,2026-02-24 04:09:53,BATCH-20260224-01
SKU-930973,Rainbow Chicken Chicken Mixed Portions (IQF),Rainbow Chicken,Fresh Food,Meat & Poultry,2,,101.88,RCL Foods,SAP_ERP,2026-02-24 04:09:53,BATCH-20260224-01
SKU-213833,Doritos Sweet Chilli Pepper Chips,Doritos,Grocery Essentials,Snacks & Confectionery,145,,20.45,PepsiCo,SAP_ERP,2026-02-24 04:09:53,BATCH-20260224-01
SKU-100112,Nulaid Large Eggs,Nulaid,Fresh Food,Dairy & Eggs,18,,49.81,Quantum Foods,SAP_ERP,2026-02-24 04:09:53,BATCH-20260224-01
SKU-388727,Oros Orange Squash,Oros,Beverages,Drinks & Beverages,2,,40.01,Tiger Brands,SAP_ERP,2026-02-24 04:09:53,BATCH-20260224-01
SKU-236995,Handy Andy Ammonia Floor Cleaner,Handy Andy,Household,Cleaning Supplies,750,,27.44,Unilever,SAP_ERP,2026-02-24 04:09:53,BATCH-20260224-01
SKU-421026,Sunlight Dishwashing Liquid,Sunlight,Household,Cleaning Supplies,750,,35.25,Unilever,SAP_ERP,2026-02-24 04:09:53,BATCH-20260224-01
SKU-373851,Lays Lightly Salted Chips,Lays,Grocery Essentials,Snacks & Confectionery,120,,21.69,PepsiCo,SAP_ERP,2026-02-24 04:09:53,BATCH-20260224-01
SKU-111876,Oros Orange Squash,Oros,Beverages,Drinks & Beverages,2,,43.16,Tiger Brands,SAP_ERP,2026-02-24 04:09:53,BATCH-20260224-01
SKU-553087,Beacon Sweets Pack,Beacon,Grocery Essentials,Snacks & Confectionery,100,,17.96,Tiger Brands,SAP_ERP,2026-02-24 04:09:53,BATCH-20260224-01
SKU-455744,Beacon Sweets Pack,Beacon,Grocery Essentials,Snacks & Confectionery,100,,15.51,Tiger Brands,SAP_ERP,2026-02-24 04:09:53,BATCH-20260224-01
SKU-105616,Nature's Choice Bananas,Nature's Choice,Fresh Food,Produce,1,,23.22,Freshmark,SAP_ERP,2026-02-24 04:09:53,BATCH-20260224-01
SKU-594966,Handy Andy Ammonia Floor Cleaner,Handy Andy,Household,Cleaning Supplies,,,27.12,Unilever,SAP_ERP,2026-02-24 04:09:53,BATCH-20260224-01
SKU-288838,Parmalat Cheddar Cheese,Parmalat,Fresh Food,Dairy & Eggs,400,,56.98,Parmalat,SAP_ERP,2026-02-24 04:09:53,BATCH-20260224-01
SKU-744727,Albany White Bread,Albany,Fresh Food,Bakery,1,,17.36,Tiger Brands,SAP_ERP,2026-02-24 04:09:53,BATCH-20260224-01
SKU-982260,Albany Brown Bread,Albany,Fresh Food,Bakery,1,,15.57,Tiger Brands,SAP_ERP,2026-02-24 04:09:53,BATCH-20260224-01
SKU-661227,Rainbow Chicken Chicken Mixed Portions (IQF),Rainbow Chicken,Fresh Food,Meat & Poultry,2,,96.06,RCL Foods,SAP_ERP,2026-02-24 04:09:53,BATCH-20260224-01
SKU-484190,Blue Ribbon White Bread,Blue Ribbon,Fresh Food,Bakery,1,,15.38,Premier FMCG,SAP_ERP,2026-02-24 04:09:53,BATCH-20260224-01
SKU-755560,Farmbest Pork Chops,Farmbest,Fresh Food,Meat & Poultry,1,,96.24,Farmbest,SAP_ERP,2026-02-24 04:09:53,BATCH-20260224-01
SKU-425113,Simba Cheese & Onion Chips,Simba,Grocery Essentials,Snacks & Confectionery,120,,17.72,PepsiCo,SAP_ERP,2026-02-24 04:09:53,BATCH-20260224-01
SKU-600289,Albany Brown Bread,Albany,Fresh Food,Bakery,1,,16.7,Tiger Brands,SAP_ERP,2026-02-24 04:09:53,BATCH-20260224-01
SKU-501157,Sunbake Brown Bread,Sunbake,Fresh Food,Bakery,1,,14.89,RCL Foods,SAP_ERP,2026-02-24 04:09:53,BATCH-20260224-01
SKU-314690,Cadbury Dairy Milk Chocolate Slab,Cadbury,Grocery Essentials,Snacks & Confectionery,150,,29.67,Mondelez,SAP_ERP,2026-02-24 04:09:53,BATCH-20260224-01
SKU-196583,NikNaks Cheese Snacks,NikNaks,Grocery Essentials,Snacks & Confectionery,135,,17.56,PepsiCo,SAP_ERP,2026-02-24 04:09:53,BATCH-20260224-01
SKU-803883,Ladismith Cheddar Cheese,Ladismith,Fresh Food,Dairy & Eggs,400,,56.2,Woodlands Dairy,SAP_ERP,2026-02-24 04:09:53,BATCH-20260224-01
SKU-196928,Country Fair Chicken Braaipack,Country Fair,Fresh Food,Meat & Poultry,1.5,,92.57,Astral Foods,SAP_ERP,2026-02-24 04:09:53,BATCH-20260224-01
SKU-597350,Freshmark Apples,Freshmark,Fresh Food,Produce,1.5,,26.04,Freshmark,SAP_ERP,2026-02-24 04:09:53,BATCH-20260224-01
SKU-109923,Domestos Thick Bleach,Domestos,Household,Cleaning Supplies,750,,32.89,Unilever,SAP_ERP,2026-02-24 04:09:53,BATCH-20260224-01
SKU-157971,Rainbow Chicken Chicken Mixed Portions (IQF),Rainbow Chicken,Fresh Food,Meat & Poultry,2,,92.37,RCL Foods,SAP_ERP,2026-02-24 04:09:53,BATCH-20260224-01
SKU-721941,Crystal Valley Plain Yoghurt,Crystal Valley,Fresh Food,Dairy & Eggs,1,,29.9,Lancewood,SAP_ERP,2026-02-24 04:09:53,BATCH-20260224-01
SKU-793078,Albany White Bread,Albany,Fresh Food,Bakery,1,,15.71,Tiger Brands,SAP_ERP,2026-02-24 04:09:53,BATCH-20260224-01
SKU-415136,Rainbow Chicken Fresh Whole Chicken,Rainbow Chicken,Fresh Food,Meat & Poultry,1.5,,74.3,RCL Foods,SAP_ERP,2026-02-24 04:09:53,BATCH-20260224-01
SKU-145177,Beacon Sweets Pack,Beacon,Grocery Essentials,Snacks & Confectionery,100,,19.99,Tiger Brands,SAP_ERP,2026-02-24 04:09:53,BATCH-20260224-01
SKU-429423,Simba Cheese & Onion Chips,Simba,Grocery Essentials,Snacks & Confectionery,120,,17.34,PepsiCo,SAP_ERP,2026-02-24 04:09:53,BATCH-20260224-01
SKU-218029,Freshmark Apples,Freshmark,Fresh Food,Produce,1.5,,25.66,Freshmark,SAP_ERP,2026-02-24 04:09:53,BATCH-20260224-01
SKU-218029,Freshmark Apples,Freshmark,Fresh Food,Produce,1.5,,25.66,Freshmark,SAP_ERP,2026-02-24 04:09:54,BATCH-20260224-01
SKU-408045,Cadbury Dairy Milk Chocolate Slab,Cadbury,Grocery Essentials,Snacks & Confectionery,150,,30.06,Mondelez,SAP_ERP,2026-02-24 04:09:53,BATCH-20260224-01
SKU-304265,NikNaks Cheese Snacks,NikNaks,Grocery Essentials,Snacks & Confectionery,135,,15.37,PepsiCo,SAP_ERP,2026-02-24 04:09:53,BATCH-20260224-01
SKU-461626,Simba Smoked Beef Chips,Simba,Grocery Essentials,Snacks & Confectionery,120,,18.66,PepsiCo,SAP_ERP,2026-02-24 04:09:53,BATCH-20260224-01
SKU-711668,Doritos Sweet Chilli Pepper Chips,Doritos,Grocery Essentials,Snacks & Confectionery,145,,19.11,PepsiCo,SAP_ERP,2026-02-24 04:09:53,BATCH-20260224-01
SKU-837634,Liqui Fruit 100% Fruit Juice,Liqui Fruit,Beverages,Drinks & Beverages,1,,27.15,Pioneer Foods,SAP_ERP,2026-02-24 04:09:53,BATCH-20260224-01
SKU-772476,Albany Hot Dog Rolls,Albany,Fresh Food,Bakery,6,,20.44,Tiger Brands,SAP_ERP,2026-02-24 04:09:53,BATCH-20260224-01
SKU-198943,Freshmark Potatoes,Freshmark,Fresh Food,Produce,2,,32.44,Freshmark,SAP_ERP,2026-02-24 04:09:53,BATCH-20260224-01
SKU-161264,Clover Full Cream Milk,Clover,Fresh Food,Dairy & Eggs,2,,36.17,Clover SA,SAP_ERP,2026-02-24 04:09:53,BATCH-20260224-01
SKU-622759,Rainbow Chicken Fresh Whole Chicken,Rainbow Chicken,Fresh Food,Meat & Poultry,1.5,,75.36,RCL Foods,SAP_ERP,2026-02-24 04:09:53,BATCH-20260224-01
SKU-820534,Oros Orange Squash,Oros,Beverages,Drinks & Beverages,2,,38.16,Tiger Brands,SAP_ERP,2026-02-24 04:09:53,BATCH-20260224-01
SKU-690108,Simba Smoked Beef Chips,Simba,Grocery Essentials,Snacks & Confectionery,120,,17.49,PepsiCo,SAP_ERP,2026-02-24 04:09:53,BATCH-20260224-01
SKU-878380,Nulaid Large Eggs,Nulaid,Fresh Food,Dairy & Eggs,18,,45.6,Quantum Foods,SAP_ERP,2026-02-24 04:09:53,BATCH-20260224-01
SKU-638613,Omo Auto Washing Powder,Omo,Household,Cleaning Supplies,2,,99.62,Unilever,SAP_ERP,2026-02-24 04:09:53,BATCH-20260224-01
SKU-139636,Domestos Thick Bleach,Domestos,Household,Cleaning Supplies,750,,33.45,Unilever,SAP_ERP,2026-02-24 04:09:53,BATCH-20260224-01
SKU-135854,Sunbake Brown Bread,Sunbake,Fresh Food,Bakery,1,,14.36,RCL Foods,SAP_ERP,2026-02-24 04:09:53,BATCH-20260224-01
SKU-370521,Sasko Premium White Bread,Sasko,Fresh Food,Bakery,1,,16.45,Pioneer Foods,SAP_ERP,2026-02-24 04:09:53,BATCH-20260224-01
SKU-866017,Cadbury Dairy Milk Chocolate Slab,Cadbury,Grocery Essentials,Snacks & Confectionery,150,,28.1,Mondelez,SAP_ERP,2026-02-24 04:09:53,BATCH-20260224-01
SKU-972816,Country Fair Chicken Braaipack,Country Fair,Fresh Food,Meat & Poultry,1.5,,80.31,Astral Foods,SAP_ERP,2026-02-24 04:09:53,BATCH-20260224-01
SKU-972816,Country Fair Chicken Braaipack,Country Fair,Fresh Food,Meat & Poultry,1.5,,80.31,Astral Foods,SAP_ERP,2026-02-24 04:09:54,BATCH-20260224-01
SKU-514956,Liqui Fruit 100% Fruit Juice,Liqui Fruit,Beverages,Drinks & Beverages,1,,24.78,Pioneer Foods,SAP_ERP,2026-02-24 04:09:53,BATCH-20260224-01
SKU-443717,Blue Ribbon White Bread,Blue Ribbon,Fresh Food,Bakery,1,,16.43,Premier FMCG,SAP_ERP,2026-02-24 04:09:53,BATCH-20260224-01
SKU-636776,Omo Auto Washing Powder,Omo,Household,Cleaning Supplies,2,,90.03,Unilever,SAP_ERP,2026-02-24 04:09:53,BATCH-20260224-01
SKU-371199,Nature's Choice Bananas,Nature's Choice,Fresh Food,Produce,1,,21.79,Freshmark,SAP_ERP,2026-02-24 04:09:53,BATCH-20260224-01
SKU-631344,Handy Andy Ammonia Floor Cleaner,Handy Andy,Household,Cleaning Supplies,750,,27.44,Unilever,SAP_ERP,2026-02-24 04:09:53,BATCH-20260224-01
SKU-330407,Freshmark Apples,Freshmark,Fresh Food,Produce,1.5,,24.08,Freshmark,SAP_ERP,2026-02-24 04:09:53,BATCH-20260224-01
SKU-725417,Liqui Fruit 100% Fruit Juice,Liqui Fruit,Beverages,Drinks & Beverages,1,,23.32,Pioneer Foods,SAP_ERP,2026-02-24 04:09:53,BATCH-20260224-01
SKU-442974,Nulaid Extra Large Eggs,Nulaid,Fresh Food,Dairy & Eggs,30,,84.76,Quantum Foods,SAP_ERP,2026-02-24 04:09:53,BATCH-20260224-01
SKU-527590,Rainbow Chicken Chicken Mixed Portions (IQF),Rainbow Chicken,Fresh Food,Meat & Poultry,2,,93.21,RCL Foods,SAP_ERP,2026-02-24 04:09:53,BATCH-20260224-01
SKU-546102,Simba Smoked Beef Chips,Simba,Grocery Essentials,Snacks & Confectionery,120,,18.93,PepsiCo,SAP_ERP,2026-02-24 04:09:53,BATCH-20260224-01
SKU-596918,Beacon Sweets Pack,Beacon,Grocery Essentials,Snacks & Confectionery,100,,16.96,Tiger Brands,SAP_ERP,2026-02-24 04:09:53,BATCH-20260224-01
SKU-956404,Simba Smoked Beef Chips,Simba,Grocery Essentials,Snacks & Confectionery,120,,19.47,PepsiCo,SAP_ERP,2026-02-24 04:09:53,BATCH-20260224-01
SKU-878624,Championship Boerewors Thick Boerewors,Championship Boerewors,Fresh Food,Meat & Poultry,1,,93.18,Shoprite Private Label,SAP_ERP,2026-02-24 04:09:53,BATCH-20260224-01
SKU-169372,Danone NutriDay Plain Yoghurt,Danone,Fresh Food,Dairy & Eggs,1,,35.12,Danone,SAP_ERP,2026-02-24 04:09:53,BATCH-20260224-01
SKU-411447,Championship Boerewors Thick Boerewors,Championship Boerewors,Fresh Food,Meat & Poultry,1,,93.88,Shoprite Private Label,SAP_ERP,2026-02-24 04:09:53,BATCH-20260224-01
SKU-881845,Sunlight Dishwashing Liquid,Sunlight,Household,Cleaning Supplies,750,,30.97,Unilever,SAP_ERP,2026-02-24 04:09:53,BATCH-20260224-01
SKU-649891,Albany Brown Bread,Albany,Fresh Food,Bakery,1,,14.13,Tiger Brands,SAP_ERP,2026-02-24 04:09:53,BATCH-20260224-01
SKU-737203,Coca-Cola Coca-Cola Original,Coca-Cola,Beverages,Drinks & Beverages,2,,24.47,Coca-Cola Beverages SA,SAP_ERP,2026-02-24 04:09:53,BATCH-20260224-01
SKU-872883,ZZ2 Tomatoes,ZZ2,Fresh Food,Produce,1,,21.0,ZZ2,SAP_ERP,2026-02-24 04:09:53,BATCH-20260224-01
SKU-709109,Rainbow Chicken Fresh Whole Chicken,Rainbow Chicken,Fresh Food,Meat & Poultry,1.5,,80.84,RCL Foods,SAP_ERP,2026-02-24 04:09:53,BATCH-20260224-01
SKU-505239,Liqui Fruit 100% Fruit Juice,Liqui Fruit,Beverages,Drinks & Beverages,1,,27.23,Pioneer Foods,SAP_ERP,2026-02-24 04:09:53,BATCH-20260224-01
SKU-823443,Domestos Thick Bleach,Domestos,Household,Cleaning Supplies,750,,34.6,Unilever,SAP_ERP,2026-02-24 04:09:53,BATCH-20260224-01
SKU-260313,Doritos Sweet Chilli Pepper Chips,Doritos,Grocery Essentials,Snacks & Confectionery,145,,22.13,PepsiCo,SAP_ERP,2026-02-24 04:09:53,BATCH-20260224-01
SKU-738062,Cadbury Dairy Milk Chocolate Slab,Cadbury,Grocery Essentials,Snacks & Confectionery,150,,30.86,Mondelez,SAP_ERP,2026-02-24 04:09:53,BATCH-20260224-01
SKU-690155,Coca-Cola Coca-Cola No Sugar,Coca-Cola,Beverages,Drinks & Beverages,2,,21.39,Coca-Cola Beverages SA,SAP_ERP,2026-02-24 04:09:53,BATCH-20260224-01
SKU-321518,Ladismith Cheddar Cheese,Ladismith,Fresh Food,Dairy & Eggs,400,,51.63,Woodlands Dairy,SAP_ERP,2026-02-24 04:09:53,BATCH-20260224-01
SKU-473211,Doritos Sweet Chilli Pepper Chips,Doritos,Grocery Essentials,Snacks & Confectionery,145,,20.64,PepsiCo,SAP_ERP,2026-02-24 04:09:53,BATCH-20260224-01
SKU-242841,Sunlight Dishwashing Liquid,Sunlight,Household,Cleaning Supplies,750,,30.24,Unilever,SAP_ERP,2026-02-24 04:09:53,BATCH-20260224-01
SKU-308598,Cadbury Dairy Milk Chocolate Slab,Cadbury,Grocery Essentials,Snacks & Confectionery,150,,29.75,Mondelez,SAP_ERP,2026-02-24 04:09:53,BATCH-20260224-01
SKU-323482,Doritos Sweet Chilli Pepper Chips,Doritos,Grocery Essentials,Snacks & Confectionery,145,,21.03,PepsiCo,SAP_ERP,2026-02-24 04:09:53,BATCH-20260224-01
SKU-323482,Doritos Sweet Chilli Pepper Chips,Doritos,Grocery Essentials,Snacks & Confectionery,145,,21.03,PepsiCo,SAP_ERP,2026-02-24 04:09:53,BATCH-20260224-01
SKU-922561,Cappy Orange Juice Blend,Cappy,Beverages,Drinks & Beverages,1.5,,26.99,Coca-Cola Beverages SA,SAP_ERP,2026-02-24 04:09:53,BATCH-20260224-01
SKU-341562,Rainbow Chicken Chicken Mixed Portions (IQF),Rainbow Chicken,Fresh Food,Meat & Poultry,2,,,RCL Foods,SAP_ERP,2026-02-24 04:09:53,BATCH-20260224-01
SKU-692123,Nature's Choice Bananas,Nature's Choice,Fresh Food,Produce,1,,19.16,Freshmark,SAP_ERP,2026-02-24 04:09:53,BATCH-20260224-01
SKU-470404,Simba Smoked Beef Chips,Simba,Grocery Essentials,Snacks & Confectionery,120,,18.77,PepsiCo,SAP_ERP,2026-02-24 04:09:53,BATCH-20260224-01
SKU-811619,Nulaid Extra Large Eggs,Nulaid,Fresh Food,Dairy & Eggs,30,,84.26,Quantum Foods,SAP_ERP,2026-02-24 04:09:53,BATCH-20260224-01
SKU-884189,Beacon Sweets Pack,,Grocery Essentials,Snacks & Confectionery,100,,16.87,Tiger Brands,SAP_ERP,2026-02-24 04:09:53,BATCH-20260224-01
SKU-749744,Clover Low Fat Milk,Clover,Fresh Food,Dairy & Eggs,2,,35.74,Clover SA,SAP_ERP,2026-02-24 04:09:53,BATCH-20260224-01
SKU-719366,Omo Auto Washing Powder,Omo,Household,Cleaning Supplies,2,,104.52,Unilever,SAP_ERP,2026-02-24 04:09:53,BATCH-20260224-01
SKU-128516,Danone NutriDay Plain Yoghurt,Danone,Fresh Food,Dairy & Eggs,1,,37.72,Danone,SAP_ERP,2026-02-24 04:09:53,BATCH-20260224-01
SKU-642770,Sasko Premium White Bread,Sasko,Fresh Food,Bakery,1,,16.23,Pioneer Foods,SAP_ERP,2026-02-24 04:09:53,BATCH-20260224-01
SKU-548109,Crystal Valley Plain Yoghurt,Crystal Valley,Fresh Food,Dairy & Eggs,1,,35.03,Lancewood,SAP_ERP,2026-02-24 04:09:53,BATCH-20260224-01
SKU-735135,ZZ2 Tomatoes,ZZ2,Fresh Food,Produce,1,,27.23,ZZ2,SAP_ERP,2026-02-24 04:09:53,BATCH-20260224-01
SKU-143083,Rainbow Chicken Fresh Whole Chicken,Rainbow Chicken,Fresh Food,Meat & Poultry,1.5,,80.44,RCL Foods,SAP_ERP,2026-02-24 04:09:53,BATCH-20260224-01
